static const unsigned char bootanimation[] = {
  0x00, 0x00, 0x00, 0x00, 0x00, 0x00, 0x00, 0x00, 0x00, 0x00, 0x00, 0x00,
  0x00, 0x00, 0x00, 0x00, 0x00, 0x00, 0x00, 0x00, 0x00, 0x00, 0x00, 0x00,
  0x00, 0x00, 0x00, 0x00, 0x00, 0x00, 0x00, 0x00, 0x00, 0x00, 0x00, 0x00,
  0x00, 0x00, 0x00, 0x00, 0x00, 0x00, 0x00, 0x00, 0x00, 0x00, 0x00, 0x00,
  0x00, 0x00, 0x00, 0x00, 0x00, 0x00, 0x00, 0x00, 0x00, 0x00, 0x00, 0x00,
  0x00, 0x00, 0x00, 0x00, 0x00, 0x00, 0x00, 0x00, 0x00, 0x00, 0x00, 0x00,
  0x00, 0x00, 0x00, 0x00, 0x00, 0x00, 0x00, 0x00, 0x00, 0x00, 0x00, 0x00,
  0x00, 0x00, 0x00, 0x00, 0x00, 0x00, 0x00, 0x00, 0x00, 0x00, 0x00, 0x00,
  0x00, 0x00, 0x00, 0x00, 0x00, 0x00, 0x00, 0x00, 0x00, 0x00, 0x00, 0x00,
  0x00, 0x00, 0x00, 0x00, 0x00, 0x00, 0x00, 0x00, 0x00, 0x00, 0x00, 0x00,
  0x00, 0x00, 0x00, 0x00, 0x00, 0x00, 0x00, 0x00, 0x00, 0x00, 0x00, 0x00,
  0x00, 0x00, 0x00, 0x00, 0x00, 0x00, 0x00, 0x00, 0x00, 0x00, 0x00, 0x00,
  0x00, 0x00, 0x00, 0x00, 0x00, 0x00, 0x00, 0x00, 0x00, 0x00, 0x00, 0x00,
  0x00, 0x00, 0x00, 0x00, 0x00, 0x00, 0x00, 0x00, 0x00, 0x00, 0x00, 0x00,
  0x00, 0x00, 0x00, 0x00, 0x00, 0x00, 0x00, 0x00, 0x00, 0x00, 0x00, 0x00,
  0x00, 0x00, 0x00, 0x00, 0x00, 0x00, 0x00, 0x00, 0x00, 0x00, 0x00, 0x00,
  0x00, 0x00, 0x00, 0x00, 0x00, 0x00, 0x00, 0x00, 0x00, 0x00, 0x00, 0x00,
  0x00, 0x00, 0x00, 0x00, 0x00, 0x00, 0x00, 0x00, 0x00, 0x00, 0x00, 0x00,
  0x00, 0x00, 0x00, 0x00, 0x00, 0x00, 0x00, 0x00, 0x00, 0x00, 0x00, 0x00,
  0x00, 0x00, 0x00, 0x00, 0x00, 0x00, 0x00, 0x00, 0x00, 0x00, 0x00, 0x00,
  0x00, 0x00, 0x00, 0x00, 0x00, 0x00, 0x00, 0x00, 0x00, 0x00, 0x00, 0x00,
  0x00, 0x00, 0x00, 0x00, 0x00, 0x00, 0x00, 0x00, 0x00, 0x00, 0x00, 0x00,
  0x00, 0x00, 0x00, 0x00, 0x00, 0x00, 0x00, 0x00, 0x00, 0x00, 0x00, 0x00,
  0x00, 0x00, 0x00, 0x00, 0x00, 0x00, 0x00, 0x00, 0x00, 0x00, 0x00, 0x00,
  0x00, 0x00, 0x00, 0x00, 0x00, 0x00, 0x00, 0x00, 0x00, 0x00, 0x00, 0x00,
  0x00, 0x00, 0x00, 0x00, 0x00, 0x00, 0x00, 0x00, 0x00, 0x00, 0x00, 0x00,
  0x00, 0x00, 0x00, 0x00, 0x00, 0x00, 0x00, 0x00, 0x00, 0x00, 0x00, 0x00,
  0x00, 0x00, 0x00, 0x00, 0x00, 0x00, 0x00, 0x00, 0x00, 0x00, 0x00, 0x00,
  0x00, 0x00, 0x00, 0x00, 0x00, 0x00, 0x00, 0x00, 0x00, 0x00, 0x00, 0x00,
  0x00, 0x00, 0x00, 0x00, 0x00, 0x00, 0x00, 0x00, 0x00, 0x00, 0x00, 0x00,
  0x00, 0x00, 0x00, 0x00, 0x00, 0x00, 0x00, 0x00, 0x00, 0x00, 0x00, 0x00,
  0x00, 0x00, 0x00, 0x00, 0x00, 0x00, 0x00, 0x00, 0x00, 0x00, 0x00, 0x00,
  0x00, 0x00, 0x00, 0x00, 0x00, 0x00, 0x00, 0x00, 0x00, 0x00, 0x00, 0x00,
  0x00, 0x00, 0x00, 0x00, 0x00, 0x00, 0x00, 0x00, 0x00, 0x00, 0x00, 0x00,
  0x00, 0x00, 0x00, 0x00, 0x00, 0x00, 0x00, 0x00, 0x00, 0x00, 0x00, 0x00,
  0x00, 0x00, 0x00, 0x00, 0x00, 0x00, 0x00, 0x00, 0x00, 0x00, 0x00, 0x00,
  0x00, 0x00, 0x00, 0x00, 0x00, 0x00, 0x00, 0x00, 0x00, 0x00, 0x00, 0x00,
  0x00, 0x00, 0x00, 0x00, 0x00, 0x00, 0x00, 0x00, 0x00, 0x00, 0x00, 0x00,
  0x00, 0x00, 0x00, 0x00, 0x00, 0x00, 0x00, 0x00, 0x00, 0x00, 0x00, 0x00,
  0x00, 0x00, 0x00, 0x00, 0x00, 0x00, 0x00, 0x00, 0x00, 0x00, 0x00, 0x00,
  0x00, 0x00, 0x00, 0x00, 0x00, 0x00, 0x00, 0x00, 0x00, 0x00, 0x00, 0x00,
  0x00, 0x00, 0x00, 0x00, 0x00, 0x00, 0x00, 0x00, 0x00, 0x00, 0x00, 0x00,
  0x00, 0x00, 0x00, 0x00, 0x00, 0x00, 0x00, 0x00, 0x00, 0x00, 0x00, 0x00,
  0x00, 0x00, 0x00, 0x00, 0x00, 0x00, 0x00, 0x00, 0x00, 0x00, 0x00, 0x00,
  0x00, 0x00, 0x00, 0x00, 0x00, 0x00, 0x00, 0x00, 0x00, 0x00, 0x00, 0x00,
  0x00, 0x00, 0x00, 0x00, 0x00, 0x00, 0x00, 0x00, 0x00, 0x00, 0x00, 0x00,
  0x00, 0x00, 0x00, 0x00, 0x00, 0x00, 0x00, 0x00, 0x00, 0x00, 0x00, 0x00,
  0x00, 0x00, 0x00, 0x00, 0x00, 0x00, 0x00, 0x00, 0x00, 0x00, 0x00, 0x00,
  0x00, 0x00, 0x00, 0x00, 0x00, 0x00, 0x00, 0x00, 0x00, 0x00, 0x00, 0x00,
  0x00, 0x00, 0x00, 0x00, 0x00, 0x00, 0x00, 0x00, 0x00, 0x00, 0x00, 0x00,
  0x00, 0x00, 0x00, 0x00, 0x00, 0x00, 0x00, 0x00, 0x00, 0x00, 0x00, 0x00,
  0x00, 0x00, 0x00, 0x00, 0x00, 0x00, 0x00, 0x00, 0x00, 0x00, 0x00, 0x00,
  0x00, 0x00, 0x00, 0x00, 0x00, 0x00, 0x00, 0x00, 0x00, 0x00, 0x00, 0x00,
  0x00, 0x00, 0x00, 0x00, 0x00, 0x00, 0x00, 0x00, 0x00, 0x00, 0x00, 0x00,
  0x00, 0x00, 0x00, 0x00, 0x00, 0x00, 0x00, 0x00, 0x00, 0x00, 0x00, 0x00,
  0x00, 0x00, 0x00, 0x00, 0x00, 0x00, 0x00, 0x00, 0x00, 0x00, 0x00, 0x00,
  0x00, 0x00, 0x00, 0x00, 0x00, 0x00, 0x00, 0x00, 0x00, 0x00, 0x00, 0x00,
  0x00, 0x00, 0x00, 0x00, 0x00, 0x00, 0x00, 0x00, 0x00, 0x00, 0x00, 0x00,
  0x00, 0x00, 0x00, 0x00, 0x00, 0x00, 0x00, 0x00, 0x00, 0x00, 0x00, 0x00,
  0x00, 0x00, 0x00, 0x00, 0x00, 0x00, 0x00, 0x00, 0x00, 0x00, 0x00, 0x00,
  0x00, 0x00, 0x00, 0x00, 0x00, 0x00, 0x00, 0x00, 0x00, 0x00, 0x00, 0x00,
  0x00, 0x00, 0x00, 0x00, 0x00, 0x00, 0x00, 0x00, 0x00, 0x00, 0x00, 0x00,
  0x00, 0x00, 0x00, 0x00, 0x00, 0x00, 0x03, 0x00, 0x00, 0x00, 0x00, 0x00,
  0x00, 0x00, 0x00, 0x00, 0x00, 0x00, 0x00, 0x00, 0x00, 0x00, 0x00, 0x00,
  0x00, 0x00, 0x00, 0x00, 0x00, 0x00, 0x00, 0x00, 0x00, 0x00, 0x00, 0x00,
  0x00, 0x00, 0x00, 0x00, 0x00, 0x00, 0x00, 0x00, 0x00, 0x00, 0x00, 0x00,
  0x00, 0x00, 0x00, 0x00, 0x00, 0x00, 0x00, 0x00, 0x00, 0x00, 0x00, 0x00,
  0x00, 0x00, 0x00, 0x00, 0x00, 0x00, 0x00, 0x00, 0x00, 0x00, 0x00, 0x00,
  0x00, 0x00, 0x00, 0x00, 0x00, 0x00, 0x00, 0x00, 0x00, 0x00, 0x00, 0x00,
  0x00, 0x00, 0x00, 0x00, 0x00, 0x00, 0x00, 0x00, 0x00, 0x00, 0x00, 0x00,
  0x00, 0x00, 0x00, 0x00, 0x00, 0x00, 0x00, 0x00, 0x00, 0x00, 0x00, 0x00,
  0x00, 0x00, 0x07, 0x00, 0x00, 0x00, 0x00, 0x00, 0x00, 0x00, 0x00, 0x00,
  0x00, 0x00, 0x00, 0x00, 0x00, 0x00, 0x00, 0x00, 0x00, 0x00, 0x00, 0x00,
  0x00, 0x00, 0x00, 0x00, 0x00, 0x00, 0x00, 0x00, 0x00, 0x00, 0x00, 0x00,
  0x00, 0x00, 0x00, 0x00, 0x00, 0x00, 0x00, 0x00, 0x00, 0x00, 0x00, 0x00,
  0x00, 0x00, 0x00, 0x00, 0x00, 0x00, 0x00, 0x00, 0x00, 0x00, 0x00, 0x00,
  0x00, 0x00, 0x00, 0x00, 0x00, 0x00, 0x00, 0x00, 0x00, 0x00, 0x00, 0x00,
  0x00, 0x00, 0x00, 0x00, 0x00, 0x00, 0x00, 0x00, 0x00, 0x00, 0x00, 0x00,
  0x00, 0x00, 0x00, 0x00, 0x00, 0x00, 0x00, 0x00, 0x00, 0x00, 0x00, 0x00,
  0x00, 0x00, 0x00, 0x00, 0x00, 0x00, 0x00, 0x00, 0x00, 0x00, 0x0b, 0x00,
  0x00, 0x00, 0x00, 0x00, 0x00, 0x00, 0x00, 0x00, 0x00, 0x00, 0x00, 0x00,
  0x00, 0x00, 0x00, 0x00, 0x00, 0x00, 0x00, 0x00, 0x00, 0x00, 0x00, 0x00,
  0x00, 0x00, 0x00, 0x00, 0x00, 0x00, 0x00, 0x00, 0x00, 0x00, 0x00, 0x00,
  0x00, 0x00, 0x00, 0x00, 0x00, 0x00, 0x00, 0x00, 0x00, 0x00, 0x00, 0x00,
  0x00, 0x00, 0x00, 0x00, 0x00, 0x00, 0x00, 0x00, 0x00, 0x00, 0x00, 0x00,
  0x00, 0x00, 0x00, 0x00, 0x00, 0x00, 0x00, 0x00, 0x00, 0x00, 0x00, 0x00,
  0x00, 0x00, 0x00, 0x00, 0x00, 0x00, 0x00, 0x00, 0x00, 0x00, 0x00, 0x00,
  0x00, 0x00, 0x00, 0x00, 0x00, 0x00, 0x00, 0x00, 0x00, 0x00, 0x00, 0x00,
  0x00, 0x00, 0x00, 0x00, 0x00, 0x00, 0x0f, 0x00, 0x00, 0x00, 0x00, 0x00,
  0x00, 0x00, 0x00, 0x00, 0x00, 0x00, 0x00, 0x00, 0x00, 0x00, 0x00, 0x00,
  0x00, 0x00, 0x00, 0x00, 0x00, 0x00, 0x00, 0x00, 0x00, 0x00, 0x00, 0x00,
  0x00, 0x00, 0x00, 0x00, 0x00, 0x00, 0x00, 0x00, 0x00, 0x00, 0x00, 0x00,
  0x00, 0x00, 0x00, 0x00, 0x00, 0x00, 0x00, 0x00, 0x00, 0x00, 0x00, 0x00,
  0x00, 0x00, 0x00, 0x00, 0x00, 0x00, 0x00, 0x00, 0x00, 0x00, 0x00, 0x00,
  0x00, 0x00, 0x00, 0x00, 0x00, 0x00, 0x00, 0x00, 0x00, 0x00, 0x00, 0x00,
  0x00, 0x00, 0x00, 0x00, 0x00, 0x00, 0x00, 0x00, 0x00, 0x00, 0x00, 0x00,
  0x00, 0x00, 0x00, 0x00, 0x00, 0x00, 0x00, 0x00, 0x00, 0x00, 0x00, 0x00,
  0x00, 0x00, 0x12, 0x00, 0x00, 0x00, 0x00, 0x00, 0x00, 0x00, 0x00, 0x00,
  0x00, 0x00, 0x00, 0x00, 0x00, 0x00, 0x00, 0x00, 0x00, 0x00, 0x00, 0x00,
  0x00, 0x00, 0x00, 0x00, 0x00, 0x00, 0x00, 0x00, 0x00, 0x00, 0x00, 0x00,
  0x00, 0x00, 0x00, 0x00, 0x00, 0x00, 0x00, 0x00, 0x00, 0x00, 0x00, 0x00,
  0x00, 0x00, 0x00, 0x00, 0x00, 0x00, 0x00, 0x00, 0x00, 0x00, 0x00, 0x00,
  0x00, 0x00, 0x00, 0x00, 0x00, 0x00, 0x00, 0x00, 0x00, 0x00, 0x00, 0x00,
  0x00, 0x00, 0x00, 0x00, 0x00, 0x00, 0x00, 0x00, 0x00, 0x00, 0x00, 0x00,
  0x00, 0x00, 0x00, 0x00, 0x00, 0x00, 0x00, 0x00, 0x00, 0x00, 0x00, 0x00,
  0x00, 0x00, 0x00, 0x00, 0x00, 0x00, 0x00, 0x00, 0x00, 0x00, 0x15, 0x00,
  0x00, 0x00, 0x00, 0x00, 0x00, 0x00, 0x00, 0x00, 0x00, 0x00, 0x00, 0x00,
  0x00, 0x00, 0x00, 0x00, 0x00, 0x00, 0x00, 0x00, 0x00, 0x00, 0x00, 0x00,
  0x00, 0x00, 0x00, 0x00, 0x00, 0x00, 0x00, 0x00, 0x00, 0x00, 0x00, 0x00,
  0x00, 0x00, 0x00, 0x00, 0x00, 0x00, 0x00, 0x00, 0x00, 0x00, 0x00, 0x00,
  0x00, 0x00, 0x00, 0x00, 0x00, 0x00, 0x00, 0x00, 0x00, 0x00, 0x00, 0x00,
  0x00, 0x00, 0x00, 0x00, 0x00, 0x00, 0x00, 0x00, 0x00, 0x00, 0x00, 0x00,
  0x00, 0x00, 0x00, 0x00, 0x00, 0x00, 0x00, 0x00, 0x00, 0x00, 0x00, 0x00,
  0x00, 0x00, 0x00, 0x00, 0x00, 0x00, 0x00, 0x00, 0x00, 0x00, 0x00, 0x00,
  0x00, 0x00, 0x00, 0x00, 0x00, 0x00, 0x16, 0x00, 0x00, 0x00, 0x00, 0x00,
  0x00, 0x00, 0x00, 0x00, 0x00, 0x00, 0x00, 0x00, 0x00, 0x00, 0x00, 0x00,
  0x00, 0x00, 0x00, 0x00, 0x00, 0x00, 0x00, 0x00, 0x00, 0x00, 0x00, 0x00,
  0x00, 0x00, 0x00, 0x00, 0x00, 0x00, 0x00, 0x00, 0x00, 0x00, 0x00, 0x00,
  0x00, 0x00, 0x00, 0x00, 0x00, 0x00, 0x00, 0x00, 0x00, 0x00, 0x00, 0x00,
  0x00, 0x00, 0x00, 0x00, 0x00, 0x00, 0x00, 0x00, 0x00, 0x00, 0x00, 0x00,
  0x00, 0x00, 0x00, 0x00, 0x00, 0x00, 0x00, 0x00, 0x00, 0x00, 0x00, 0x00,
  0x00, 0x00, 0x00, 0x00, 0x00, 0x00, 0x00, 0x00, 0x00, 0x00, 0x00, 0x00,
  0x00, 0x00, 0x00, 0x00, 0x00, 0x00, 0x00, 0x00, 0x00, 0x00, 0x00, 0x00,
  0x00, 0x07, 0x16, 0x00, 0x00, 0x00, 0x00, 0x00, 0x00, 0x00, 0x00, 0x00,
  0x00, 0x00, 0x00, 0x00, 0x00, 0x00, 0x00, 0x00, 0x00, 0x00, 0x00, 0x00,
  0x00, 0x00, 0x00, 0x00, 0x00, 0x00, 0x00, 0x00, 0x00, 0x00, 0x00, 0x00,
  0x00, 0x00, 0x00, 0x00, 0x00, 0x00, 0x00, 0x00, 0x00, 0x00, 0x00, 0x00,
  0x00, 0x00, 0x00, 0x00, 0x00, 0x00, 0x00, 0x00, 0x00, 0x00, 0x00, 0x00,
  0x00, 0x00, 0x00, 0x00, 0x00, 0x00, 0x00, 0x00, 0x00, 0x00, 0x00, 0x00,
  0x00, 0x00, 0x00, 0x00, 0x00, 0x00, 0x00, 0x00, 0x00, 0x00, 0x00, 0x00,
  0x00, 0x00, 0x00, 0x00, 0x00, 0x00, 0x00, 0x00, 0x00, 0x00, 0x00, 0x00,
  0x00, 0x00, 0x00, 0x00, 0x00, 0x00, 0x00, 0x00, 0x00, 0x11, 0x13, 0x00,
  0x00, 0x00, 0x00, 0x00, 0x00, 0x00, 0x00, 0x00, 0x00, 0x00, 0x00, 0x00,
  0x00, 0x00, 0x00, 0x00, 0x00, 0x00, 0x00, 0x00, 0x00, 0x00, 0x00, 0x00,
  0x00, 0x00, 0x00, 0x00, 0x00, 0x00, 0x00, 0x00, 0x00, 0x00, 0x00, 0x00,
  0x00, 0x00, 0x00, 0x00, 0x00, 0x00, 0x00, 0x00, 0x00, 0x00, 0x00, 0x00,
  0x00, 0x00, 0x00, 0x00, 0x00, 0x00, 0x00, 0x00, 0x00, 0x00, 0x00, 0x00,
  0x00, 0x00, 0x00, 0x00, 0x00, 0x00, 0x00, 0x00, 0x00, 0x00, 0x00, 0x00,
  0x00, 0x00, 0x00, 0x00, 0x00, 0x00, 0x00, 0x00, 0x00, 0x00, 0x00, 0x00,
  0x00, 0x00, 0x00, 0x00, 0x00, 0x00, 0x00, 0x00, 0x00, 0x00, 0x00, 0x00,
  0x00, 0x00, 0x00, 0x00, 0x00, 0x1c, 0x0f, 0x00, 0x00, 0x00, 0x00, 0x00,
  0x00, 0x00, 0x00, 0x00, 0x00, 0x00, 0x00, 0x00, 0x00, 0x00, 0x00, 0x00,
  0x00, 0x00, 0x00, 0x00, 0x00, 0x00, 0x00, 0x00, 0x00, 0x00, 0x00, 0x00,
  0x00, 0x00, 0x00, 0x00, 0x00, 0x00, 0x00, 0x00, 0x00, 0x00, 0x00, 0x00,
  0x00, 0x00, 0x00, 0x00, 0x00, 0x00, 0x00, 0x00, 0x00, 0x00, 0x00, 0x00,
  0x00, 0x00, 0x00, 0x00, 0x00, 0x00, 0x00, 0x00, 0x00, 0x00, 0x00, 0x00,
  0x00, 0x00, 0x00, 0x00, 0x00, 0x00, 0x00, 0x00, 0x00, 0x00, 0x00, 0x00,
  0x00, 0x00, 0x00, 0x00, 0x00, 0x00, 0x00, 0x00, 0x00, 0x00, 0x00, 0x00,
  0x00, 0x00, 0x00, 0x00, 0x00, 0x00, 0x00, 0x00, 0x00, 0x00, 0x00, 0x00,
  0x00, 0x28, 0x0a, 0x00, 0x00, 0x00, 0x00, 0x00, 0x00, 0x00, 0x00, 0x00,
  0x00, 0x00, 0x00, 0x00, 0x00, 0x00, 0x00, 0x00, 0x00, 0x00, 0x00, 0x00,
  0x00, 0x00, 0x00, 0x00, 0x00, 0x00, 0x00, 0x00, 0x00, 0x00, 0x00, 0x00,
  0x00, 0x00, 0x00, 0x00, 0x00, 0x00, 0x00, 0x00, 0x00, 0x00, 0x00, 0x00,
  0x00, 0x00, 0x00, 0x00, 0x00, 0x00, 0x00, 0x00, 0x00, 0x00, 0x00, 0x00,
  0x00, 0x00, 0x00, 0x00, 0x00, 0x00, 0x00, 0x00, 0x00, 0x00, 0x00, 0x00,
  0x00, 0x00, 0x00, 0x00, 0x00, 0x00, 0x00, 0x00, 0x00, 0x00, 0x00, 0x00,
  0x00, 0x00, 0x00, 0x00, 0x00, 0x00, 0x00, 0x00, 0x00, 0x00, 0x00, 0x00,
  0x00, 0x00, 0x00, 0x00, 0x00, 0x00, 0x00, 0x00, 0x00, 0x33, 0x03, 0x00,
  0x00, 0x00, 0x00, 0x00, 0x00, 0x00, 0x00, 0x00, 0x00, 0x00, 0x00, 0x00,
  0x00, 0x00, 0x00, 0x00, 0x00, 0x00, 0x00, 0x00, 0x00, 0x00, 0x00, 0x00,
  0x00, 0x00, 0x00, 0x00, 0x00, 0x00, 0x00, 0x00, 0x00, 0x00, 0x00, 0x00,
  0x00, 0x00, 0x00, 0x00, 0x00, 0x00, 0x00, 0x00, 0x00, 0x00, 0x00, 0x00,
  0x00, 0x00, 0x00, 0x00, 0x00, 0x00, 0x00, 0x00, 0x00, 0x00, 0x00, 0x00,
  0x00, 0x00, 0x00, 0x00, 0x00, 0x00, 0x00, 0x00, 0x00, 0x00, 0x00, 0x00,
  0x00, 0x00, 0x00, 0x00, 0x00, 0x00, 0x00, 0x00, 0x00, 0x00, 0x00, 0x00,
  0x00, 0x00, 0x00, 0x00, 0x00, 0x00, 0x00, 0x00, 0x00, 0x00, 0x00, 0x00,
  0x00, 0x00, 0x00, 0x00, 0x00, 0x3d, 0x00, 0x00, 0x00, 0x00, 0x00, 0x00,
  0x00, 0x00, 0x00, 0x00, 0x00, 0x00, 0x00, 0x00, 0x00, 0x00, 0x00, 0x00,
  0x00, 0x00, 0x00, 0x00, 0x00, 0x00, 0x00, 0x00, 0x00, 0x00, 0x00, 0x00,
  0x00, 0x00, 0x00, 0x00, 0x00, 0x00, 0x00, 0x00, 0x00, 0x00, 0x00, 0x00,
  0x00, 0x00, 0x00, 0x00, 0x00, 0x00, 0x00, 0x00, 0x00, 0x00, 0x00, 0x00,
  0x00, 0x00, 0x00, 0x00, 0x00, 0x00, 0x00, 0x00, 0x00, 0x00, 0x00, 0x00,
  0x00, 0x00, 0x00, 0x00, 0x00, 0x00, 0x00, 0x00, 0x00, 0x00, 0x00, 0x00,
  0x00, 0x00, 0x00, 0x00, 0x00, 0x00, 0x00, 0x00, 0x00, 0x00, 0x00, 0x00,
  0x00, 0x00, 0x00, 0x00, 0x00, 0x00, 0x00, 0x00, 0x00, 0x00, 0x00, 0x00,
  0x00, 0x43, 0x00, 0x00, 0x00, 0x00, 0x00, 0x00, 0x00, 0x00, 0x00, 0x00,
  0x00, 0x00, 0x00, 0x00, 0x00, 0x00, 0x00, 0x00, 0x00, 0x00, 0x00, 0x00,
  0x00, 0x00, 0x00, 0x00, 0x00, 0x00, 0x00, 0x00, 0x00, 0x00, 0x00, 0x00,
  0x00, 0x00, 0x00, 0x00, 0x00, 0x00, 0x00, 0x00, 0x00, 0x00, 0x00, 0x00,
  0x00, 0x00, 0x00, 0x00, 0x00, 0x00, 0x00, 0x00, 0x00, 0x00, 0x00, 0x00,
  0x00, 0x00, 0x00, 0x00, 0x00, 0x00, 0x00, 0x00, 0x00, 0x00, 0x00, 0x00,
  0x00, 0x00, 0x00, 0x00, 0x00, 0x00, 0x00, 0x00, 0x00, 0x00, 0x00, 0x00,
  0x00, 0x00, 0x00, 0x00, 0x00, 0x00, 0x00, 0x00, 0x00, 0x00, 0x00, 0x00,
  0x00, 0x00, 0x00, 0x00, 0x00, 0x00, 0x00, 0x00, 0x01, 0x40, 0x00, 0x00,
  0x00, 0x00, 0x00, 0x00, 0x00, 0x00, 0x00, 0x00, 0x00, 0x00, 0x01, 0x00,
  0x00, 0x00, 0x00, 0x00, 0x00, 0x00, 0x00, 0x00, 0x00, 0x00, 0x00, 0x00,
  0x00, 0x00, 0x00, 0x00, 0x00, 0x00, 0x00, 0x00, 0x00, 0x00, 0x00, 0x00,
  0x00, 0x00, 0x00, 0x00, 0x00, 0x00, 0x00, 0x00, 0x00, 0x00, 0x00, 0x00,
  0x00, 0x00, 0x00, 0x00, 0x00, 0x00, 0x00, 0x00, 0x00, 0x00, 0x00, 0x00,
  0x00, 0x00, 0x00, 0x00, 0x00, 0x00, 0x00, 0x00, 0x00, 0x00, 0x00, 0x00,
  0x00, 0x00, 0x00, 0x00, 0x00, 0x00, 0x00, 0x00, 0x00, 0x00, 0x00, 0x00,
  0x00, 0x00, 0x00, 0x00, 0x00, 0x00, 0x00, 0x00, 0x00, 0x00, 0x00, 0x00,
  0x00, 0x00, 0x00, 0x00, 0x0b, 0x39, 0x00, 0x00, 0x00, 0x00, 0x00, 0x00,
  0x00, 0x00, 0x00, 0x00, 0x00, 0x00, 0x06, 0x00, 0x00, 0x00, 0x00, 0x00,
  0x00, 0x00, 0x00, 0x00, 0x00, 0x00, 0x00, 0x00, 0x00, 0x00, 0x00, 0x00,
  0x00, 0x00, 0x00, 0x00, 0x00, 0x00, 0x00, 0x00, 0x00, 0x00, 0x00, 0x00,
  0x00, 0x00, 0x00, 0x00, 0x00, 0x00, 0x00, 0x00, 0x00, 0x00, 0x00, 0x00,
  0x00, 0x00, 0x00, 0x00, 0x00, 0x00, 0x00, 0x00, 0x00, 0x00, 0x00, 0x00,
  0x00, 0x00, 0x00, 0x00, 0x00, 0x00, 0x00, 0x00, 0x00, 0x00, 0x00, 0x00,
  0x00, 0x00, 0x00, 0x00, 0x00, 0x00, 0x00, 0x00, 0x00, 0x00, 0x00, 0x00,
  0x00, 0x00, 0x00, 0x00, 0x00, 0x00, 0x00, 0x00, 0x00, 0x00, 0x00, 0x00,
  0x14, 0x2e, 0x00, 0x00, 0x00, 0x00, 0x00, 0x00, 0x00, 0x00, 0x00, 0x00,
  0x00, 0x03, 0x09, 0x00, 0x00, 0x00, 0x00, 0x00, 0x00, 0x00, 0x00, 0x00,
  0x00, 0x00, 0x00, 0x00, 0x00, 0x00, 0x00, 0x00, 0x00, 0x00, 0x00, 0x00,
  0x00, 0x00, 0x00, 0x00, 0x00, 0x00, 0x00, 0x00, 0x00, 0x00, 0x00, 0x00,
  0x00, 0x00, 0x00, 0x00, 0x00, 0x00, 0x00, 0x00, 0x00, 0x00, 0x00, 0x00,
  0x00, 0x00, 0x00, 0x00, 0x00, 0x00, 0x00, 0x00, 0x00, 0x00, 0x00, 0x00,
  0x00, 0x00, 0x00, 0x00, 0x00, 0x00, 0x00, 0x00, 0x00, 0x00, 0x00, 0x00,
  0x00, 0x00, 0x00, 0x00, 0x00, 0x00, 0x00, 0x00, 0x00, 0x00, 0x00, 0x00,
  0x00, 0x00, 0x00, 0x00, 0x00, 0x00, 0x00, 0x00, 0x1a, 0x21, 0x00, 0x00,
  0x00, 0x00, 0x00, 0x00, 0x00, 0x00, 0x00, 0x00, 0x00, 0x10, 0x0a, 0x00,
  0x00, 0x00, 0x00, 0x00, 0x00, 0x00, 0x00, 0x00, 0x00, 0x00, 0x00, 0x00,
  0x00, 0x00, 0x00, 0x00, 0x00, 0x00, 0x00, 0x00, 0x00, 0x00, 0x00, 0x00,
  0x00, 0x00, 0x00, 0x00, 0x00, 0x00, 0x00, 0x00, 0x00, 0x00, 0x00, 0x00,
  0x00, 0x00, 0x00, 0x00, 0x00, 0x00, 0x00, 0x00, 0x00, 0x00, 0x00, 0x00,
  0x00, 0x00, 0x00, 0x00, 0x00, 0x00, 0x00, 0x00, 0x00, 0x00, 0x00, 0x00,
  0x00, 0x00, 0x00, 0x00, 0x00, 0x00, 0x00, 0x00, 0x00, 0x00, 0x00, 0x00,
  0x00, 0x00, 0x00, 0x00, 0x00, 0x00, 0x00, 0x00, 0x00, 0x00, 0x00, 0x00,
  0x00, 0x00, 0x00, 0x00, 0x1d, 0x14, 0x00, 0x00, 0x00, 0x00, 0x00, 0x00,
  0x00, 0x00, 0x00, 0x00, 0x00, 0x21, 0x09, 0x00, 0x00, 0x00, 0x00, 0x00,
  0x00, 0x00, 0x00, 0x00, 0x00, 0x00, 0x00, 0x00, 0x00, 0x00, 0x00, 0x00,
  0x00, 0x00, 0x00, 0x00, 0x00, 0x00, 0x00, 0x00, 0x00, 0x00, 0x00, 0x00,
  0x00, 0x00, 0x00, 0x00, 0x00, 0x00, 0x00, 0x00, 0x00, 0x00, 0x00, 0x00,
  0x00, 0x00, 0x00, 0x00, 0x00, 0x00, 0x00, 0x00, 0x00, 0x00, 0x00, 0x00,
  0x00, 0x00, 0x00, 0x00, 0x00, 0x00, 0x00, 0x00, 0x00, 0x00, 0x00, 0x00,
  0x00, 0x00, 0x00, 0x00, 0x00, 0x00, 0x00, 0x00, 0x00, 0x00, 0x00, 0x00,
  0x00, 0x00, 0x00, 0x00, 0x00, 0x00, 0x00, 0x00, 0x00, 0x00, 0x00, 0x00,
  0x1b, 0x08, 0x00, 0x00, 0x00, 0x00, 0x00, 0x00, 0x00, 0x00, 0x00, 0x00,
  0x00, 0x33, 0x06, 0x00, 0x00, 0x00, 0x00, 0x00, 0x00, 0x00, 0x00, 0x00,
  0x00, 0x00, 0x00, 0x00, 0x00, 0x00, 0x00, 0x00, 0x00, 0x00, 0x00, 0x00,
  0x00, 0x00, 0x00, 0x00, 0x00, 0x00, 0x00, 0x00, 0x00, 0x00, 0x00, 0x00,
  0x00, 0x00, 0x00, 0x00, 0x00, 0x00, 0x00, 0x00, 0x00, 0x00, 0x00, 0x00,
  0x00, 0x00, 0x00, 0x00, 0x00, 0x00, 0x00, 0x00, 0x00, 0x00, 0x00, 0x00,
  0x00, 0x00, 0x00, 0x00, 0x00, 0x00, 0x00, 0x00, 0x00, 0x00, 0x00, 0x00,
  0x00, 0x00, 0x00, 0x00, 0x00, 0x00, 0x00, 0x00, 0x00, 0x00, 0x00, 0x00,
  0x00, 0x00, 0x00, 0x00, 0x00, 0x00, 0x00, 0x00, 0x15, 0x00, 0x00, 0x00,
  0x00, 0x00, 0x00, 0x00, 0x00, 0x00, 0x00, 0x00, 0x00, 0x44, 0x01, 0x00,
  0x00, 0x00, 0x00, 0x00, 0x00, 0x00, 0x00, 0x00, 0x00, 0x00, 0x00, 0x00,
  0x00, 0x00, 0x00, 0x00, 0x00, 0x00, 0x00, 0x00, 0x00, 0x00, 0x00, 0x00,
  0x00, 0x00, 0x00, 0x00, 0x00, 0x00, 0x00, 0x00, 0x00, 0x00, 0x00, 0x00,
  0x00, 0x00, 0x00, 0x00, 0x00, 0x00, 0x00, 0x00, 0x00, 0x00, 0x00, 0x00,
  0x00, 0x00, 0x00, 0x00, 0x00, 0x00, 0x00, 0x00, 0x00, 0x00, 0x00, 0x00,
  0x00, 0x00, 0x00, 0x00, 0x00, 0x00, 0x00, 0x00, 0x00, 0x00, 0x00, 0x00,
  0x00, 0x00, 0x00, 0x00, 0x00, 0x00, 0x00, 0x00, 0x00, 0x00, 0x00, 0x00,
  0x00, 0x00, 0x00, 0x00, 0x0c, 0x00, 0x00, 0x00, 0x00, 0x00, 0x00, 0x00,
  0x00, 0x00, 0x00, 0x00, 0x00, 0x51, 0x00, 0x00, 0x00, 0x00, 0x00, 0x00,
  0x00, 0x00, 0x00, 0x00, 0x00, 0x00, 0x00, 0x00, 0x00, 0x00, 0x00, 0x00,
  0x00, 0x00, 0x00, 0x00, 0x00, 0x00, 0x00, 0x00, 0x00, 0x00, 0x00, 0x00,
  0x00, 0x00, 0x00, 0x00, 0x00, 0x00, 0x00, 0x00, 0x00, 0x00, 0x00, 0x00,
  0x00, 0x00, 0x00, 0x00, 0x00, 0x00, 0x00, 0x00, 0x00, 0x00, 0x00, 0x00,
  0x00, 0x00, 0x00, 0x00, 0x00, 0x00, 0x00, 0x00, 0x00, 0x00, 0x00, 0x00,
  0x00, 0x00, 0x00, 0x00, 0x00, 0x00, 0x00, 0x00, 0x00, 0x00, 0x00, 0x00,
  0x00, 0x00, 0x00, 0x00, 0x00, 0x00, 0x00, 0x00, 0x00, 0x00, 0x00, 0x00,
  0x03, 0x00, 0x00, 0x00, 0x00, 0x00, 0x00, 0x00, 0x00, 0x00, 0x00, 0x00,
  0x00, 0x57, 0x00, 0x00, 0x00, 0x00, 0x00, 0x00, 0x00, 0x00, 0x00, 0x00,
  0x00, 0x00, 0x00, 0x00, 0x00, 0x00, 0x00, 0x00, 0x00, 0x00, 0x00, 0x00,
  0x00, 0x00, 0x00, 0x00, 0x00, 0x00, 0x00, 0x00, 0x00, 0x00, 0x00, 0x00,
  0x00, 0x00, 0x00, 0x00, 0x00, 0x00, 0x00, 0x00, 0x00, 0x00, 0x00, 0x00,
  0x00, 0x00, 0x00, 0x00, 0x00, 0x00, 0x00, 0x00, 0x00, 0x00, 0x00, 0x00,
  0x00, 0x00, 0x00, 0x00, 0x00, 0x00, 0x00, 0x00, 0x00, 0x00, 0x00, 0x00,
  0x00, 0x00, 0x00, 0x00, 0x00, 0x00, 0x00, 0x00, 0x00, 0x00, 0x00, 0x00,
  0x00, 0x00, 0x00, 0x00, 0x00, 0x00, 0x00, 0x00, 0x00, 0x00, 0x00, 0x00,
  0x00, 0x00, 0x00, 0x00, 0x00, 0x00, 0x00, 0x00, 0x0a, 0x55, 0x00, 0x00,
  0x00, 0x00, 0x00, 0x00, 0x00, 0x00, 0x00, 0x00, 0x00, 0x00, 0x02, 0x00,
  0x00, 0x00, 0x00, 0x00, 0x00, 0x00, 0x00, 0x00, 0x00, 0x00, 0x00, 0x00,
  0x00, 0x00, 0x00, 0x00, 0x00, 0x00, 0x00, 0x00, 0x00, 0x00, 0x00, 0x00,
  0x00, 0x00, 0x00, 0x00, 0x00, 0x00, 0x00, 0x00, 0x00, 0x00, 0x00, 0x00,
  0x00, 0x00, 0x00, 0x00, 0x00, 0x00, 0x00, 0x00, 0x00, 0x00, 0x00, 0x00,
  0x00, 0x00, 0x00, 0x00, 0x00, 0x00, 0x00, 0x00, 0x00, 0x00, 0x00, 0x00,
  0x00, 0x00, 0x00, 0x00, 0x00, 0x00, 0x00, 0x00, 0x00, 0x00, 0x00, 0x00,
  0x00, 0x00, 0x00, 0x00, 0x00, 0x00, 0x00, 0x00, 0x00, 0x00, 0x00, 0x00,
  0x00, 0x00, 0x00, 0x00, 0x12, 0x4d, 0x00, 0x00, 0x00, 0x00, 0x00, 0x00,
  0x00, 0x00, 0x00, 0x00, 0x00, 0x02, 0x0d, 0x00, 0x00, 0x00, 0x00, 0x00,
  0x00, 0x00, 0x00, 0x00, 0x00, 0x00, 0x00, 0x00, 0x00, 0x00, 0x00, 0x00,
  0x00, 0x00, 0x00, 0x00, 0x00, 0x00, 0x00, 0x00, 0x00, 0x00, 0x00, 0x00,
  0x00, 0x00, 0x00, 0x00, 0x00, 0x00, 0x00, 0x00, 0x00, 0x00, 0x00, 0x00,
  0x00, 0x00, 0x00, 0x00, 0x00, 0x00, 0x00, 0x00, 0x00, 0x00, 0x00, 0x00,
  0x00, 0x00, 0x00, 0x00, 0x00, 0x00, 0x00, 0x00, 0x00, 0x00, 0x00, 0x00,
  0x00, 0x00, 0x00, 0x00, 0x00, 0x00, 0x00, 0x00, 0x00, 0x00, 0x00, 0x00,
  0x00, 0x00, 0x00, 0x00, 0x00, 0x00, 0x00, 0x00, 0x00, 0x00, 0x00, 0x00,
  0x15, 0x3f, 0x00, 0x00, 0x00, 0x00, 0x00, 0x00, 0x00, 0x00, 0x00, 0x00,
  0x00, 0x13, 0x17, 0x00, 0x00, 0x00, 0x00, 0x00, 0x00, 0x00, 0x00, 0x00,
  0x00, 0x00, 0x00, 0x00, 0x00, 0x00, 0x00, 0x00, 0x00, 0x00, 0x00, 0x00,
  0x00, 0x00, 0x00, 0x00, 0x00, 0x00, 0x00, 0x00, 0x00, 0x00, 0x00, 0x00,
  0x00, 0x00, 0x00, 0x00, 0x00, 0x00, 0x00, 0x00, 0x00, 0x00, 0x00, 0x00,
  0x00, 0x00, 0x00, 0x00, 0x00, 0x00, 0x00, 0x00, 0x00, 0x00, 0x00, 0x00,
  0x00, 0x00, 0x00, 0x00, 0x00, 0x00, 0x00, 0x00, 0x00, 0x00, 0x00, 0x00,
  0x00, 0x00, 0x00, 0x00, 0x00, 0x00, 0x00, 0x00, 0x00, 0x00, 0x00, 0x00,
  0x00, 0x00, 0x00, 0x00, 0x00, 0x00, 0x00, 0x00, 0x14, 0x2e, 0x00, 0x00,
  0x00, 0x00, 0x00, 0x00, 0x00, 0x00, 0x00, 0x00, 0x00, 0x29, 0x1e, 0x00,
  0x00, 0x00, 0x00, 0x00, 0x00, 0x00, 0x00, 0x00, 0x00, 0x00, 0x00, 0x00,
  0x00, 0x00, 0x00, 0x00, 0x00, 0x00, 0x00, 0x00, 0x00, 0x00, 0x00, 0x00,
  0x00, 0x00, 0x00, 0x00, 0x00, 0x00, 0x00, 0x00, 0x00, 0x00, 0x00, 0x00,
  0x00, 0x00, 0x00, 0x00, 0x00, 0x00, 0x00, 0x00, 0x00, 0x00, 0x00, 0x00,
  0x00, 0x00, 0x00, 0x00, 0x00, 0x00, 0x00, 0x00, 0x00, 0x00, 0x00, 0x00,
  0x00, 0x00, 0x00, 0x00, 0x00, 0x00, 0x00, 0x00, 0x00, 0x00, 0x00, 0x00,
  0x00, 0x00, 0x00, 0x00, 0x00, 0x00, 0x00, 0x00, 0x00, 0x00, 0x00, 0x00,
  0x00, 0x00, 0x00, 0x00, 0x0f, 0x1e, 0x00, 0x00, 0x00, 0x00, 0x00, 0x00,
  0x00, 0x00, 0x00, 0x00, 0x00, 0x3f, 0x21, 0x00, 0x00, 0x00, 0x00, 0x00,
  0x00, 0x00, 0x00, 0x00, 0x00, 0x00, 0x00, 0x00, 0x00, 0x00, 0x00, 0x00,
  0x00, 0x00, 0x00, 0x00, 0x00, 0x00, 0x00, 0x00, 0x00, 0x00, 0x00, 0x00,
  0x00, 0x00, 0x00, 0x00, 0x00, 0x00, 0x00, 0x00, 0x00, 0x00, 0x00, 0x00,
  0x00, 0x00, 0x00, 0x00, 0x00, 0x00, 0x00, 0x00, 0x00, 0x00, 0x00, 0x00,
  0x00, 0x00, 0x00, 0x00, 0x00, 0x00, 0x00, 0x00, 0x00, 0x00, 0x00, 0x00,
  0x00, 0x00, 0x00, 0x00, 0x00, 0x00, 0x00, 0x00, 0x00, 0x00, 0x00, 0x00,
  0x00, 0x00, 0x00, 0x00, 0x00, 0x00, 0x00, 0x00, 0x00, 0x00, 0x00, 0x00,
  0x08, 0x10, 0x00, 0x00, 0x00, 0x00, 0x00, 0x00, 0x00, 0x00, 0x00, 0x00,
  0x00, 0x52, 0x1f, 0x00, 0x00, 0x00, 0x00, 0x00, 0x00, 0x00, 0x00, 0x00,
  0x00, 0x00, 0x00, 0x00, 0x00, 0x00, 0x00, 0x00, 0x00, 0x00, 0x00, 0x00,
  0x00, 0x00, 0x00, 0x00, 0x00, 0x00, 0x00, 0x00, 0x00, 0x00, 0x00, 0x00,
  0x00, 0x00, 0x00, 0x00, 0x00, 0x00, 0x00, 0x00, 0x00, 0x00, 0x00, 0x00,
  0x00, 0x00, 0x00, 0x00, 0x00, 0x00, 0x00, 0x00, 0x00, 0x00, 0x00, 0x00,
  0x00, 0x00, 0x00, 0x00, 0x00, 0x00, 0x00, 0x00, 0x00, 0x00, 0x00, 0x00,
  0x00, 0x00, 0x00, 0x00, 0x00, 0x00, 0x00, 0x00, 0x00, 0x00, 0x00, 0x00,
  0x00, 0x00, 0x00, 0x00, 0x00, 0x00, 0x00, 0x00, 0x00, 0x05, 0x00, 0x00,
  0x00, 0x00, 0x00, 0x00, 0x00, 0x00, 0x00, 0x00, 0x00, 0x5e, 0x19, 0x00,
  0x00, 0x00, 0x00, 0x00, 0x00, 0x00, 0x00, 0x00, 0x00, 0x00, 0x07, 0x00,
  0x00, 0x00, 0x00, 0x00, 0x00, 0x00, 0x00, 0x00, 0x00, 0x00, 0x00, 0x00,
  0x00, 0x00, 0x00, 0x00, 0x00, 0x00, 0x00, 0x00, 0x00, 0x00, 0x00, 0x00,
  0x00, 0x00, 0x00, 0x00, 0x00, 0x00, 0x00, 0x00, 0x00, 0x00, 0x00, 0x00,
  0x00, 0x00, 0x00, 0x00, 0x00, 0x00, 0x00, 0x00, 0x00, 0x00, 0x00, 0x00,
  0x00, 0x00, 0x00, 0x00, 0x00, 0x00, 0x00, 0x00, 0x00, 0x00, 0x00, 0x00,
  0x00, 0x00, 0x00, 0x00, 0x00, 0x00, 0x00, 0x00, 0x00, 0x00, 0x00, 0x00,
  0x00, 0x00, 0x00, 0x00, 0x00, 0x00, 0x00, 0x00, 0x00, 0x00, 0x00, 0x00,
  0x00, 0x00, 0x00, 0x00, 0x00, 0x5f, 0x12, 0x00, 0x00, 0x00, 0x00, 0x00,
  0x00, 0x00, 0x00, 0x00, 0x00, 0x00, 0x1f, 0x00, 0x00, 0x00, 0x00, 0x00,
  0x00, 0x00, 0x00, 0x00, 0x00, 0x00, 0x00, 0x00, 0x00, 0x00, 0x00, 0x00,
  0x00, 0x00, 0x00, 0x00, 0x00, 0x00, 0x00, 0x00, 0x00, 0x00, 0x00, 0x00,
  0x00, 0x00, 0x00, 0x00, 0x00, 0x00, 0x00, 0x00, 0x00, 0x00, 0x00, 0x00,
  0x00, 0x00, 0x00, 0x00, 0x00, 0x00, 0x00, 0x00, 0x00, 0x00, 0x00, 0x00,
  0x00, 0x00, 0x00, 0x00, 0x00, 0x00, 0x00, 0x00, 0x00, 0x00, 0x00, 0x00,
  0x00, 0x00, 0x00, 0x00, 0x00, 0x00, 0x00, 0x00, 0x00, 0x00, 0x00, 0x00,
  0x00, 0x00, 0x00, 0x00, 0x00, 0x00, 0x00, 0x00, 0x00, 0x00, 0x00, 0x00,
  0x00, 0x57, 0x0a, 0x00, 0x00, 0x00, 0x00, 0x00, 0x00, 0x00, 0x00, 0x00,
  0x00, 0x00, 0x3a, 0x00, 0x00, 0x00, 0x00, 0x00, 0x00, 0x00, 0x00, 0x00,
  0x00, 0x00, 0x00, 0x00, 0x00, 0x00, 0x00, 0x00, 0x00, 0x00, 0x00, 0x00,
  0x00, 0x00, 0x00, 0x00, 0x00, 0x00, 0x00, 0x00, 0x00, 0x00, 0x00, 0x00,
  0x00, 0x00, 0x00, 0x00, 0x00, 0x00, 0x00, 0x00, 0x00, 0x00, 0x00, 0x00,
  0x00, 0x00, 0x00, 0x00, 0x00, 0x00, 0x00, 0x00, 0x00, 0x00, 0x00, 0x00,
  0x00, 0x00, 0x00, 0x00, 0x00, 0x00, 0x00, 0x00, 0x00, 0x00, 0x00, 0x00,
  0x00, 0x00, 0x00, 0x00, 0x00, 0x00, 0x00, 0x00, 0x00, 0x00, 0x00, 0x00,
  0x00, 0x00, 0x00, 0x00, 0x00, 0x00, 0x00, 0x00, 0x00, 0x48, 0x04, 0x00,
  0x00, 0x00, 0x00, 0x00, 0x00, 0x00, 0x00, 0x00, 0x00, 0x00, 0x53, 0x00,
  0x00, 0x00, 0x00, 0x00, 0x00, 0x00, 0x00, 0x00, 0x00, 0x00, 0x00, 0x00,
  0x00, 0x00, 0x00, 0x00, 0x00, 0x00, 0x00, 0x00, 0x00, 0x00, 0x00, 0x00,
  0x00, 0x00, 0x00, 0x00, 0x00, 0x00, 0x00, 0x00, 0x00, 0x00, 0x00, 0x00,
  0x00, 0x00, 0x00, 0x00, 0x00, 0x00, 0x00, 0x00, 0x00, 0x00, 0x00, 0x00,
  0x00, 0x00, 0x00, 0x00, 0x00, 0x00, 0x00, 0x00, 0x00, 0x00, 0x00, 0x00,
  0x00, 0x00, 0x00, 0x00, 0x00, 0x00, 0x00, 0x00, 0x00, 0x00, 0x00, 0x00,
  0x00, 0x00, 0x00, 0x00, 0x00, 0x00, 0x00, 0x00, 0x00, 0x00, 0x00, 0x00,
  0x00, 0x00, 0x00, 0x00, 0x00, 0x37, 0x00, 0x00, 0x00, 0x00, 0x00, 0x00,
  0x00, 0x00, 0x00, 0x00, 0x00, 0x0c, 0x64, 0x00, 0x00, 0x00, 0x00, 0x00,
  0x00, 0x00, 0x00, 0x00, 0x00, 0x00, 0x00, 0x00, 0x00, 0x00, 0x00, 0x00,
  0x00, 0x00, 0x00, 0x00, 0x00, 0x00, 0x00, 0x00, 0x00, 0x00, 0x00, 0x00,
  0x00, 0x00, 0x00, 0x00, 0x00, 0x00, 0x00, 0x00, 0x00, 0x00, 0x00, 0x00,
  0x00, 0x00, 0x00, 0x00, 0x00, 0x00, 0x00, 0x00, 0x00, 0x00, 0x00, 0x00,
  0x00, 0x00, 0x00, 0x00, 0x00, 0x00, 0x00, 0x00, 0x00, 0x00, 0x00, 0x00,
  0x00, 0x00, 0x00, 0x00, 0x00, 0x00, 0x00, 0x00, 0x00, 0x00, 0x00, 0x00,
  0x00, 0x00, 0x00, 0x00, 0x00, 0x00, 0x00, 0x00, 0x00, 0x00, 0x00, 0x00,
  0x00, 0x26, 0x00, 0x00, 0x00, 0x00, 0x00, 0x00, 0x00, 0x00, 0x00, 0x00,
  0x00, 0x1a, 0x6b, 0x00, 0x00, 0x00, 0x00, 0x00, 0x00, 0x00, 0x00, 0x00,
  0x00, 0x00, 0x00, 0x00, 0x00, 0x00, 0x00, 0x00, 0x00, 0x00, 0x00, 0x00,
  0x00, 0x00, 0x00, 0x00, 0x00, 0x00, 0x00, 0x00, 0x00, 0x00, 0x00, 0x00,
  0x00, 0x00, 0x00, 0x00, 0x00, 0x00, 0x00, 0x00, 0x00, 0x00, 0x00, 0x00,
  0x00, 0x00, 0x00, 0x00, 0x00, 0x00, 0x00, 0x00, 0x00, 0x00, 0x00, 0x00,
  0x00, 0x00, 0x00, 0x00, 0x00, 0x00, 0x00, 0x00, 0x00, 0x00, 0x00, 0x00,
  0x00, 0x00, 0x00, 0x00, 0x00, 0x00, 0x00, 0x00, 0x00, 0x00, 0x00, 0x00,
  0x00, 0x00, 0x00, 0x00, 0x00, 0x00, 0x00, 0x00, 0x00, 0x18, 0x00, 0x00,
  0x00, 0x00, 0x00, 0x00, 0x00, 0x00, 0x00, 0x00, 0x00, 0x24, 0x67, 0x00,
  0x00, 0x00, 0x00, 0x00, 0x00, 0x00, 0x00, 0x00, 0x00, 0x00, 0x08, 0x0c,
  0x00, 0x00, 0x00, 0x00, 0x00, 0x00, 0x00, 0x00, 0x00, 0x00, 0x00, 0x00,
  0x00, 0x00, 0x00, 0x00, 0x00, 0x00, 0x00, 0x00, 0x00, 0x00, 0x00, 0x00,
  0x00, 0x00, 0x00, 0x00, 0x00, 0x00, 0x00, 0x00, 0x00, 0x00, 0x00, 0x00,
  0x00, 0x00, 0x00, 0x00, 0x00, 0x00, 0x00, 0x00, 0x00, 0x00, 0x00, 0x00,
  0x00, 0x00, 0x00, 0x00, 0x00, 0x00, 0x00, 0x00, 0x00, 0x00, 0x00, 0x00,
  0x00, 0x00, 0x00, 0x00, 0x00, 0x00, 0x00, 0x00, 0x00, 0x00, 0x00, 0x00,
  0x00, 0x00, 0x00, 0x00, 0x00, 0x0c, 0x00, 0x00, 0x00, 0x00, 0x00, 0x00,
  0x00, 0x00, 0x00, 0x00, 0x00, 0x29, 0x5b, 0x00, 0x00, 0x00, 0x00, 0x00,
  0x00, 0x00, 0x00, 0x00, 0x00, 0x00, 0x20, 0x19, 0x00, 0x00, 0x00, 0x00,
  0x00, 0x00, 0x00, 0x00, 0x00, 0x00, 0x00, 0x00, 0x00, 0x00, 0x00, 0x00,
  0x00, 0x00, 0x00, 0x00, 0x00, 0x00, 0x00, 0x00, 0x00, 0x00, 0x00, 0x00,
  0x00, 0x00, 0x00, 0x00, 0x00, 0x00, 0x00, 0x00, 0x00, 0x00, 0x00, 0x00,
  0x00, 0x00, 0x00, 0x00, 0x00, 0x00, 0x00, 0x00, 0x00, 0x00, 0x00, 0x00,
  0x00, 0x00, 0x00, 0x00, 0x00, 0x00, 0x00, 0x00, 0x00, 0x00, 0x00, 0x00,
  0x00, 0x00, 0x00, 0x00, 0x00, 0x00, 0x00, 0x00, 0x00, 0x00, 0x00, 0x00,
  0x00, 0x02, 0x00, 0x00, 0x00, 0x00, 0x00, 0x00, 0x00, 0x00, 0x00, 0x00,
  0x00, 0x28, 0x4c, 0x00, 0x00, 0x00, 0x00, 0x00, 0x00, 0x00, 0x00, 0x00,
  0x00, 0x00, 0x40, 0x20, 0x00, 0x00, 0x00, 0x00, 0x00, 0x00, 0x00, 0x00,
  0x00, 0x00, 0x00, 0x00, 0x00, 0x00, 0x00, 0x00, 0x00, 0x00, 0x00, 0x00,
  0x00, 0x00, 0x00, 0x00, 0x00, 0x00, 0x00, 0x00, 0x00, 0x00, 0x00, 0x00,
  0x00, 0x00, 0x00, 0x00, 0x00, 0x00, 0x00, 0x00, 0x00, 0x00, 0x00, 0x00,
  0x00, 0x00, 0x00, 0x00, 0x00, 0x00, 0x00, 0x00, 0x00, 0x00, 0x00, 0x00,
  0x00, 0x00, 0x00, 0x00, 0x00, 0x00, 0x00, 0x00, 0x00, 0x00, 0x00, 0x00,
  0x00, 0x00, 0x00, 0x00, 0x00, 0x00, 0x00, 0x00, 0x00, 0x00, 0x00, 0x00,
  0x00, 0x00, 0x00, 0x00, 0x00, 0x00, 0x00, 0x00, 0x00, 0x21, 0x3d, 0x00,
  0x00, 0x00, 0x00, 0x00, 0x00, 0x00, 0x00, 0x00, 0x00, 0x00, 0x61, 0x20,
  0x00, 0x00, 0x00, 0x00, 0x00, 0x00, 0x00, 0x00, 0x00, 0x00, 0x00, 0x00,
  0x00, 0x00, 0x00, 0x00, 0x00, 0x00, 0x00, 0x00, 0x00, 0x00, 0x00, 0x00,
  0x00, 0x00, 0x00, 0x00, 0x00, 0x00, 0x00, 0x00, 0x00, 0x00, 0x00, 0x00,
  0x00, 0x00, 0x00, 0x00, 0x00, 0x00, 0x00, 0x00, 0x00, 0x00, 0x00, 0x00,
  0x00, 0x00, 0x00, 0x00, 0x00, 0x00, 0x00, 0x00, 0x00, 0x00, 0x00, 0x00,
  0x00, 0x00, 0x00, 0x00, 0x00, 0x00, 0x00, 0x00, 0x00, 0x00, 0x00, 0x00,
  0x00, 0x00, 0x00, 0x00, 0x00, 0x00, 0x00, 0x00, 0x00, 0x00, 0x00, 0x00,
  0x00, 0x00, 0x00, 0x00, 0x00, 0x18, 0x2e, 0x00, 0x00, 0x00, 0x00, 0x00,
  0x00, 0x00, 0x00, 0x00, 0x00, 0x00, 0x7a, 0x1b, 0x00, 0x00, 0x00, 0x00,
  0x00, 0x00, 0x00, 0x00, 0x00, 0x00, 0x00, 0x00, 0x00, 0x00, 0x00, 0x00,
  0x00, 0x00, 0x00, 0x00, 0x00, 0x00, 0x00, 0x00, 0x00, 0x00, 0x00, 0x00,
  0x00, 0x00, 0x00, 0x00, 0x00, 0x00, 0x00, 0x00, 0x00, 0x00, 0x00, 0x00,
  0x00, 0x00, 0x00, 0x00, 0x00, 0x00, 0x00, 0x00, 0x00, 0x00, 0x00, 0x00,
  0x00, 0x00, 0x00, 0x00, 0x00, 0x00, 0x00, 0x00, 0x00, 0x00, 0x00, 0x00,
  0x00, 0x00, 0x00, 0x00, 0x00, 0x00, 0x00, 0x00, 0x00, 0x00, 0x00, 0x00,
  0x00, 0x00, 0x00, 0x00, 0x00, 0x00, 0x00, 0x00, 0x00, 0x00, 0x00, 0x00,
  0x00, 0x0f, 0x21, 0x00, 0x00, 0x00, 0x00, 0x00, 0x00, 0x00, 0x00, 0x00,
  0x00, 0x00, 0x87, 0x15, 0x00, 0x00, 0x00, 0x00, 0x00, 0x00, 0x00, 0x00,
  0x00, 0x00, 0x00, 0x11, 0x00, 0x00, 0x00, 0x00, 0x00, 0x00, 0x00, 0x00,
  0x00, 0x00, 0x00, 0x00, 0x00, 0x00, 0x00, 0x00, 0x00, 0x00, 0x00, 0x00,
  0x00, 0x00, 0x00, 0x00, 0x00, 0x00, 0x00, 0x00, 0x00, 0x00, 0x00, 0x00,
  0x00, 0x00, 0x00, 0x00, 0x00, 0x00, 0x00, 0x00, 0x00, 0x00, 0x00, 0x00,
  0x00, 0x00, 0x00, 0x00, 0x00, 0x00, 0x00, 0x00, 0x00, 0x00, 0x00, 0x00,
  0x00, 0x00, 0x00, 0x00, 0x00, 0x00, 0x00, 0x00, 0x00, 0x00, 0x00, 0x00,
  0x00, 0x00, 0x00, 0x00, 0x00, 0x00, 0x00, 0x00, 0x00, 0x08, 0x16, 0x00,
  0x00, 0x00, 0x00, 0x00, 0x00, 0x00, 0x00, 0x00, 0x00, 0x00, 0x88, 0x0e,
  0x00, 0x00, 0x00, 0x00, 0x00, 0x00, 0x00, 0x00, 0x00, 0x00, 0x00, 0x28,
  0x00, 0x00, 0x00, 0x00, 0x00, 0x00, 0x00, 0x00, 0x00, 0x00, 0x00, 0x00,
  0x00, 0x00, 0x00, 0x00, 0x00, 0x00, 0x00, 0x00, 0x00, 0x00, 0x00, 0x00,
  0x00, 0x00, 0x00, 0x00, 0x00, 0x00, 0x00, 0x00, 0x00, 0x00, 0x00, 0x00,
  0x00, 0x00, 0x00, 0x00, 0x00, 0x00, 0x00, 0x00, 0x00, 0x00, 0x00, 0x00,
  0x00, 0x00, 0x00, 0x00, 0x00, 0x00, 0x00, 0x00, 0x00, 0x00, 0x00, 0x00,
  0x00, 0x00, 0x00, 0x00, 0x00, 0x00, 0x00, 0x00, 0x00, 0x00, 0x00, 0x00,
  0x00, 0x00, 0x00, 0x00, 0x00, 0x02, 0x0c, 0x00, 0x00, 0x00, 0x00, 0x00,
  0x00, 0x00, 0x00, 0x00, 0x00, 0x09, 0x7e, 0x08, 0x00, 0x00, 0x00, 0x00,
  0x00, 0x00, 0x00, 0x00, 0x00, 0x00, 0x16, 0x3a, 0x00, 0x00, 0x00, 0x00,
  0x00, 0x00, 0x00, 0x00, 0x00, 0x00, 0x00, 0x00, 0x00, 0x00, 0x00, 0x00,
  0x00, 0x00, 0x00, 0x00, 0x00, 0x00, 0x00, 0x00, 0x00, 0x00, 0x00, 0x00,
  0x00, 0x00, 0x00, 0x00, 0x00, 0x00, 0x00, 0x00, 0x00, 0x00, 0x00, 0x00,
  0x00, 0x00, 0x00, 0x00, 0x00, 0x00, 0x00, 0x00, 0x00, 0x00, 0x00, 0x00,
  0x00, 0x00, 0x00, 0x00, 0x00, 0x00, 0x00, 0x00, 0x00, 0x00, 0x00, 0x00,
  0x00, 0x00, 0x00, 0x00, 0x00, 0x00, 0x00, 0x00, 0x00, 0x00, 0x00, 0x00,
  0x00, 0x00, 0x04, 0x00, 0x00, 0x00, 0x00, 0x00, 0x00, 0x00, 0x00, 0x00,
  0x00, 0x0f, 0x6f, 0x04, 0x00, 0x00, 0x00, 0x00, 0x00, 0x00, 0x00, 0x00,
  0x00, 0x00, 0x38, 0x43, 0x00, 0x00, 0x00, 0x00, 0x00, 0x00, 0x00, 0x00,
  0x00, 0x00, 0x00, 0x00, 0x00, 0x00, 0x00, 0x00, 0x00, 0x00, 0x00, 0x00,
  0x00, 0x00, 0x00, 0x00, 0x00, 0x00, 0x00, 0x00, 0x00, 0x00, 0x00, 0x00,
  0x00, 0x00, 0x00, 0x00, 0x00, 0x00, 0x00, 0x00, 0x00, 0x00, 0x00, 0x00,
  0x00, 0x00, 0x00, 0x00, 0x00, 0x00, 0x00, 0x00, 0x00, 0x00, 0x00, 0x00,
  0x00, 0x00, 0x00, 0x00, 0x00, 0x00, 0x00, 0x00, 0x00, 0x00, 0x00, 0x00,
  0x00, 0x00, 0x00, 0x00, 0x00, 0x00, 0x00, 0x00, 0x00, 0x00, 0x00, 0x00,
  0x00, 0x00, 0x00, 0x00, 0x00, 0x00, 0x00, 0x00, 0x00, 0x10, 0x5f, 0x00,
  0x00, 0x00, 0x00, 0x00, 0x00, 0x00, 0x00, 0x00, 0x00, 0x00, 0x5f, 0x41,
  0x00, 0x00, 0x00, 0x00, 0x00, 0x00, 0x00, 0x00, 0x00, 0x00, 0x00, 0x00,
  0x00, 0x00, 0x00, 0x00, 0x00, 0x00, 0x00, 0x00, 0x00, 0x00, 0x00, 0x00,
  0x00, 0x00, 0x00, 0x00, 0x00, 0x00, 0x00, 0x00, 0x00, 0x00, 0x00, 0x00,
  0x00, 0x00, 0x00, 0x00, 0x00, 0x00, 0x00, 0x00, 0x00, 0x00, 0x00, 0x00,
  0x00, 0x00, 0x00, 0x00, 0x00, 0x00, 0x00, 0x00, 0x00, 0x00, 0x00, 0x00,
  0x00, 0x00, 0x00, 0x00, 0x00, 0x00, 0x00, 0x00, 0x00, 0x00, 0x00, 0x00,
  0x00, 0x00, 0x00, 0x00, 0x00, 0x00, 0x00, 0x00, 0x00, 0x00, 0x00, 0x00,
  0x00, 0x00, 0x00, 0x00, 0x00, 0x0e, 0x4f, 0x00, 0x00, 0x00, 0x00, 0x00,
  0x00, 0x00, 0x00, 0x00, 0x00, 0x00, 0x83, 0x38, 0x00, 0x00, 0x00, 0x00,
  0x00, 0x00, 0x00, 0x00, 0x00, 0x00, 0x00, 0x00, 0x00, 0x00, 0x00, 0x00,
  0x00, 0x00, 0x00, 0x00, 0x00, 0x00, 0x00, 0x00, 0x00, 0x00, 0x00, 0x00,
  0x00, 0x00, 0x00, 0x00, 0x00, 0x00, 0x00, 0x00, 0x00, 0x00, 0x00, 0x00,
  0x00, 0x00, 0x00, 0x00, 0x00, 0x00, 0x00, 0x00, 0x00, 0x00, 0x00, 0x00,
  0x00, 0x00, 0x00, 0x00, 0x00, 0x00, 0x00, 0x00, 0x00, 0x00, 0x00, 0x00,
  0x00, 0x00, 0x00, 0x00, 0x00, 0x00, 0x00, 0x00, 0x00, 0x00, 0x00, 0x00,
  0x00, 0x00, 0x00, 0x00, 0x00, 0x00, 0x00, 0x00, 0x00, 0x00, 0x00, 0x00,
  0x00, 0x0a, 0x41, 0x00, 0x00, 0x00, 0x00, 0x00, 0x00, 0x00, 0x00, 0x00,
  0x00, 0x00, 0x9a, 0x2d, 0x00, 0x00, 0x00, 0x00, 0x00, 0x00, 0x00, 0x00,
  0x00, 0x00, 0x00, 0x00, 0x00, 0x00, 0x00, 0x00, 0x00, 0x00, 0x00, 0x00,
  0x00, 0x00, 0x00, 0x00, 0x00, 0x00, 0x00, 0x00, 0x00, 0x00, 0x00, 0x00,
  0x00, 0x00, 0x00, 0x00, 0x00, 0x00, 0x00, 0x00, 0x00, 0x00, 0x00, 0x00,
  0x00, 0x00, 0x00, 0x00, 0x00, 0x00, 0x00, 0x00, 0x00, 0x00, 0x00, 0x00,
  0x00, 0x00, 0x00, 0x00, 0x00, 0x00, 0x00, 0x00, 0x00, 0x00, 0x00, 0x00,
  0x00, 0x00, 0x00, 0x00, 0x00, 0x00, 0x00, 0x00, 0x00, 0x00, 0x00, 0x00,
  0x00, 0x00, 0x00, 0x00, 0x00, 0x00, 0x00, 0x00, 0x00, 0x07, 0x33, 0x00,
  0x00, 0x00, 0x00, 0x00, 0x00, 0x00, 0x00, 0x00, 0x00, 0x1b, 0xa2, 0x23,
  0x00, 0x00, 0x00, 0x00, 0x00, 0x00, 0x00, 0x00, 0x00, 0x00, 0x00, 0x05,
  0x00, 0x00, 0x00, 0x00, 0x00, 0x00, 0x00, 0x00, 0x00, 0x00, 0x00, 0x00,
  0x00, 0x00, 0x00, 0x00, 0x00, 0x00, 0x00, 0x00, 0x00, 0x00, 0x00, 0x00,
  0x00, 0x00, 0x00, 0x00, 0x00, 0x00, 0x00, 0x00, 0x00, 0x00, 0x00, 0x00,
  0x00, 0x00, 0x00, 0x00, 0x00, 0x00, 0x00, 0x00, 0x00, 0x00, 0x00, 0x00,
  0x00, 0x00, 0x00, 0x00, 0x00, 0x00, 0x00, 0x00, 0x00, 0x00, 0x00, 0x00,
  0x00, 0x00, 0x00, 0x00, 0x00, 0x00, 0x00, 0x00, 0x00, 0x00, 0x00, 0x00,
  0x00, 0x00, 0x00, 0x00, 0x00, 0x03, 0x28, 0x00, 0x00, 0x00, 0x00, 0x00,
  0x00, 0x00, 0x00, 0x00, 0x00, 0x3f, 0x9c, 0x1b, 0x00, 0x00, 0x00, 0x00,
  0x00, 0x00, 0x00, 0x00, 0x00, 0x00, 0x0a, 0x09, 0x00, 0x00, 0x00, 0x00,
  0x00, 0x00, 0x00, 0x00, 0x00, 0x00, 0x00, 0x00, 0x00, 0x00, 0x00, 0x00,
  0x00, 0x00, 0x00, 0x00, 0x00, 0x00, 0x00, 0x00, 0x00, 0x00, 0x00, 0x00,
  0x00, 0x00, 0x00, 0x00, 0x00, 0x00, 0x00, 0x00, 0x00, 0x00, 0x00, 0x00,
  0x00, 0x00, 0x00, 0x00, 0x00, 0x00, 0x00, 0x00, 0x00, 0x00, 0x00, 0x00,
  0x00, 0x00, 0x00, 0x00, 0x00, 0x00, 0x00, 0x00, 0x00, 0x00, 0x00, 0x00,
  0x00, 0x00, 0x00, 0x00, 0x00, 0x00, 0x00, 0x00, 0x00, 0x00, 0x00, 0x00,
  0x00, 0x01, 0x1d, 0x00, 0x00, 0x00, 0x00, 0x00, 0x00, 0x00, 0x00, 0x00,
  0x00, 0x62, 0x8d, 0x14, 0x00, 0x00, 0x00, 0x00, 0x00, 0x00, 0x00, 0x00,
  0x00, 0x00, 0x1c, 0x08, 0x00, 0x00, 0x00, 0x00, 0x00, 0x00, 0x00, 0x00,
  0x00, 0x00, 0x00, 0x00, 0x00, 0x00, 0x00, 0x00, 0x00, 0x00, 0x00, 0x00,
  0x00, 0x00, 0x00, 0x00, 0x00, 0x00, 0x00, 0x00, 0x00, 0x00, 0x00, 0x00,
  0x00, 0x00, 0x00, 0x00, 0x00, 0x00, 0x00, 0x00, 0x00, 0x00, 0x00, 0x00,
  0x00, 0x00, 0x00, 0x00, 0x00, 0x00, 0x00, 0x00, 0x00, 0x00, 0x00, 0x00,
  0x00, 0x00, 0x00, 0x00, 0x00, 0x00, 0x00, 0x00, 0x00, 0x00, 0x00, 0x00,
  0x00, 0x00, 0x00, 0x00, 0x00, 0x00, 0x00, 0x00, 0x00, 0x00, 0x14, 0x00,
  0x00, 0x00, 0x00, 0x00, 0x00, 0x00, 0x00, 0x00, 0x00, 0x7d, 0x7b, 0x0e,
  0x00, 0x00, 0x00, 0x00, 0x00, 0x00, 0x00, 0x00, 0x00, 0x00, 0x2c, 0x05,
  0x00, 0x00, 0x00, 0x00, 0x00, 0x00, 0x00, 0x00, 0x00, 0x00, 0x00, 0x00,
  0x00, 0x00, 0x00, 0x00, 0x00, 0x00, 0x00, 0x00, 0x00, 0x00, 0x00, 0x00,
  0x00, 0x00, 0x00, 0x00, 0x00, 0x00, 0x00, 0x00, 0x00, 0x00, 0x00, 0x00,
  0x00, 0x00, 0x00, 0x00, 0x00, 0x00, 0x00, 0x00, 0x00, 0x00, 0x00, 0x00,
  0x00, 0x00, 0x00, 0x00, 0x00, 0x00, 0x00, 0x00, 0x00, 0x00, 0x00, 0x00,
  0x00, 0x00, 0x00, 0x00, 0x00, 0x00, 0x00, 0x00, 0x00, 0x00, 0x00, 0x00,
  0x00, 0x00, 0x00, 0x00, 0x00, 0x00, 0x0c, 0x00, 0x00, 0x00, 0x00, 0x00,
  0x00, 0x00, 0x00, 0x00, 0x0d, 0x8d, 0x69, 0x08, 0x00, 0x00, 0x00, 0x00,
  0x00, 0x00, 0x00, 0x00, 0x00, 0x00, 0x35, 0x01, 0x00, 0x00, 0x00, 0x00,
  0x00, 0x00, 0x00, 0x00, 0x00, 0x00, 0x00, 0x00, 0x00, 0x00, 0x00, 0x00,
  0x00, 0x00, 0x00, 0x00, 0x00, 0x00, 0x00, 0x00, 0x00, 0x00, 0x00, 0x00,
  0x00, 0x00, 0x00, 0x00, 0x00, 0x00, 0x00, 0x00, 0x00, 0x00, 0x00, 0x00,
  0x00, 0x00, 0x00, 0x00, 0x00, 0x00, 0x00, 0x00, 0x00, 0x00, 0x00, 0x00,
  0x00, 0x00, 0x00, 0x00, 0x00, 0x00, 0x00, 0x00, 0x00, 0x00, 0x00, 0x00,
  0x00, 0x00, 0x00, 0x00, 0x00, 0x00, 0x00, 0x00, 0x00, 0x00, 0x00, 0x00,
  0x00, 0x00, 0x05, 0x00, 0x00, 0x00, 0x00, 0x00, 0x00, 0x00, 0x00, 0x00,
  0x31, 0x8e, 0x5a, 0x04, 0x00, 0x00, 0x00, 0x00, 0x00, 0x00, 0x00, 0x00,
  0x00, 0x0e, 0x35, 0x00, 0x00, 0x00, 0x00, 0x00, 0x00, 0x00, 0x00, 0x00,
  0x00, 0x00, 0x00, 0x00, 0x00, 0x00, 0x00, 0x00, 0x00, 0x00, 0x00, 0x00,
  0x00, 0x00, 0x00, 0x00, 0x00, 0x00, 0x00, 0x00, 0x00, 0x00, 0x00, 0x00,
  0x00, 0x00, 0x00, 0x00, 0x00, 0x00, 0x00, 0x00, 0x00, 0x00, 0x00, 0x00,
  0x00, 0x00, 0x00, 0x00, 0x00, 0x00, 0x00, 0x00, 0x00, 0x00, 0x00, 0x00,
  0x00, 0x00, 0x00, 0x00, 0x00, 0x00, 0x00, 0x00, 0x00, 0x00, 0x00, 0x00,
  0x00, 0x00, 0x00, 0x00, 0x00, 0x00, 0x00, 0x00, 0x00, 0x00, 0x00, 0x00,
  0x00, 0x00, 0x00, 0x00, 0x00, 0x00, 0x00, 0x00, 0x5b, 0x84, 0x4b, 0x00,
  0x00, 0x00, 0x00, 0x00, 0x00, 0x00, 0x00, 0x00, 0x00, 0x1e, 0x31, 0x00,
  0x00, 0x00, 0x00, 0x00, 0x00, 0x00, 0x00, 0x00, 0x00, 0x00, 0x00, 0x00,
  0x00, 0x00, 0x00, 0x00, 0x00, 0x00, 0x00, 0x00, 0x00, 0x00, 0x00, 0x00,
  0x00, 0x00, 0x00, 0x00, 0x00, 0x00, 0x00, 0x00, 0x00, 0x00, 0x00, 0x00,
  0x00, 0x00, 0x00, 0x00, 0x00, 0x00, 0x00, 0x00, 0x00, 0x00, 0x00, 0x00,
  0x00, 0x00, 0x00, 0x00, 0x00, 0x00, 0x00, 0x00, 0x00, 0x00, 0x00, 0x00,
  0x00, 0x00, 0x00, 0x00, 0x00, 0x00, 0x00, 0x00, 0x00, 0x00, 0x00, 0x00,
  0x00, 0x00, 0x00, 0x00, 0x00, 0x00, 0x00, 0x00, 0x00, 0x00, 0x00, 0x00,
  0x00, 0x00, 0x00, 0x00, 0x81, 0x76, 0x3f, 0x00, 0x00, 0x00, 0x00, 0x00,
  0x00, 0x00, 0x00, 0x00, 0x00, 0x27, 0x2b, 0x00, 0x00, 0x00, 0x00, 0x00,
  0x00, 0x00, 0x00, 0x00, 0x00, 0x00, 0x00, 0x00, 0x00, 0x00, 0x00, 0x00,
  0x00, 0x00, 0x00, 0x00, 0x00, 0x00, 0x00, 0x00, 0x00, 0x00, 0x00, 0x00,
  0x00, 0x00, 0x00, 0x00, 0x00, 0x00, 0x00, 0x00, 0x00, 0x00, 0x00, 0x00,
  0x00, 0x00, 0x00, 0x00, 0x00, 0x00, 0x00, 0x00, 0x00, 0x00, 0x00, 0x00,
  0x00, 0x00, 0x00, 0x00, 0x00, 0x00, 0x00, 0x00, 0x00, 0x00, 0x00, 0x00,
  0x00, 0x00, 0x00, 0x00, 0x00, 0x00, 0x00, 0x00, 0x00, 0x00, 0x00, 0x00,
  0x00, 0x00, 0x00, 0x00, 0x00, 0x00, 0x00, 0x00, 0x00, 0x00, 0x00, 0x11,
  0x9a, 0x66, 0x33, 0x00, 0x00, 0x00, 0x00, 0x00, 0x00, 0x00, 0x00, 0x00,
  0x00, 0x29, 0x25, 0x00, 0x00, 0x00, 0x00, 0x00, 0x00, 0x00, 0x00, 0x00,
  0x00, 0x00, 0x00, 0x00, 0x00, 0x00, 0x00, 0x00, 0x00, 0x00, 0x00, 0x00,
  0x00, 0x00, 0x00, 0x00, 0x00, 0x00, 0x00, 0x00, 0x00, 0x00, 0x00, 0x00,
  0x00, 0x00, 0x00, 0x00, 0x00, 0x00, 0x00, 0x00, 0x00, 0x00, 0x00, 0x00,
  0x00, 0x00, 0x00, 0x00, 0x00, 0x00, 0x00, 0x00, 0x00, 0x00, 0x00, 0x00,
  0x00, 0x00, 0x00, 0x00, 0x00, 0x00, 0x00, 0x00, 0x00, 0x00, 0x00, 0x00,
  0x00, 0x00, 0x00, 0x00, 0x00, 0x00, 0x00, 0x00, 0x00, 0x00, 0x00, 0x00,
  0x00, 0x00, 0x00, 0x00, 0x00, 0x00, 0x00, 0x3d, 0xa2, 0x5a, 0x2a, 0x00,
  0x00, 0x00, 0x00, 0x00, 0x00, 0x00, 0x00, 0x00, 0x00, 0x27, 0x20, 0x00,
  0x00, 0x00, 0x00, 0x00, 0x00, 0x00, 0x00, 0x00, 0x00, 0x00, 0x00, 0x00,
  0x00, 0x00, 0x00, 0x00, 0x00, 0x00, 0x00, 0x00, 0x00, 0x00, 0x00, 0x00,
  0x00, 0x00, 0x00, 0x00, 0x00, 0x00, 0x00, 0x00, 0x00, 0x00, 0x00, 0x00,
  0x00, 0x00, 0x00, 0x00, 0x00, 0x00, 0x00, 0x00, 0x00, 0x00, 0x00, 0x00,
  0x00, 0x00, 0x00, 0x00, 0x00, 0x00, 0x00, 0x00, 0x00, 0x00, 0x00, 0x00,
  0x00, 0x00, 0x00, 0x00, 0x00, 0x00, 0x00, 0x00, 0x00, 0x00, 0x00, 0x00,
  0x00, 0x00, 0x00, 0x00, 0x00, 0x00, 0x00, 0x00, 0x00, 0x00, 0x00, 0x00,
  0x00, 0x00, 0x00, 0x6d, 0x9c, 0x4e, 0x20, 0x00, 0x00, 0x00, 0x00, 0x00,
  0x00, 0x00, 0x00, 0x00, 0x00, 0x23, 0x1b, 0x00, 0x00, 0x00, 0x00, 0x00,
  0x00, 0x00, 0x00, 0x00, 0x00, 0x00, 0x00, 0x00, 0x00, 0x00, 0x00, 0x00,
  0x00, 0x00, 0x00, 0x00, 0x00, 0x00, 0x00, 0x00, 0x00, 0x00, 0x00, 0x00,
  0x00, 0x00, 0x00, 0x00, 0x00, 0x00, 0x00, 0x00, 0x00, 0x00, 0x00, 0x00,
  0x00, 0x00, 0x00, 0x00, 0x00, 0x00, 0x00, 0x00, 0x00, 0x00, 0x00, 0x00,
  0x00, 0x00, 0x00, 0x00, 0x00, 0x00, 0x00, 0x00, 0x00, 0x00, 0x00, 0x00,
  0x00, 0x00, 0x00, 0x00, 0x00, 0x00, 0x00, 0x00, 0x00, 0x00, 0x14, 0x00,
  0x00, 0x00, 0x00, 0x00, 0x00, 0x00, 0x00, 0x00, 0x00, 0x00, 0x00, 0x90,
  0x8f, 0x44, 0x19, 0x00, 0x00, 0x00, 0x00, 0x00, 0x00, 0x00, 0x00, 0x00,
  0x00, 0x1f, 0x17, 0x00, 0x00, 0x00, 0x00, 0x00, 0x00, 0x00, 0x00, 0x00,
  0x00, 0x00, 0x00, 0x00, 0x00, 0x00, 0x00, 0x00, 0x00, 0x00, 0x00, 0x00,
  0x00, 0x00, 0x00, 0x00, 0x00, 0x00, 0x00, 0x00, 0x00, 0x00, 0x00, 0x00,
  0x00, 0x00, 0x00, 0x00, 0x00, 0x00, 0x00, 0x00, 0x00, 0x00, 0x00, 0x00,
  0x00, 0x00, 0x00, 0x00, 0x00, 0x00, 0x00, 0x00, 0x00, 0x00, 0x00, 0x00,
  0x00, 0x00, 0x00, 0x00, 0x00, 0x00, 0x00, 0x00, 0x00, 0x00, 0x00, 0x00,
  0x00, 0x00, 0x00, 0x00, 0x00, 0x00, 0x32, 0x00, 0x00, 0x00, 0x00, 0x00,
  0x00, 0x00, 0x00, 0x00, 0x00, 0x00, 0x00, 0xa0, 0x82, 0x3b, 0x12, 0x00,
  0x00, 0x00, 0x00, 0x00, 0x00, 0x00, 0x00, 0x00, 0x00, 0x1c, 0x13, 0x00,
  0x00, 0x00, 0x00, 0x00, 0x00, 0x00, 0x00, 0x00, 0x00, 0x00, 0x00, 0x00,
  0x00, 0x00, 0x00, 0x00, 0x00, 0x00, 0x00, 0x00, 0x00, 0x00, 0x00, 0x00,
  0x00, 0x00, 0x00, 0x00, 0x00, 0x00, 0x00, 0x00, 0x00, 0x00, 0x00, 0x00,
  0x00, 0x00, 0x00, 0x00, 0x00, 0x00, 0x00, 0x00, 0x00, 0x00, 0x00, 0x00,
  0x00, 0x00, 0x00, 0x00, 0x00, 0x00, 0x00, 0x00, 0x00, 0x00, 0x00, 0x00,
  0x00, 0x00, 0x00, 0x00, 0x00, 0x00, 0x00, 0x00, 0x00, 0x00, 0x00, 0x00,
  0x00, 0x1b, 0x50, 0x00, 0x00, 0x00, 0x00, 0x00, 0x00, 0x00, 0x00, 0x00,
  0x00, 0x00, 0x05, 0x9e, 0x76, 0x33, 0x0c, 0x00, 0x00, 0x00, 0x00, 0x00,
  0x00, 0x00, 0x00, 0x00, 0x00, 0x18, 0x0f, 0x00, 0x00, 0x00, 0x00, 0x00,
  0x00, 0x00, 0x00, 0x00, 0x00, 0x00, 0x00, 0x00, 0x00, 0x00, 0x00, 0x00,
  0x00, 0x00, 0x00, 0x00, 0x00, 0x00, 0x00, 0x00, 0x00, 0x00, 0x00, 0x00,
  0x00, 0x00, 0x00, 0x00, 0x00, 0x00, 0x00, 0x00, 0x00, 0x00, 0x00, 0x00,
  0x00, 0x00, 0x00, 0x00, 0x00, 0x00, 0x00, 0x00, 0x00, 0x00, 0x00, 0x00,
  0x00, 0x00, 0x00, 0x00, 0x00, 0x00, 0x00, 0x00, 0x00, 0x00, 0x00, 0x00,
  0x00, 0x00, 0x00, 0x00, 0x00, 0x00, 0x00, 0x00, 0x00, 0x47, 0x65, 0x00,
  0x00, 0x00, 0x00, 0x00, 0x00, 0x00, 0x00, 0x00, 0x00, 0x00, 0x07, 0x95,
  0x6c, 0x2a, 0x06, 0x00, 0x00, 0x00, 0x00, 0x00, 0x00, 0x00, 0x00, 0x00,
  0x00, 0x15, 0x0b, 0x00, 0x00, 0x00, 0x00, 0x00, 0x00, 0x00, 0x00, 0x00,
  0x00, 0x00, 0x00, 0x00, 0x00, 0x00, 0x00, 0x00, 0x00, 0x00, 0x00, 0x00,
  0x00, 0x00, 0x00, 0x00, 0x00, 0x00, 0x00, 0x00, 0x00, 0x00, 0x00, 0x00,
  0x00, 0x00, 0x00, 0x00, 0x00, 0x00, 0x00, 0x00, 0x00, 0x00, 0x00, 0x00,
  0x00, 0x00, 0x00, 0x00, 0x00, 0x00, 0x00, 0x00, 0x00, 0x00, 0x00, 0x00,
  0x00, 0x00, 0x00, 0x00, 0x01, 0x00, 0x00, 0x00, 0x00, 0x00, 0x00, 0x00,
  0x00, 0x00, 0x00, 0x00, 0x00, 0x6f, 0x6c, 0x00, 0x00, 0x00, 0x00, 0x00,
  0x00, 0x00, 0x00, 0x00, 0x00, 0x00, 0x02, 0x8a, 0x62, 0x23, 0x01, 0x00,
  0x00, 0x00, 0x00, 0x00, 0x00, 0x00, 0x00, 0x00, 0x00, 0x12, 0x08, 0x00,
  0x00, 0x00, 0x00, 0x00, 0x00, 0x00, 0x00, 0x00, 0x00, 0x00, 0x00, 0x00,
  0x00, 0x00, 0x00, 0x00, 0x00, 0x00, 0x00, 0x00, 0x00, 0x00, 0x00, 0x00,
  0x00, 0x00, 0x00, 0x00, 0x00, 0x00, 0x00, 0x00, 0x00, 0x00, 0x00, 0x00,
  0x00, 0x00, 0x00, 0x00, 0x00, 0x00, 0x00, 0x00, 0x00, 0x00, 0x00, 0x00,
  0x00, 0x00, 0x00, 0x00, 0x00, 0x00, 0x00, 0x00, 0x00, 0x00, 0x00, 0x00,
  0x2a, 0x00, 0x00, 0x00, 0x00, 0x00, 0x00, 0x00, 0x00, 0x00, 0x00, 0x00,
  0x00, 0x86, 0x6a, 0x00, 0x00, 0x00, 0x00, 0x00, 0x00, 0x00, 0x00, 0x00,
  0x00, 0x00, 0x00, 0x7f, 0x58, 0x1c, 0x00, 0x00, 0x00, 0x00, 0x00, 0x00,
  0x00, 0x00, 0x00, 0x00, 0x00, 0x0e, 0x05, 0x00, 0x00, 0x00, 0x00, 0x00,
  0x00, 0x00, 0x00, 0x00, 0x00, 0x00, 0x00, 0x00, 0x00, 0x00, 0x00, 0x00,
  0x00, 0x00, 0x00, 0x00, 0x00, 0x00, 0x00, 0x00, 0x00, 0x00, 0x00, 0x00,
  0x00, 0x00, 0x00, 0x00, 0x00, 0x00, 0x00, 0x00, 0x00, 0x00, 0x00, 0x00,
  0x00, 0x00, 0x00, 0x00, 0x00, 0x00, 0x00, 0x00, 0x00, 0x00, 0x00, 0x00,
  0x00, 0x00, 0x00, 0x00, 0x00, 0x00, 0x00, 0x00, 0x63, 0x00, 0x00, 0x00,
  0x00, 0x00, 0x00, 0x00, 0x00, 0x00, 0x00, 0x00, 0x00, 0x85, 0x64, 0x00,
  0x00, 0x00, 0x00, 0x00, 0x00, 0x00, 0x00, 0x00, 0x00, 0x00, 0x00, 0x76,
  0x50, 0x17, 0x00, 0x00, 0x00, 0x00, 0x00, 0x00, 0x00, 0x00, 0x00, 0x00,
  0x00, 0x0c, 0x02, 0x00, 0x00, 0x00, 0x00, 0x00, 0x00, 0x00, 0x00, 0x00,
  0x00, 0x00, 0x00, 0x00, 0x00, 0x00, 0x00, 0x00, 0x00, 0x00, 0x00, 0x00,
  0x00, 0x00, 0x00, 0x00, 0x00, 0x00, 0x00, 0x00, 0x00, 0x00, 0x00, 0x00,
  0x00, 0x00, 0x00, 0x00, 0x00, 0x00, 0x00, 0x00, 0x00, 0x00, 0x00, 0x00,
  0x00, 0x00, 0x00, 0x00, 0x00, 0x00, 0x00, 0x00, 0x00, 0x00, 0x00, 0x00,
  0x00, 0x00, 0x00, 0x00, 0x96, 0x03, 0x00, 0x00, 0x00, 0x00, 0x00, 0x00,
  0x00, 0x00, 0x00, 0x00, 0x00, 0x7a, 0x5c, 0x00, 0x00, 0x00, 0x00, 0x00,
  0x00, 0x00, 0x00, 0x00, 0x00, 0x00, 0x00, 0x6c, 0x47, 0x11, 0x00, 0x00,
  0x00, 0x00, 0x00, 0x00, 0x00, 0x00, 0x00, 0x00, 0x00, 0x09, 0x00, 0x00,
  0x00, 0x00, 0x00, 0x00, 0x00, 0x00, 0x00, 0x00, 0x00, 0x00, 0x00, 0x00,
  0x00, 0x00, 0x00, 0x00, 0x00, 0x00, 0x00, 0x00, 0x00, 0x00, 0x00, 0x00,
  0x00, 0x00, 0x00, 0x00, 0x00, 0x00, 0x00, 0x00, 0x00, 0x00, 0x00, 0x00,
  0x00, 0x00, 0x00, 0x00, 0x00, 0x00, 0x00, 0x00, 0x00, 0x00, 0x00, 0x20,
  0x00, 0x00, 0x00, 0x00, 0x00, 0x00, 0x00, 0x00, 0x00, 0x00, 0x00, 0x00,
  0xb0, 0x05, 0x00, 0x00, 0x00, 0x00, 0x00, 0x00, 0x00, 0x00, 0x00, 0x00,
  0x00, 0x6e, 0x56, 0x00, 0x00, 0x00, 0x00, 0x00, 0x00, 0x00, 0x00, 0x00,
  0x00, 0x00, 0x00, 0x63, 0x3f, 0x0c, 0x00, 0x00, 0x00, 0x00, 0x00, 0x00,
  0x00, 0x00, 0x00, 0x00, 0x00, 0x06, 0x00, 0x00, 0x00, 0x00, 0x00, 0x00,
  0x00, 0x00, 0x00, 0x00, 0x00, 0x00, 0x00, 0x00, 0x00, 0x00, 0x00, 0x00,
  0x00, 0x00, 0x00, 0x00, 0x00, 0x00, 0x00, 0x00, 0x00, 0x00, 0x00, 0x00,
  0x00, 0x00, 0x00, 0x00, 0x00, 0x00, 0x00, 0x00, 0x00, 0x00, 0x00, 0x00,
  0x00, 0x00, 0x00, 0x00, 0x00, 0x00, 0x00, 0x5b, 0x00, 0x00, 0x00, 0x00,
  0x00, 0x00, 0x00, 0x00, 0x00, 0x00, 0x00, 0x00, 0xb0, 0x05, 0x00, 0x00,
  0x00, 0x00, 0x00, 0x00, 0x00, 0x00, 0x00, 0x00, 0x00, 0x66, 0x4f, 0x00,
  0x00, 0x00, 0x00, 0x00, 0x00, 0x00, 0x00, 0x00, 0x00, 0x00, 0x00, 0x5a,
  0x37, 0x08, 0x00, 0x00, 0x00, 0x00, 0x00, 0x00, 0x00, 0x00, 0x00, 0x00,
  0x00, 0x04, 0x00, 0x00, 0x00, 0x00, 0x00, 0x00, 0x00, 0x00, 0x00, 0x00,
  0x00, 0x00, 0x00, 0x00, 0x00, 0x00, 0x00, 0x00, 0x00, 0x00, 0x00, 0x00,
  0x00, 0x00, 0x00, 0x00, 0x00, 0x00, 0x00, 0x00, 0x00, 0x00, 0x00, 0x00,
  0x00, 0x00, 0x00, 0x00, 0x00, 0x00, 0x00, 0x00, 0x00, 0x00, 0x00, 0x00,
  0x00, 0x00, 0x00, 0x91, 0x00, 0x00, 0x00, 0x00, 0x00, 0x00, 0x00, 0x00,
  0x00, 0x00, 0x00, 0x00, 0xa3, 0x04, 0x00, 0x00, 0x00, 0x00, 0x00, 0x00,
  0x00, 0x00, 0x00, 0x00, 0x00, 0x5f, 0x49, 0x00, 0x00, 0x00, 0x00, 0x00,
  0x00, 0x00, 0x00, 0x00, 0x00, 0x00, 0x00, 0x53, 0x30, 0x04, 0x00, 0x00,
  0x00, 0x00, 0x00, 0x00, 0x00, 0x00, 0x00, 0x00, 0x00, 0x02, 0x00, 0x00,
  0x00, 0x00, 0x00, 0x00, 0x00, 0x00, 0x00, 0x00, 0x00, 0x00, 0x00, 0x00,
  0x00, 0x00, 0x00, 0x00, 0x00, 0x00, 0x00, 0x00, 0x00, 0x00, 0x00, 0x00,
  0x00, 0x00, 0x00, 0x00, 0x00, 0x00, 0x00, 0x00, 0x00, 0x00, 0x1b, 0x00,
  0x00, 0x00, 0x00, 0x00, 0x00, 0x00, 0x00, 0x00, 0x00, 0x00, 0x00, 0xac,
  0x09, 0x00, 0x00, 0x00, 0x00, 0x00, 0x00, 0x00, 0x00, 0x00, 0x00, 0x00,
  0x96, 0x02, 0x00, 0x00, 0x00, 0x00, 0x00, 0x00, 0x00, 0x00, 0x00, 0x00,
  0x00, 0x58, 0x43, 0x00, 0x00, 0x00, 0x00, 0x00, 0x00, 0x00, 0x00, 0x00,
  0x00, 0x00, 0x00, 0x4c, 0x2a, 0x00, 0x00, 0x00, 0x00, 0x00, 0x00, 0x00,
  0x00, 0x00, 0x00, 0x00, 0x00, 0x00, 0x00, 0x00, 0x00, 0x00, 0x00, 0x00,
  0x00, 0x00, 0x00, 0x00, 0x00, 0x00, 0x00, 0x00, 0x00, 0x00, 0x00, 0x00,
  0x00, 0x00, 0x00, 0x00, 0x00, 0x00, 0x00, 0x00, 0x00, 0x00, 0x00, 0x00,
  0x00, 0x00, 0x00, 0x00, 0x00, 0x00, 0x4c, 0x13, 0x00, 0x00, 0x00, 0x00,
  0x00, 0x00, 0x00, 0x00, 0x00, 0x00, 0x00, 0xad, 0x0f, 0x00, 0x00, 0x00,
  0x00, 0x00, 0x00, 0x00, 0x00, 0x00, 0x00, 0x00, 0x8b, 0x00, 0x00, 0x00,
  0x00, 0x00, 0x00, 0x00, 0x00, 0x00, 0x00, 0x00, 0x00, 0x51, 0x3e, 0x00,
  0x00, 0x00, 0x00, 0x00, 0x00, 0x00, 0x00, 0x00, 0x00, 0x00, 0x00, 0x45,
  0x24, 0x00, 0x00, 0x00, 0x00, 0x00, 0x00, 0x00, 0x00, 0x00, 0x00, 0x00,
  0x00, 0x00, 0x00, 0x00, 0x00, 0x00, 0x00, 0x00, 0x00, 0x00, 0x00, 0x00,
  0x00, 0x00, 0x00, 0x00, 0x00, 0x00, 0x00, 0x00, 0x00, 0x00, 0x00, 0x00,
  0x00, 0x00, 0x00, 0x00, 0x00, 0x00, 0x00, 0x00, 0x00, 0x00, 0x00, 0x00,
  0x00, 0x00, 0x6e, 0x3e, 0x00, 0x00, 0x00, 0x00, 0x00, 0x00, 0x00, 0x00,
  0x00, 0x00, 0x00, 0xa4, 0x0e, 0x00, 0x00, 0x00, 0x00, 0x00, 0x00, 0x00,
  0x00, 0x00, 0x00, 0x00, 0x82, 0x00, 0x00, 0x00, 0x00, 0x00, 0x00, 0x00,
  0x00, 0x00, 0x00, 0x00, 0x00, 0x4b, 0x39, 0x00, 0x00, 0x00, 0x00, 0x00,
  0x00, 0x00, 0x00, 0x00, 0x00, 0x00, 0x00, 0x3e, 0x1f, 0x00, 0x00, 0x00,
  0x00, 0x00, 0x00, 0x00, 0x00, 0x00, 0x00, 0x00, 0x00, 0x00, 0x00, 0x00,
  0x00, 0x00, 0x00, 0x00, 0x00, 0x00, 0x00, 0x00, 0x00, 0x00, 0x00, 0x00,
  0x00, 0x00, 0x00, 0x00, 0x00, 0x00, 0x00, 0x00, 0x00, 0x00, 0x0c, 0x00,
  0x00, 0x00, 0x00, 0x00, 0x00, 0x00, 0x00, 0x00, 0x00, 0x00, 0x77, 0x6b,
  0x00, 0x00, 0x00, 0x00, 0x00, 0x00, 0x00, 0x00, 0x00, 0x00, 0x00, 0x99,
  0x08, 0x00, 0x00, 0x00, 0x00, 0x00, 0x00, 0x00, 0x00, 0x00, 0x00, 0x00,
  0x79, 0x00, 0x00, 0x00, 0x00, 0x00, 0x00, 0x00, 0x00, 0x00, 0x00, 0x00,
  0x00, 0x45, 0x33, 0x00, 0x00, 0x00, 0x00, 0x00, 0x00, 0x00, 0x00, 0x00,
  0x00, 0x00, 0x00, 0x38, 0x19, 0x00, 0x00, 0x00, 0x00, 0x00, 0x00, 0x00,
  0x00, 0x00, 0x00, 0x00, 0x00, 0x00, 0x00, 0x00, 0x00, 0x00, 0x00, 0x00,
  0x00, 0x00, 0x00, 0x00, 0x00, 0x00, 0x00, 0x00, 0x00, 0x00, 0x00, 0x00,
  0x00, 0x00, 0x00, 0x00, 0x00, 0x00, 0x40, 0x00, 0x00, 0x00, 0x00, 0x00,
  0x00, 0x00, 0x00, 0x00, 0x00, 0x00, 0x72, 0x86, 0x00, 0x00, 0x00, 0x00,
  0x00, 0x00, 0x00, 0x00, 0x00, 0x00, 0x00, 0x91, 0x04, 0x00, 0x00, 0x00,
  0x00, 0x00, 0x00, 0x00, 0x00, 0x00, 0x00, 0x00, 0x71, 0x00, 0x00, 0x00,
  0x00, 0x00, 0x00, 0x00, 0x00, 0x00, 0x00, 0x00, 0x00, 0x3f, 0x2f, 0x00,
  0x00, 0x00, 0x00, 0x00, 0x00, 0x00, 0x00, 0x00, 0x00, 0x00, 0x00, 0x32,
  0x14, 0x00, 0x00, 0x00, 0x00, 0x00, 0x00, 0x00, 0x00, 0x00, 0x00, 0x00,
  0x00, 0x00, 0x00, 0x00, 0x00, 0x00, 0x00, 0x00, 0x00, 0x00, 0x00, 0x00,
  0x00, 0x00, 0x00, 0x00, 0x00, 0x00, 0x00, 0x00, 0x00, 0x00, 0x00, 0x00,
  0x00, 0x00, 0x79, 0x03, 0x00, 0x00, 0x00, 0x00, 0x00, 0x00, 0x00, 0x00,
  0x00, 0x00, 0x6b, 0x8d, 0x00, 0x00, 0x00, 0x00, 0x00, 0x00, 0x00, 0x00,
  0x00, 0x00, 0x00, 0x88, 0x01, 0x00, 0x00, 0x00, 0x00, 0x00, 0x00, 0x00,
  0x00, 0x00, 0x00, 0x00, 0x6a, 0x00, 0x00, 0x00, 0x00, 0x00, 0x00, 0x00,
  0x00, 0x00, 0x00, 0x00, 0x00, 0x3a, 0x2a, 0x00, 0x00, 0x00, 0x00, 0x00,
  0x00, 0x00, 0x00, 0x00, 0x00, 0x00, 0x00, 0x2c, 0x10, 0x00, 0x00, 0x00,
  0x00, 0x00, 0x00, 0x00, 0x00, 0x00, 0x00, 0x00, 0x00, 0x00, 0x00, 0x00,
  0x00, 0x00, 0x00, 0x00, 0x00, 0x00, 0x00, 0x00, 0x00, 0x00, 0x00, 0x00,
  0x00, 0x00, 0x00, 0x00, 0x00, 0x00, 0x00, 0x00, 0x00, 0x00, 0x98, 0x36,
  0x00, 0x00, 0x00, 0x00, 0x00, 0x00, 0x00, 0x00, 0x00, 0x00, 0x65, 0x88,
  0x00, 0x00, 0x00, 0x00, 0x00, 0x00, 0x00, 0x00, 0x00, 0x00, 0x00, 0x80,
  0x00, 0x00, 0x00, 0x00, 0x00, 0x00, 0x00, 0x00, 0x00, 0x00, 0x00, 0x00,
  0x62, 0x00, 0x00, 0x00, 0x00, 0x00, 0x00, 0x00, 0x00, 0x00, 0x00, 0x00,
  0x00, 0x35, 0x26, 0x00, 0x00, 0x00, 0x00, 0x00, 0x00, 0x00, 0x00, 0x00,
  0x00, 0x00, 0x00, 0x27, 0x0c, 0x00, 0x00, 0x00, 0x00, 0x00, 0x00, 0x00,
  0x00, 0x00, 0x00, 0x00, 0x00, 0x00, 0x00, 0x00, 0x00, 0x00, 0x00, 0x00,
  0x00, 0x00, 0x00, 0x00, 0x00, 0x00, 0x00, 0x00, 0x00, 0x00, 0x00, 0x00,
  0x00, 0x00, 0x00, 0x00, 0x00, 0x00, 0x98, 0x7b, 0x00, 0x00, 0x00, 0x00,
  0x00, 0x00, 0x00, 0x00, 0x00, 0x00, 0x5f, 0x82, 0x00, 0x00, 0x00, 0x00,
  0x00, 0x00, 0x00, 0x00, 0x00, 0x00, 0x00, 0x78, 0x00, 0x00, 0x00, 0x00,
  0x00, 0x00, 0x00, 0x00, 0x00, 0x00, 0x00, 0x00, 0x5c, 0x00, 0x00, 0x00,
  0x00, 0x00, 0x00, 0x00, 0x00, 0x00, 0x00, 0x00, 0x00, 0x31, 0x22, 0x00,
  0x00, 0x00, 0x00, 0x00, 0x00, 0x00, 0x00, 0x00, 0x00, 0x00, 0x00, 0x22,
  0x09, 0x00, 0x00, 0x00, 0x00, 0x00, 0x00, 0x00, 0x00, 0x00, 0x00, 0x00,
  0x00, 0x00, 0x00, 0x00, 0x00, 0x00, 0x00, 0x00, 0x00, 0x00, 0x00, 0x00,
  0x00, 0x00, 0x11, 0x00, 0x00, 0x00, 0x00, 0x00, 0x00, 0x00, 0x00, 0x00,
  0x00, 0x00, 0x8d, 0xb1, 0x00, 0x00, 0x00, 0x00, 0x00, 0x00, 0x00, 0x00,
  0x00, 0x00, 0x5a, 0x7b, 0x00, 0x00, 0x00, 0x00, 0x00, 0x00, 0x00, 0x00,
  0x00, 0x00, 0x00, 0x71, 0x00, 0x00, 0x00, 0x00, 0x00, 0x00, 0x00, 0x00,
  0x00, 0x00, 0x00, 0x00, 0x55, 0x00, 0x00, 0x00, 0x00, 0x00, 0x00, 0x00,
  0x00, 0x00, 0x00, 0x00, 0x00, 0x2c, 0x1e, 0x00, 0x00, 0x00, 0x00, 0x00,
  0x00, 0x00, 0x00, 0x00, 0x00, 0x00, 0x00, 0x1d, 0x05, 0x00, 0x00, 0x00,
  0x00, 0x00, 0x00, 0x00, 0x00, 0x00, 0x00, 0x00, 0x00, 0x00, 0x00, 0x00,
  0x00, 0x00, 0x00, 0x00, 0x00, 0x00, 0x00, 0x00, 0x00, 0x00, 0x19, 0x05,
  0x00, 0x00, 0x00, 0x00, 0x00, 0x00, 0x00, 0x00, 0x00, 0x00, 0x83, 0xbd,
  0x31, 0x00, 0x00, 0x00, 0x00, 0x00, 0x00, 0x00, 0x00, 0x00, 0x54, 0x75,
  0x00, 0x00, 0x00, 0x00, 0x00, 0x00, 0x00, 0x00, 0x00, 0x00, 0x00, 0x6a,
  0x00, 0x00, 0x00, 0x00, 0x00, 0x00, 0x00, 0x00, 0x00, 0x00, 0x00, 0x00,
  0x4f, 0x00, 0x00, 0x00, 0x00, 0x00, 0x00, 0x00, 0x00, 0x00, 0x00, 0x00,
  0x00, 0x28, 0x1b, 0x00, 0x00, 0x00, 0x00, 0x00, 0x00, 0x00, 0x00, 0x00,
  0x00, 0x00, 0x00, 0x19, 0x02, 0x00, 0x00, 0x00, 0x00, 0x00, 0x00, 0x00,
  0x00, 0x00, 0x00, 0x00, 0x00, 0x00, 0x00, 0x00, 0x00, 0x00, 0x00, 0x00,
  0x00, 0x00, 0x00, 0x00, 0x00, 0x00, 0x19, 0x19, 0x00, 0x00, 0x00, 0x00,
  0x00, 0x00, 0x00, 0x00, 0x00, 0x00, 0x7c, 0xbc, 0x78, 0x00, 0x00, 0x00,
  0x00, 0x00, 0x00, 0x00, 0x00, 0x00, 0x4f, 0x6f, 0x00, 0x00, 0x00, 0x00,
  0x00, 0x00, 0x00, 0x00, 0x00, 0x00, 0x00, 0x64, 0x00, 0x00, 0x00, 0x00,
  0x00, 0x00, 0x00, 0x00, 0x00, 0x00, 0x00, 0x00, 0x49, 0x00, 0x00, 0x00,
  0x00, 0x00, 0x00, 0x00, 0x00, 0x00, 0x00, 0x00, 0x00, 0x24, 0x17, 0x00,
  0x00, 0x00, 0x00, 0x00, 0x00, 0x00, 0x00, 0x00, 0x00, 0x00, 0x00, 0x15,
  0x00, 0x00, 0x00, 0x00, 0x00, 0x00, 0x00, 0x00, 0x00, 0x00, 0x00, 0x00,
  0x00, 0x00, 0x00, 0x00, 0x00, 0x00, 0x00, 0x00, 0x00, 0x00, 0x00, 0x00,
  0x00, 0x00, 0x17, 0x23, 0x00, 0x00, 0x00, 0x00, 0x00, 0x00, 0x00, 0x00,
  0x00, 0x00, 0x76, 0xb4, 0xab, 0x0c, 0x00, 0x00, 0x00, 0x00, 0x00, 0x00,
  0x00, 0x00, 0x4b, 0x69, 0x00, 0x00, 0x00, 0x00, 0x00, 0x00, 0x00, 0x00,
  0x00, 0x00, 0x00, 0x5d, 0x00, 0x00, 0x00, 0x00, 0x00, 0x00, 0x00, 0x00,
  0x00, 0x00, 0x00, 0x00, 0x44, 0x00, 0x00, 0x00, 0x00, 0x00, 0x00, 0x00,
  0x00, 0x00, 0x00, 0x00, 0x00, 0x21, 0x15, 0x00, 0x00, 0x00, 0x00, 0x00,
  0x00, 0x00, 0x00, 0x00, 0x00, 0x00, 0x00, 0x12, 0x00, 0x00, 0x00, 0x00,
  0x00, 0x00, 0x00, 0x00, 0x00, 0x00, 0x00, 0x00, 0x00, 0x00, 0x00, 0x00,
  0x00, 0x00, 0x00, 0x00, 0x00, 0x00, 0x00, 0x00, 0x00, 0x00, 0x15, 0x22,
  0x00, 0x00, 0x00, 0x00, 0x00, 0x00, 0x00, 0x00, 0x00, 0x00, 0x6f, 0xa9,
  0xb2, 0x52, 0x00, 0x00, 0x00, 0x00, 0x00, 0x00, 0x00, 0x00, 0x46, 0x63,
  0x00, 0x00, 0x00, 0x00, 0x00, 0x00, 0x00, 0x00, 0x00, 0x00, 0x00, 0x57,
  0x00, 0x00, 0x00, 0x00, 0x00, 0x00, 0x00, 0x00, 0x00, 0x00, 0x00, 0x00,
  0x3e, 0x00, 0x00, 0x00, 0x00, 0x00, 0x00, 0x00, 0x00, 0x00, 0x00, 0x00,
  0x00, 0x1d, 0x12, 0x00, 0x00, 0x00, 0x00, 0x00, 0x00, 0x00, 0x00, 0x00,
  0x00, 0x00, 0x00, 0x0e, 0x00, 0x00, 0x00, 0x00, 0x00, 0x00, 0x00, 0x00,
  0x00, 0x00, 0x00, 0x00, 0x00, 0x00, 0x00, 0x00, 0x00, 0x00, 0x00, 0x00,
  0x00, 0x00, 0x00, 0x00, 0x00, 0x00, 0x13, 0x22, 0x00, 0x00, 0x00, 0x00,
  0x00, 0x00, 0x00, 0x00, 0x00, 0x00, 0x6a, 0xa1, 0xb2, 0x9d, 0x00, 0x00,
  0x00, 0x00, 0x00, 0x00, 0x00, 0x00, 0x42, 0x5d, 0x00, 0x00, 0x01, 0x00,
  0x00, 0x00, 0x00, 0x00, 0x00, 0x00, 0x00, 0x52, 0x00, 0x00, 0x00, 0x00,
  0x00, 0x00, 0x00, 0x00, 0x00, 0x00, 0x00, 0x00, 0x3a, 0x00, 0x00, 0x00,
  0x00, 0x00, 0x00, 0x00, 0x00, 0x00, 0x00, 0x00, 0x00, 0x1a, 0x0f, 0x00,
  0x00, 0x00, 0x00, 0x00, 0x00, 0x00, 0x00, 0x00, 0x00, 0x00, 0x00, 0x0b,
  0x00, 0x00, 0x00, 0x00, 0x00, 0x00, 0x00, 0x00, 0x00, 0x00, 0x00, 0x00,
  0x00, 0x00, 0x00, 0x00, 0x00, 0x00, 0x00, 0x00, 0x00, 0x00, 0x00, 0x00,
  0x00, 0x00, 0x12, 0x21, 0x00, 0x00, 0x00, 0x00, 0x00, 0x00, 0x00, 0x00,
  0x00, 0x00, 0x64, 0x99, 0xa7, 0xbd, 0x17, 0x00, 0x00, 0x00, 0x00, 0x00,
  0x00, 0x00, 0x3e, 0x58, 0x00, 0x00, 0x1a, 0x03, 0x00, 0x00, 0x00, 0x00,
  0x00, 0x00, 0x00, 0x4c, 0x00, 0x00, 0x00, 0x00, 0x00, 0x00, 0x00, 0x00,
  0x00, 0x00, 0x00, 0x00, 0x35, 0x00, 0x00, 0x00, 0x00, 0x00, 0x00, 0x00,
  0x00, 0x00, 0x00, 0x00, 0x00, 0x17, 0x0c, 0x00, 0x00, 0x00, 0x00, 0x00,
  0x00, 0x00, 0x00, 0x00, 0x00, 0x00, 0x00, 0x08, 0x00, 0x00, 0x00, 0x00,
  0x00, 0x00, 0x00, 0x00, 0x00, 0x00, 0x00, 0x00, 0x00, 0x00, 0x00, 0x00,
  0x00, 0x00, 0x00, 0x00, 0x00, 0x00, 0x00, 0x00, 0x00, 0x00, 0x11, 0x1f,
  0x00, 0x00, 0x00, 0x00, 0x00, 0x00, 0x00, 0x00, 0x00, 0x00, 0x5f, 0x92,
  0x9f, 0xbf, 0x3a, 0x00, 0x00, 0x00, 0x00, 0x00, 0x00, 0x00, 0x3a, 0x53,
  0x00, 0x00, 0x2b, 0x3e, 0x00, 0x00, 0x00, 0x00, 0x00, 0x00, 0x00, 0x47,
  0x00, 0x00, 0x00, 0x00, 0x00, 0x00, 0x00, 0x00, 0x00, 0x00, 0x00, 0x00,
  0x31, 0x00, 0x00, 0x00, 0x00, 0x00, 0x00, 0x00, 0x00, 0x00, 0x00, 0x00,
  0x00, 0x14, 0x0a, 0x00, 0x00, 0x00, 0x00, 0x00, 0x00, 0x00, 0x00, 0x00,
  0x00, 0x00, 0x00, 0x05, 0x00, 0x00, 0x00, 0x00, 0x00, 0x00, 0x00, 0x00,
  0x00, 0x00, 0x00, 0x00, 0x00, 0x00, 0x00, 0x00, 0x00, 0x00, 0x00, 0x00,
  0x00, 0x00, 0x00, 0x00, 0x00, 0x00, 0x0f, 0x1d, 0x00, 0x00, 0x00, 0x00,
  0x00, 0x00, 0x00, 0x00, 0x00, 0x00, 0x59, 0x8b, 0x98, 0xba, 0x41, 0x00,
  0x00, 0x00, 0x00, 0x00, 0x00, 0x00, 0x35, 0x4e, 0x00, 0x00, 0x2b, 0x91,
  0x00, 0x00, 0x00, 0x00, 0x00, 0x00, 0x00, 0x42, 0x00, 0x00, 0x00, 0x00,
  0x00, 0x00, 0x00, 0x00, 0x00, 0x00, 0x00, 0x00, 0x2c, 0x00, 0x00, 0x00,
  0x00, 0x00, 0x00, 0x00, 0x00, 0x00, 0x00, 0x00, 0x00, 0x11, 0x07, 0x00,
  0x00, 0x00, 0x00, 0x00, 0x00, 0x00, 0x00, 0x00, 0x00, 0x00, 0x00, 0x02,
  0x00, 0x00, 0x00, 0x00, 0x00, 0x00, 0x00, 0x00, 0x00, 0x00, 0x00, 0x00,
  0x00, 0x00, 0x00, 0x00, 0x00, 0x00, 0x00, 0x00, 0x00, 0x00, 0x00, 0x00,
  0x00, 0x00, 0x0e, 0x1b, 0x00, 0x00, 0x00, 0x00, 0x00, 0x00, 0x00, 0x00,
  0x00, 0x00, 0x54, 0x84, 0x91, 0xb3, 0x3a, 0x00, 0x00, 0x00, 0x00, 0x00,
  0x00, 0x00, 0x32, 0x4a, 0x00, 0x00, 0x24, 0xc7, 0x11, 0x00, 0x00, 0x00,
  0x00, 0x00, 0x00, 0x3d, 0x00, 0x00, 0x00, 0x00, 0x08, 0x00, 0x00, 0x00,
  0x00, 0x00, 0x00, 0x00, 0x28, 0x00, 0x00, 0x00, 0x00, 0x00, 0x00, 0x00,
  0x00, 0x00, 0x00, 0x00, 0x00, 0x0d, 0x05, 0x00, 0x00, 0x00, 0x00, 0x00,
  0x00, 0x00, 0x00, 0x00, 0x00, 0x00, 0x00, 0x00, 0x00, 0x00, 0x00, 0x00,
  0x00, 0x00, 0x00, 0x00, 0x00, 0x00, 0x00, 0x00, 0x00, 0x00, 0x00, 0x00,
  0x00, 0x00, 0x00, 0x00, 0x00, 0x00, 0x00, 0x00, 0x00, 0x00, 0x0c, 0x19,
  0x00, 0x00, 0x00, 0x00, 0x00, 0x00, 0x00, 0x00, 0x00, 0x00, 0x4f, 0x7d,
  0x8a, 0xac, 0x36, 0x00, 0x00, 0x00, 0x00, 0x00, 0x00, 0x00, 0x2e, 0x44,
  0x00, 0x00, 0x21, 0xce, 0x29, 0x00, 0x00, 0x00, 0x00, 0x00, 0x00, 0x38,
  0x00, 0x00, 0x00, 0x00, 0x31, 0x31, 0x00, 0x00, 0x00, 0x00, 0x00, 0x00,
  0x24, 0x00, 0x00, 0x00, 0x00, 0x00, 0x00, 0x00, 0x00, 0x00, 0x00, 0x00,
  0x00, 0x0a, 0x02, 0x00, 0x00, 0x00, 0x00, 0x00, 0x00, 0x00, 0x00, 0x00,
  0x00, 0x00, 0x00, 0x00, 0x00, 0x00, 0x00, 0x00, 0x00, 0x00, 0x00, 0x00,
  0x00, 0x00, 0x00, 0x00, 0x00, 0x00, 0x00, 0x00, 0x00, 0x00, 0x00, 0x00,
  0x00, 0x00, 0x00, 0x00, 0x00, 0x00, 0x0b, 0x17, 0x00, 0x00, 0x00, 0x00,
  0x00, 0x00, 0x00, 0x00, 0x00, 0x00, 0x4b, 0x76, 0x83, 0xa5, 0x33, 0x00,
  0x00, 0x00, 0x00, 0x00, 0x00, 0x00, 0x2b, 0x40, 0x00, 0x00, 0x1f, 0xc5,
  0x26, 0x00, 0x00, 0x00, 0x00, 0x00, 0x00, 0x33, 0x00, 0x00, 0x00, 0x00,
  0x44, 0x83, 0x00, 0x00, 0x00, 0x00, 0x00, 0x00, 0x20, 0x00, 0x00, 0x00,
  0x00, 0x00, 0x00, 0x00, 0x00, 0x00, 0x00, 0x00, 0x00, 0x08, 0x00, 0x00,
  0x00, 0x00, 0x00, 0x00, 0x00, 0x00, 0x00, 0x00, 0x00, 0x00, 0x00, 0x00,
  0x00, 0x00, 0x00, 0x00, 0x00, 0x00, 0x00, 0x00, 0x00, 0x00, 0x00, 0x00,
  0x00, 0x00, 0x00, 0x00, 0x00, 0x00, 0x00, 0x00, 0x00, 0x00, 0x00, 0x00,
  0x00, 0x00, 0x0a, 0x16, 0x00, 0x00, 0x00, 0x00, 0x00, 0x00, 0x00, 0x00,
  0x00, 0x00, 0x46, 0x70, 0x7d, 0x9d, 0x30, 0x00, 0x00, 0x00, 0x00, 0x00,
  0x00, 0x00, 0x27, 0x3c, 0x00, 0x00, 0x1d, 0xbd, 0x1f, 0x00, 0x00, 0x00,
  0x00, 0x00, 0x00, 0x2f, 0x00, 0x00, 0x00, 0x00, 0x43, 0xb1, 0x00, 0x00,
  0x00, 0x00, 0x00, 0x00, 0x1b, 0x00, 0x00, 0x00, 0x00, 0x00, 0x35, 0x00,
  0x00, 0x00, 0x00, 0x00, 0x00, 0x04, 0x00, 0x00, 0x00, 0x00, 0x00, 0x00,
  0x00, 0x00, 0x00, 0x00, 0x00, 0x00, 0x00, 0x00, 0x00, 0x00, 0x00, 0x00,
  0x00, 0x00, 0x00, 0x00, 0x00, 0x00, 0x00, 0x00, 0x00, 0x00, 0x00, 0x00,
  0x00, 0x00, 0x00, 0x00, 0x00, 0x00, 0x00, 0x00, 0x00, 0x00, 0x08, 0x14,
  0x00, 0x00, 0x00, 0x00, 0x00, 0x00, 0x00, 0x00, 0x00, 0x00, 0x41, 0x6a,
  0x76, 0x96, 0x2d, 0x00, 0x00, 0x00, 0x00, 0x00, 0x00, 0x00, 0x23, 0x37,
  0x00, 0x00, 0x1b, 0xb5, 0x1c, 0x00, 0x00, 0x00, 0x00, 0x00, 0x00, 0x2a,
  0x00, 0x00, 0x00, 0x00, 0x40, 0xb1, 0x00, 0x00, 0x00, 0x00, 0x00, 0x00,
  0x17, 0x00, 0x00, 0x00, 0x00, 0x00, 0x89, 0x0f, 0x00, 0x00, 0x00, 0x00,
  0x00, 0x02, 0x00, 0x00, 0x00, 0x00, 0x00, 0x00, 0x00, 0x00, 0x00, 0x00,
  0x00, 0x00, 0x00, 0x00, 0x00, 0x00, 0x00, 0x00, 0x00, 0x00, 0x00, 0x00,
  0x00, 0x00, 0x00, 0x00, 0x00, 0x00, 0x00, 0x00, 0x00, 0x00, 0x00, 0x00,
  0x00, 0x00, 0x00, 0x00, 0x00, 0x00, 0x07, 0x12, 0x00, 0x00, 0x00, 0x00,
  0x00, 0x00, 0x00, 0x00, 0x00, 0x00, 0x3d, 0x64, 0x70, 0x8f, 0x2b, 0x00,
  0x00, 0x00, 0x00, 0x00, 0x00, 0x00, 0x20, 0x34, 0x00, 0x00, 0x19, 0xae,
  0x1a, 0x00, 0x00, 0x00, 0x00, 0x00, 0x00, 0x26, 0x00, 0x00, 0x00, 0x00,
  0x3e, 0xa6, 0x00, 0x00, 0x00, 0x00, 0x00, 0x00, 0x14, 0x00, 0x00, 0x00,
  0x00, 0x00, 0xae, 0x38, 0x00, 0x00, 0x00, 0x00, 0x00, 0x00, 0x00, 0x00,
  0x00, 0x00, 0x00, 0x0c, 0x0b, 0x00, 0x00, 0x00, 0x00, 0x00, 0x00, 0x00,
  0x00, 0x00, 0x00, 0x00, 0x00, 0x00, 0x00, 0x00, 0x00, 0x00, 0x00, 0x00,
  0x00, 0x00, 0x00, 0x00, 0x00, 0x00, 0x00, 0x00, 0x00, 0x00, 0x00, 0x00,
  0x00, 0x00, 0x06, 0x11, 0x00, 0x00, 0x00, 0x00, 0x00, 0x00, 0x00, 0x00,
  0x00, 0x00, 0x38, 0x5d, 0x6a, 0x88, 0x29, 0x00, 0x00, 0x00, 0x00, 0x00,
  0x00, 0x00, 0x1d, 0x2f, 0x00, 0x00, 0x17, 0xa6, 0x19, 0x00, 0x00, 0x00,
  0x00, 0x00, 0x00, 0x21, 0x00, 0x00, 0x00, 0x00, 0x3a, 0x9f, 0x00, 0x00,
  0x00, 0x00, 0x00, 0x00, 0x10, 0x00, 0x00, 0x00, 0x00, 0x00, 0xad, 0x48,
  0x00, 0x00, 0x00, 0x00, 0x00, 0x00, 0x00, 0x00, 0x00, 0x00, 0x00, 0x29,
  0x5d, 0x00, 0x00, 0x00, 0x00, 0x00, 0x00, 0x00, 0x00, 0x00, 0x00, 0x00,
  0x00, 0x00, 0x00, 0x00, 0x00, 0x00, 0x00, 0x00, 0x00, 0x00, 0x00, 0x00,
  0x00, 0x00, 0x00, 0x00, 0x00, 0x00, 0x00, 0x00, 0x00, 0x00, 0x05, 0x0f,
  0x00, 0x00, 0x00, 0x00, 0x00, 0x00, 0x00, 0x00, 0x00, 0x00, 0x34, 0x58,
  0x65, 0x82, 0x27, 0x00, 0x00, 0x00, 0x00, 0x00, 0x00, 0x00, 0x1b, 0x2b,
  0x00, 0x00, 0x16, 0x9f, 0x17, 0x00, 0x00, 0x00, 0x00, 0x00, 0x00, 0x1e,
  0x00, 0x00, 0x00, 0x00, 0x38, 0x98, 0x00, 0x00, 0x00, 0x00, 0x00, 0x00,
  0x0c, 0x00, 0x00, 0x00, 0x00, 0x00, 0xa7, 0x41, 0x00, 0x00, 0x00, 0x00,
  0x00, 0x00, 0x00, 0x00, 0x00, 0x00, 0x00, 0x2a, 0xb1, 0x00, 0x00, 0x00,
  0x00, 0x00, 0x00, 0x00, 0x00, 0x00, 0x00, 0x00, 0x00, 0x07, 0x00, 0x00,
  0x00, 0x00, 0x00, 0x00, 0x00, 0x00, 0x00, 0x00, 0x00, 0x00, 0x00, 0x00,
  0x00, 0x00, 0x00, 0x00, 0x00, 0x00, 0x04, 0x0e, 0x00, 0x00, 0x00, 0x00,
  0x00, 0x00, 0x00, 0x00, 0x00, 0x00, 0x30, 0x53, 0x5f, 0x7b, 0x24, 0x00,
  0x00, 0x00, 0x00, 0x00, 0x00, 0x00, 0x17, 0x28, 0x00, 0x00, 0x14, 0x97,
  0x15, 0x00, 0x00, 0x00, 0x00, 0x00, 0x00, 0x1a, 0x00, 0x00, 0x00, 0x00,
  0x35, 0x92, 0x00, 0x00, 0x00, 0x00, 0x00, 0x00, 0x09, 0x00, 0x00, 0x00,
  0x00, 0x00, 0xa1, 0x3a, 0x00, 0x00, 0x00, 0x00, 0x00, 0x00, 0x00, 0x00,
  0x00, 0x00, 0x00, 0x25, 0xcd, 0x08, 0x00, 0x00, 0x00, 0x00, 0x00, 0x00,
  0x00, 0x00, 0x00, 0x00, 0x00, 0x40, 0x14, 0x00, 0x00, 0x00, 0x00, 0x00,
  0x00, 0x00, 0x00, 0x00, 0x00, 0x00, 0x00, 0x00, 0x00, 0x00, 0x00, 0x00,
  0x00, 0x00, 0x03, 0x0c, 0x00, 0x00, 0x00, 0x00, 0x00, 0x00, 0x00, 0x00,
  0x00, 0x00, 0x2d, 0x4e, 0x5a, 0x75, 0x22, 0x00, 0x00, 0x00, 0x00, 0x00,
  0x00, 0x00, 0x15, 0x24, 0x00, 0x00, 0x13, 0x92, 0x14, 0x00, 0x00, 0x00,
  0x00, 0x00, 0x00, 0x17, 0x00, 0x00, 0x00, 0x00, 0x32, 0x8c, 0x00, 0x00,
  0x00, 0x00, 0x00, 0x00, 0x06, 0x00, 0x00, 0x00, 0x00, 0x00, 0x9a, 0x38,
  0x00, 0x00, 0x00, 0x00, 0x00, 0x00, 0x00, 0x00, 0x00, 0x00, 0x00, 0x23,
  0xc8, 0x15, 0x00, 0x00, 0x00, 0x00, 0x00, 0x00, 0x00, 0x00, 0x00, 0x00,
  0x00, 0x56, 0x70, 0x00, 0x00, 0x00, 0x00, 0x00, 0x00, 0x00, 0x00, 0x00,
  0x00, 0x00, 0x00, 0x00, 0x00, 0x00, 0x00, 0x00, 0x00, 0x00, 0x02, 0x0b,
  0x00, 0x00, 0x00, 0x00, 0x00, 0x00, 0x00, 0x00, 0x00, 0x00, 0x29, 0x49,
  0x55, 0x6f, 0x20, 0x00, 0x00, 0x00, 0x00, 0x00, 0x00, 0x00, 0x12, 0x21,
  0x00, 0x00, 0x12, 0x8b, 0x13, 0x00, 0x00, 0x00, 0x00, 0x00, 0x00, 0x13,
  0x00, 0x00, 0x00, 0x00, 0x2f, 0x86, 0x00, 0x00, 0x00, 0x00, 0x00, 0x00,
  0x03, 0x00, 0x00, 0x00, 0x00, 0x00, 0x94, 0x35, 0x00, 0x00, 0x00, 0x00,
  0x00, 0x00, 0x00, 0x00, 0x00, 0x00, 0x00, 0x21, 0xc1, 0x14, 0x00, 0x00,
  0x00, 0x00, 0x00, 0x00, 0x00, 0x00, 0x00, 0x00, 0x00, 0x4d, 0xc0, 0x05,
  0x00, 0x00, 0x00, 0x00, 0x00, 0x00, 0x00, 0x00, 0x00, 0x00, 0x00, 0x00,
  0x00, 0x00, 0x00, 0x00, 0x00, 0x00, 0x01, 0x0a, 0x00, 0x00, 0x00, 0x00,
  0x00, 0x00, 0x00, 0x00, 0x00, 0x00, 0x26, 0x44, 0x50, 0x6a, 0x1e, 0x00,
  0x00, 0x00, 0x00, 0x00, 0x00, 0x00, 0x10, 0x1e, 0x00, 0x00, 0x10, 0x84,
  0x11, 0x00, 0x00, 0x00, 0x00, 0x00, 0x00, 0x10, 0x00, 0x00, 0x00, 0x00,
  0x2d, 0x80, 0x00, 0x00, 0x00, 0x00, 0x00, 0x00, 0x00, 0x00, 0x00, 0x00,
  0x00, 0x00, 0x8e, 0x33, 0x00, 0x00, 0x00, 0x00, 0x00, 0x00, 0x00, 0x00,
  0x00, 0x00, 0x00, 0x1f, 0xba, 0x12, 0x00, 0x00, 0x00, 0x00, 0x00, 0x00,
  0x00, 0x00, 0x00, 0x00, 0x00, 0x48, 0xcc, 0x56, 0x00, 0x00, 0x00, 0x00,
  0x00, 0x00, 0x00, 0x00, 0x00, 0x00, 0x00, 0x08, 0x10, 0x00, 0x00, 0x00,
  0x00, 0x00, 0x00, 0x08, 0x00, 0x00, 0x00, 0x00, 0x00, 0x00, 0x00, 0x00,
  0x00, 0x00, 0x22, 0x40, 0x4c, 0x65, 0x1b, 0x00, 0x00, 0x00, 0x00, 0x00,
  0x00, 0x00, 0x0d, 0x1a, 0x00, 0x00, 0x0e, 0x7f, 0x10, 0x00, 0x00, 0x00,
  0x00, 0x00, 0x00, 0x0d, 0x00, 0x00, 0x00, 0x00, 0x2a, 0x7b, 0x00, 0x00,
  0x00, 0x00, 0x00, 0x00, 0x00, 0x00, 0x00, 0x00, 0x00, 0x00, 0x88, 0x30,
  0x00, 0x00, 0x00, 0x00, 0x00, 0x00, 0x00, 0x00, 0x00, 0x00, 0x00, 0x1d,
  0xb3, 0x12, 0x00, 0x00, 0x00, 0x00, 0x00, 0x00, 0x00, 0x00, 0x00, 0x00,
  0x00, 0x45, 0xc6, 0x9e, 0x00, 0x00, 0x00, 0x00, 0x00, 0x00, 0x00, 0x00,
  0x00, 0x00, 0x00, 0x06, 0x30, 0x00, 0x00, 0x00, 0x00, 0x00, 0x00, 0x07,
  0x00, 0x00, 0x00, 0x00, 0x00, 0x00, 0x00, 0x00, 0x00, 0x00, 0x1f, 0x3b,
  0x47, 0x5f, 0x1a, 0x00, 0x00, 0x00, 0x00, 0x00, 0x00, 0x00, 0x0b, 0x17,
  0x00, 0x00, 0x0d, 0x79, 0x0f, 0x00, 0x00, 0x00, 0x00, 0x00, 0x00, 0x0a,
  0x00, 0x00, 0x00, 0x00, 0x28, 0x75, 0x00, 0x00, 0x00, 0x00, 0x00, 0x00,
  0x00, 0x00, 0x00, 0x00, 0x00, 0x00, 0x83, 0x2e, 0x00, 0x00, 0x00, 0x00,
  0x00, 0x00, 0x00, 0x00, 0x00, 0x00, 0x00, 0x1c, 0xac, 0x11, 0x00, 0x00,
  0x00, 0x00, 0x00, 0x00, 0x00, 0x00, 0x00, 0x00, 0x00, 0x42, 0xbf, 0xa5,
  0x53, 0x00, 0x00, 0x00, 0x00, 0x00, 0x00, 0x00, 0x00, 0x00, 0x00, 0x04,
  0x34, 0x15, 0x00, 0x00, 0x00, 0x00, 0x00, 0x06, 0x00, 0x00, 0x00, 0x00,
  0x00, 0x00, 0x00, 0x00, 0x00, 0x00, 0x1c, 0x37, 0x43, 0x5a, 0x18, 0x00,
  0x00, 0x00, 0x00, 0x00, 0x00, 0x00, 0x09, 0x14, 0x00, 0x00, 0x0c, 0x73,
  0x0d, 0x00, 0x00, 0x00, 0x00, 0x00, 0x00, 0x07, 0x00, 0x00, 0x00, 0x00,
  0x26, 0x71, 0x00, 0x00, 0x00, 0x00, 0x00, 0x00, 0x00, 0x00, 0x00, 0x00,
  0x00, 0x00, 0x7e, 0x2b, 0x00, 0x00, 0x00, 0x00, 0x00, 0x00, 0x00, 0x00,
  0x00, 0x00, 0x00, 0x1a, 0xa6, 0x10, 0x00, 0x00, 0x00, 0x00, 0x00, 0x00,
  0x00, 0x00, 0x00, 0x00, 0x00, 0x3f, 0xba, 0xa3, 0xa6, 0x05, 0x00, 0x00,
  0x00, 0x00, 0x00, 0x00, 0x00, 0x00, 0x00, 0x03, 0x34, 0x28, 0x00, 0x00,
  0x00, 0x00, 0x00, 0x05, 0x00, 0x00, 0x00, 0x00, 0x00, 0x00, 0x00, 0x00,
  0x00, 0x00, 0x19, 0x33, 0x3e, 0x55, 0x16, 0x00, 0x00, 0x00, 0x00, 0x00,
  0x00, 0x00, 0x07, 0x12, 0x00, 0x00, 0x0b, 0x6d, 0x0c, 0x00, 0x00, 0x00,
  0x00, 0x00, 0x00, 0x04, 0x00, 0x00, 0x00, 0x00, 0x24, 0x6b, 0x00, 0x00,
  0x00, 0x00, 0x00, 0x00, 0x00, 0x00, 0x00, 0x00, 0x00, 0x00, 0x79, 0x2a,
  0x00, 0x00, 0x00, 0x00, 0x00, 0x00, 0x00, 0x00, 0x00, 0x00, 0x00, 0x19,
  0xa0, 0x0e, 0x00, 0x00, 0x00, 0x00, 0x00, 0x00, 0x00, 0x00, 0x00, 0x00,
  0x00, 0x3c, 0xb3, 0xa0, 0xb7, 0x61, 0x00, 0x00, 0x00, 0x00, 0x00, 0x00,
  0x00, 0x00, 0x00, 0x02, 0x34, 0x27, 0x00, 0x00, 0x00, 0x00, 0x00, 0x04,
  0x00, 0x00, 0x00, 0x00, 0x00, 0x00, 0x00, 0x00, 0x00, 0x00, 0x17, 0x2f,
  0x3b, 0x51, 0x15, 0x00, 0x00, 0x00, 0x00, 0x00, 0x00, 0x00, 0x05, 0x0f,
  0x00, 0x00, 0x0a, 0x69, 0x0b, 0x00, 0x00, 0x00, 0x00, 0x00, 0x00, 0x01,
  0x00, 0x00, 0x00, 0x00, 0x22, 0x67, 0x00, 0x00, 0x00, 0x00, 0x00, 0x00,
  0x00, 0x00, 0x00, 0x00, 0x00, 0x00, 0x74, 0x28, 0x00, 0x00, 0x00, 0x00,
  0x00, 0x00, 0x00, 0x00, 0x00, 0x00, 0x00, 0x18, 0x9a, 0x0e, 0x00, 0x00,
  0x2a, 0x00, 0x00, 0x00, 0x00, 0x00, 0x00, 0x00, 0x00, 0x39, 0xad, 0x9b,
  0xb3, 0xaa, 0x00, 0x00, 0x00, 0x00, 0x00, 0x00, 0x00, 0x00, 0x00, 0x02,
  0x33, 0x26, 0x00, 0x00, 0x00, 0x00, 0x00, 0x03, 0x00, 0x00, 0x00, 0x00,
  0x00, 0x00, 0x00, 0x00, 0x00, 0x00, 0x14, 0x2b, 0x37, 0x4c, 0x13, 0x00,
  0x00, 0x00, 0x00, 0x00, 0x00, 0x00, 0x03, 0x0c, 0x00, 0x00, 0x08, 0x64,
  0x0a, 0x00, 0x00, 0x00, 0x00, 0x00, 0x00, 0x00, 0x00, 0x00, 0x00, 0x00,
  0x20, 0x63, 0x00, 0x00, 0x00, 0x00, 0x00, 0x00, 0x00, 0x00, 0x00, 0x00,
  0x00, 0x00, 0x6f, 0x25, 0x00, 0x00, 0x00, 0x00, 0x00, 0x00, 0x00, 0x00,
  0x00, 0x00, 0x00, 0x16, 0x95, 0x0d, 0x00, 0x00, 0x62, 0x35, 0x00, 0x00,
  0x00, 0x00, 0x00, 0x00, 0x00, 0x37, 0xa7, 0x96, 0xb0, 0xb2, 0x09, 0x00,
  0x00, 0x00, 0x00, 0x00, 0x00, 0x00, 0x00, 0x01, 0x31, 0x25, 0x00, 0x00,
  0x00, 0x00, 0x00, 0x02, 0x00, 0x00, 0x00, 0x00, 0x00, 0x00, 0x00, 0x00,
  0x00, 0x00, 0x12, 0x28, 0x33, 0x48, 0x12, 0x00, 0x00, 0x00, 0x00, 0x00,
  0x00, 0x00, 0x01, 0x0a, 0x00, 0x00, 0x07, 0x5f, 0x09, 0x00, 0x00, 0x00,
  0x00, 0x00, 0x00, 0x00, 0x00, 0x00, 0x00, 0x00, 0x1f, 0x5e, 0x00, 0x00,
  0x00, 0x00, 0x00, 0x00, 0x00, 0x00, 0x00, 0x00, 0x00, 0x00, 0x6a, 0x24,
  0x00, 0x00, 0x00, 0x00, 0x0b, 0x00, 0x00, 0x00, 0x00, 0x00, 0x00, 0x15,
  0x8f, 0x0c, 0x00, 0x00, 0x76, 0x88, 0x00, 0x00, 0x00, 0x00, 0x00, 0x00,
  0x00, 0x35, 0xa1, 0x91, 0xad, 0xad, 0x04, 0x00, 0x00, 0x00, 0x00, 0x00,
  0x00, 0x00, 0x00, 0x01, 0x2f, 0x24, 0x00, 0x00, 0x00, 0x00, 0x00, 0x01,
  0x00, 0x00, 0x00, 0x00, 0x00, 0x00, 0x00, 0x00, 0x00, 0x00, 0x0f, 0x24,
  0x30, 0x44, 0x10, 0x00, 0x00, 0x00, 0x00, 0x00, 0x00, 0x00, 0x00, 0x08,
  0x00, 0x00, 0x06, 0x5a, 0x08, 0x00, 0x00, 0x00, 0x00, 0x00, 0x00, 0x00,
  0x00, 0x00, 0x00, 0x00, 0x1c, 0x5a, 0x00, 0x00, 0x00, 0x00, 0x00, 0x00,
  0x00, 0x00, 0x00, 0x00, 0x00, 0x00, 0x66, 0x22, 0x00, 0x00, 0x00, 0x00,
  0x6c, 0x00, 0x00, 0x00, 0x00, 0x00, 0x00, 0x13, 0x8a, 0x0b, 0x00, 0x00,
  0x75, 0x9d, 0x00, 0x00, 0x00, 0x00, 0x00, 0x00, 0x00, 0x33, 0x9b, 0x8c,
  0xa8, 0xa8, 0x01, 0x00, 0x00, 0x00, 0x00, 0x00, 0x00, 0x00, 0x00, 0x00,
  0x2d, 0x22, 0x00, 0x00, 0x00, 0x00, 0x00, 0x00, 0x00, 0x00, 0x00, 0x00,
  0x00, 0x00, 0x00, 0x00, 0x00, 0x00, 0x0d, 0x21, 0x2d, 0x40, 0x0f, 0x00,
  0x00, 0x00, 0x00, 0x00, 0x00, 0x00, 0x00, 0x06, 0x00, 0x00, 0x05, 0x56,
  0x07, 0x00, 0x00, 0x00, 0x00, 0x00, 0x00, 0x00, 0x00, 0x00, 0x00, 0x00,
  0x1b, 0x56, 0x00, 0x00, 0x00, 0x00, 0x00, 0x14, 0x00, 0x00, 0x00, 0x00,
  0x00, 0x00, 0x62, 0x20, 0x00, 0x00, 0x00, 0x00, 0xba, 0x00, 0x00, 0x00,
  0x00, 0x00, 0x00, 0x13, 0x85, 0x0a, 0x00, 0x00, 0x72, 0x92, 0x00, 0x00,
  0x00, 0x00, 0x00, 0x00, 0x00, 0x30, 0x96, 0x87, 0xa2, 0xa3, 0x00, 0x00,
  0x00, 0x00, 0x00, 0x00, 0x00, 0x00, 0x00, 0x00, 0x2b, 0x21, 0x00, 0x00,
  0x00, 0x00, 0x00, 0x00, 0x00, 0x00, 0x00, 0x00, 0x00, 0x00, 0x00, 0x00,
  0x00, 0x00, 0x0a, 0x1e, 0x2a, 0x3d, 0x0e, 0x00, 0x00, 0x00, 0x00, 0x00,
  0x00, 0x00, 0x00, 0x04, 0x00, 0x00, 0x04, 0x52, 0x06, 0x00, 0x00, 0x00,
  0x00, 0x00, 0x00, 0x00, 0x00, 0x00, 0x00, 0x00, 0x19, 0x52, 0x00, 0x00,
  0x00, 0x00, 0x00, 0x79, 0x00, 0x00, 0x00, 0x00, 0x00, 0x00, 0x5e, 0x1f,
  0x00, 0x00, 0x00, 0x00, 0xc2, 0x00, 0x00, 0x00, 0x00, 0x00, 0x00, 0x11,
  0x80, 0x09, 0x00, 0x00, 0x6e, 0x8c, 0x00, 0x00, 0x00, 0x00, 0x00, 0x00,
  0x00, 0x2e, 0x91, 0x83, 0x9d, 0x9e, 0x00, 0x00, 0x00, 0x00, 0x00, 0x00,
  0x00, 0x00, 0x00, 0x00, 0x29, 0x1f, 0x00, 0x00, 0x00, 0x00, 0x00, 0x00,
  0x00, 0x00, 0x00, 0x00, 0x00, 0x00, 0x00, 0x00, 0x00, 0x00, 0x08, 0x1c,
  0x27, 0x39, 0x0c, 0x00, 0x00, 0x00, 0x00, 0x00, 0x00, 0x00, 0x00, 0x02,
  0x00, 0x00, 0x03, 0x4e, 0x05, 0x00, 0x00, 0x00, 0x00, 0x00, 0x1e, 0x00,
  0x00, 0x00, 0x00, 0x00, 0x17, 0x4f, 0x00, 0x00, 0x00, 0x00, 0x09, 0xb9,
  0x00, 0x00, 0x00, 0x00, 0x00, 0x00, 0x5a, 0x1d, 0x00, 0x00, 0x00, 0x00,
  0xb6, 0x00, 0x00, 0x00, 0x00, 0x00, 0x00, 0x10, 0x7b, 0x09, 0x00, 0x00,
  0x6b, 0x88, 0x00, 0x00, 0x00, 0x00, 0x00, 0x00, 0x00, 0x2c, 0x8c, 0x7f,
  0x99, 0x9a, 0x00, 0x00, 0x00, 0x00, 0x00, 0x00, 0x00, 0x00, 0x00, 0x00,
  0x27, 0x1e, 0x00, 0x00, 0x00, 0x00, 0x00, 0x00, 0x00, 0x00, 0x00, 0x00,
  0x00, 0x00, 0x00, 0x00, 0x00, 0x00, 0x06, 0x19, 0x24, 0x36, 0x0b, 0x00,
  0x00, 0x00, 0x00, 0x00, 0x00, 0x00, 0x00, 0x00, 0x00, 0x00, 0x03, 0x4a,
  0x04, 0x00, 0x00, 0x00, 0x00, 0x2b, 0x68, 0x00, 0x00, 0x00, 0x00, 0x00,
  0x16, 0x4b, 0x00, 0x00, 0x00, 0x00, 0x10, 0xbc, 0x00, 0x00, 0x00, 0x00,
  0x00, 0x00, 0x56, 0x1b, 0x00, 0x00, 0x00, 0x00, 0xaf, 0x00, 0x00, 0x00,
  0x00, 0x00, 0x00, 0x0f, 0x77, 0x08, 0x00, 0x00, 0x68, 0x84, 0x00, 0x00,
  0x00, 0x00, 0x00, 0x00, 0x00, 0x2a, 0x87, 0x7a, 0x94, 0x95, 0x00, 0x00,
  0x00, 0x00, 0x00, 0x00, 0x00, 0x00, 0x00, 0x00, 0x26, 0x1d, 0x00, 0x00,
  0x00, 0x00, 0x00, 0x00, 0x00, 0x00, 0x00, 0x00, 0x00, 0x00, 0x00, 0x00,
  0x00, 0x00, 0x04, 0x16, 0x21, 0x33, 0x0a, 0x00, 0x00, 0x00, 0x00, 0x00,
  0x10, 0x00, 0x00, 0x00, 0x00, 0x00, 0x02, 0x47, 0x03, 0x00, 0x00, 0x00,
  0x00, 0x6f, 0x81, 0x00, 0x00, 0x00, 0x00, 0x00, 0x15, 0x48, 0x00, 0x00,
  0x00, 0x00, 0x0a, 0xb5, 0x00, 0x00, 0x00, 0x00, 0x00, 0x00, 0x53, 0x1a,
  0x00, 0x00, 0x00, 0x00, 0xaa, 0x00, 0x00, 0x00, 0x00, 0x00, 0x00, 0x0e,
  0x73, 0x07, 0x00, 0x00, 0x65, 0x80, 0x00, 0x00, 0x00, 0x00, 0x00, 0x00,
  0x00, 0x29, 0x83, 0x77, 0x8f, 0x91, 0x00, 0x00, 0x00, 0x00, 0x00, 0x00,
  0x00, 0x00, 0x00, 0x00, 0x24, 0x1b, 0x00, 0x00, 0x00, 0x00, 0x00, 0x00,
  0x00, 0x00, 0x00, 0x00, 0x00, 0x00, 0x00, 0x00, 0x00, 0x00, 0x02, 0x13,
  0x1f, 0x30, 0x09, 0x00, 0x00, 0x00, 0x00, 0x00, 0x61, 0x00, 0x00, 0x00,
  0x00, 0x00, 0x01, 0x43, 0x02, 0x00, 0x00, 0x00, 0x00, 0x91, 0x7e, 0x00,
  0x00, 0x00, 0x00, 0x00, 0x13, 0x45, 0x00, 0x00, 0x00, 0x00, 0x04, 0xb0,
  0x00, 0x00, 0x00, 0x00, 0x00, 0x00, 0x50, 0x19, 0x00, 0x00, 0x00, 0x00,
  0xa5, 0x00, 0x00, 0x00, 0x00, 0x00, 0x00, 0x0d, 0x6e, 0x06, 0x00, 0x00,
  0x62, 0x7c, 0x00, 0x00, 0x00, 0x00, 0x00, 0x00, 0x00, 0x27, 0x7e, 0x73,
  0x8b, 0x8c, 0x00, 0x00, 0x00, 0x00, 0x00, 0x00, 0x00, 0x00, 0x00, 0x00,
  0x23, 0x1a, 0x00, 0x00, 0x00, 0x00, 0x00, 0x00, 0x00, 0x00, 0x00, 0x00,
  0x00, 0x00, 0x00, 0x00, 0x00, 0x00, 0x01, 0x11, 0x1c, 0x2d, 0x08, 0x00,
  0x00, 0x00, 0x00, 0x2b, 0x9e, 0x00, 0x00, 0x00, 0x00, 0x00, 0x00, 0x40,
  0x02, 0x00, 0x00, 0x00, 0x00, 0x93, 0x7a, 0x00, 0x00, 0x00, 0x00, 0x00,
  0x12, 0x42, 0x00, 0x00, 0x00, 0x00, 0x04, 0xac, 0x00, 0x00, 0x00, 0x00,
  0x00, 0x00, 0x4c, 0x17, 0x00, 0x00, 0x00, 0x00, 0xa1, 0x00, 0x00, 0x00,
  0x00, 0x00, 0x00, 0x0c, 0x6b, 0x06, 0x00, 0x00, 0x5f, 0x79, 0x00, 0x00,
  0x00, 0x00, 0x00, 0x00, 0x00, 0x25, 0x7b, 0x6f, 0x87, 0x89, 0x00, 0x00,
  0x00, 0x00, 0x00, 0x00, 0x00, 0x00, 0x00, 0x00, 0x21, 0x19, 0x00, 0x00,
  0x00, 0x00, 0x00, 0x00, 0x00, 0x00, 0x00, 0x00, 0x00, 0x00, 0x02, 0x00,
  0x00, 0x00, 0x00, 0x0f, 0x1a, 0x2b, 0x07, 0x00, 0x00, 0x00, 0x00, 0x85,
  0xa5, 0x00, 0x00, 0x00, 0x00, 0x00, 0x00, 0x3d, 0x01, 0x00, 0x00, 0x00,
  0x00, 0x90, 0x78, 0x00, 0x00, 0x00, 0x00, 0x00, 0x11, 0x3f, 0x00, 0x00,
  0x00, 0x00, 0x03, 0xa7, 0x00, 0x00, 0x00, 0x00, 0x00, 0x00, 0x49, 0x16,
  0x00, 0x00, 0x00, 0x00, 0x9d, 0x00, 0x00, 0x00, 0x00, 0x00, 0x00, 0x0b,
  0x67, 0x05, 0x00, 0x00, 0x5d, 0x76, 0x00, 0x00, 0x00, 0x00, 0x00, 0x00,
  0x00, 0x24, 0x77, 0x6c, 0x83, 0x85, 0x00, 0x00, 0x00, 0x00, 0x00, 0x00,
  0x00, 0x00, 0x00, 0x00, 0x20, 0x18, 0x00, 0x00, 0x00, 0x00, 0x00, 0x00,
  0x00, 0x00, 0x00, 0x00, 0x00, 0x00, 0x17, 0x00, 0x00, 0x00, 0x00, 0x0d,
  0x18, 0x27, 0x06, 0x00, 0x00, 0x00, 0x0b, 0xba, 0x9c, 0x00, 0x00, 0x00,
  0x00, 0x00, 0x00, 0x39, 0x00, 0x00, 0x00, 0x00, 0x00, 0x8d, 0x75, 0x00,
  0x00, 0x00, 0x00, 0x00, 0x10, 0x3c, 0x00, 0x00, 0x00, 0x00, 0x03, 0xa3,
  0x00, 0x00, 0x00, 0x00, 0x00, 0x00, 0x47, 0x15, 0x00, 0x00, 0x00, 0x00,
  0x99, 0x00, 0x00, 0x00, 0x00, 0x00, 0x00, 0x0a, 0x63, 0x04, 0x00, 0x00,
  0x5a, 0x72, 0x00, 0x00, 0x00, 0x00, 0x00, 0x00, 0x00, 0x22, 0x73, 0x68,
  0x80, 0x82, 0x00, 0x00, 0x00, 0x00, 0x00, 0x00, 0x00, 0x00, 0x00, 0x00,
  0x1e, 0x17, 0x00, 0x00, 0x00, 0x00, 0x00, 0x00, 0x00, 0x00, 0x00, 0x00,
  0x00, 0x12, 0x1d, 0x00, 0x00, 0x00, 0x00, 0x0a, 0x15, 0x25, 0x04, 0x00,
  0x00, 0x00, 0x59, 0xbf, 0x97, 0x00, 0x00, 0x00, 0x00, 0x00, 0x00, 0x36,
  0x00, 0x00, 0x00, 0x00, 0x00, 0x8a, 0x71, 0x00, 0x00, 0x00, 0x00, 0x00,
  0x0e, 0x39, 0x00, 0x00, 0x00, 0x00, 0x02, 0x9f, 0x00, 0x00, 0x00, 0x00,
  0x00, 0x00, 0x44, 0x13, 0x00, 0x00, 0x00, 0x00, 0x94, 0x00, 0x00, 0x00,
  0x00, 0x00, 0x00, 0x09, 0x5f, 0x04, 0x00, 0x00, 0x57, 0x6f, 0x00, 0x00,
  0x00, 0x00, 0x00, 0x00, 0x00, 0x20, 0x6f, 0x65, 0x7c, 0x7e, 0x00, 0x00,
  0x00, 0x00, 0x00, 0x00, 0x00, 0x00, 0x00, 0x00, 0x1d, 0x16, 0x00, 0x00,
  0x00, 0x00, 0x00, 0x00, 0x00, 0x00, 0x00, 0x00, 0x00, 0x26, 0x1c, 0x00,
  0x00, 0x00, 0x00, 0x08, 0x13, 0x22, 0x04, 0x00, 0x00, 0x00, 0xa3, 0xbd,
  0x94, 0x00, 0x00, 0x00, 0x00, 0x00, 0x00, 0x34, 0x00, 0x00, 0x00, 0x00,
  0x00, 0x87, 0x6f, 0x00, 0x00, 0x00, 0x00, 0x00, 0x0d, 0x37, 0x00, 0x00,
  0x00, 0x00, 0x02, 0x9b, 0x00, 0x00, 0x00, 0x00, 0x00, 0x00, 0x41, 0x13,
  0x00, 0x00, 0x00, 0x00, 0x91, 0x00, 0x00, 0x00, 0x00, 0x00, 0x00, 0x09,
  0x5d, 0x03, 0x00, 0x00, 0x55, 0x6d, 0x00, 0x00, 0x00, 0x00, 0x00, 0x00,
  0x00, 0x1f, 0x6c, 0x62, 0x79, 0x7a, 0x00, 0x00, 0x00, 0x00, 0x00, 0x00,
  0x00, 0x00, 0x00, 0x00, 0x1c, 0x15, 0x00, 0x00, 0x00, 0x00, 0x00, 0x00,
  0x00, 0x00, 0x00, 0x00, 0x00, 0x26, 0x1b, 0x00, 0x00, 0x00, 0x00, 0x06,
  0x11, 0x20, 0x03, 0x00, 0x00, 0x42, 0xb1, 0xbb, 0x90, 0x00, 0x00, 0x00,
  0x00, 0x00, 0x00, 0x31, 0x00, 0x00, 0x00, 0x00, 0x00, 0x84, 0x6c, 0x00,
  0x00, 0x00, 0x00, 0x00, 0x0d, 0x34, 0x00, 0x00, 0x00, 0x00, 0x01, 0x98,
  0x00, 0x00, 0x00, 0x00, 0x00, 0x00, 0x3e, 0x11, 0x00, 0x00, 0x00, 0x00,
  0x8d, 0x00, 0x00, 0x00, 0x00, 0x00, 0x00, 0x08, 0x59, 0x03, 0x00, 0x00,
  0x53, 0x6a, 0x00, 0x00, 0x00, 0x00, 0x00, 0x00, 0x00, 0x1e, 0x68, 0x5f,
  0x75, 0x77, 0x00, 0x00, 0x00, 0x00, 0x00, 0x00, 0x00, 0x00, 0x00, 0x00,
  0x1b, 0x14, 0x00, 0x00, 0x00, 0x00, 0x00, 0x00, 0x00, 0x00, 0x00, 0x00,
  0x00, 0x25, 0x1a, 0x00, 0x00, 0x00, 0x00, 0x06, 0x10, 0x1d, 0x02, 0x00,
  0x00, 0x95, 0xb2, 0xb9, 0x8d, 0x00, 0x00, 0x00, 0x00, 0x00, 0x00, 0x2e,
  0x00, 0x00, 0x00, 0x00, 0x00, 0x81, 0x6a, 0x00, 0x00, 0x00, 0x00, 0x00,
  0x0c, 0x32, 0x00, 0x00, 0x00, 0x00, 0x01, 0x94, 0x00, 0x00, 0x00, 0x00,
  0x00, 0x00, 0x3c, 0x10, 0x00, 0x00, 0x00, 0x00, 0x8a, 0x00, 0x00, 0x00,
  0x00, 0x00, 0x00, 0x07, 0x57, 0x02, 0x00, 0x00, 0x51, 0x67, 0x00, 0x00,
  0x00, 0x00, 0x00, 0x00, 0x00, 0x1d, 0x65, 0x5d, 0x72, 0x74, 0x00, 0x00,
  0x00, 0x00, 0x00, 0x00, 0x00, 0x00, 0x00, 0x00, 0x1a, 0x13, 0x00, 0x00,
  0x00, 0x00, 0x00, 0x00, 0x00, 0x00, 0x00, 0x00, 0x00, 0x26, 0x1a, 0x00,
  0x00, 0x00, 0x00, 0x03, 0x0d, 0x1c, 0x02, 0x00, 0x10, 0xbf, 0xaf, 0xb7,
  0x8b, 0x00, 0x00, 0x00, 0x00, 0x00, 0x00, 0x2c, 0x00, 0x00, 0x15, 0x00,
  0x00, 0x7f, 0x67, 0x00, 0x00, 0x00, 0x00, 0x00, 0x0b, 0x30, 0x00, 0x00,
  0x00, 0x00, 0x01, 0x91, 0x00, 0x00, 0x00, 0x00, 0x00, 0x00, 0x39, 0x0f,
  0x00, 0x00, 0x00, 0x00, 0x86, 0x00, 0x00, 0x00, 0x00, 0x00, 0x00, 0x07,
  0x53, 0x02, 0x00, 0x00, 0x4e, 0x64, 0x00, 0x00, 0x00, 0x00, 0x00, 0x00,
  0x00, 0x1c, 0x62, 0x5a, 0x6f, 0x71, 0x00, 0x00, 0x00, 0x00, 0x00, 0x00,
  0x00, 0x00, 0x00, 0x00, 0x19, 0x12, 0x00, 0x00, 0x00, 0x00, 0x00, 0x00,
  0x00, 0x00, 0x00, 0x00, 0x00, 0x25, 0x19, 0x00, 0x00, 0x00, 0x00, 0x01,
  0x0c, 0x19, 0x01, 0x00, 0x38, 0xc6, 0xad, 0xb6, 0x88, 0x00, 0x00, 0x00,
  0x00, 0x00, 0x00, 0x2a, 0x00, 0x2b, 0x28, 0x00, 0x00, 0x7c, 0x65, 0x00,
  0x00, 0x00, 0x00, 0x00, 0x0a, 0x2e, 0x00, 0x00, 0x00, 0x00, 0x01, 0x8e,
  0x00, 0x00, 0x00, 0x00, 0x00, 0x00, 0x37, 0x0e, 0x00, 0x00, 0x00, 0x00,
  0x83, 0x00, 0x00, 0x00, 0x00, 0x00, 0x00, 0x06, 0x51, 0x02, 0x00, 0x00,
  0x4c, 0x62, 0x00, 0x00, 0x00, 0x00, 0x00, 0x00, 0x00, 0x1a, 0x5f, 0x57,
  0x6d, 0x6f, 0x00, 0x00, 0x00, 0x00, 0x00, 0x00, 0x00, 0x00, 0x00, 0x00,
  0x18, 0x12, 0x00, 0x00, 0x00, 0x00, 0x00, 0x00, 0x00, 0x00, 0x00, 0x00,
  0x00, 0x25, 0x19, 0x00, 0x00, 0x00, 0x00, 0x00, 0x0a, 0x17, 0x00, 0x00,
  0x46, 0xc4, 0xad, 0xb3, 0x85, 0x00, 0x00, 0x00, 0x00, 0x00, 0x00, 0x27,
  0x00, 0x77, 0x2b, 0x00, 0x00, 0x79, 0x63, 0x00, 0x00, 0x00, 0x00, 0x00,
  0x09, 0x2d, 0x00, 0x00, 0x00, 0x00, 0x01, 0x8a, 0x00, 0x00, 0x00, 0x00,
  0x00, 0x00, 0x35, 0x0e, 0x00, 0x00, 0x00, 0x00, 0x80, 0x00, 0x00, 0x00,
  0x00, 0x00, 0x00, 0x05, 0x4e, 0x01, 0x00, 0x00, 0x4b, 0x60, 0x00, 0x00,
  0x00, 0x00, 0x00, 0x00, 0x00, 0x19, 0x5d, 0x55, 0x6a, 0x6c, 0x00, 0x00,
  0x00, 0x00, 0x00, 0x00, 0x00, 0x00, 0x00, 0x00, 0x17, 0x11, 0x00, 0x00,
  0x00, 0x00, 0x00, 0x00, 0x00, 0x00, 0x00, 0x00, 0x00, 0x25, 0x18, 0x00,
  0x00, 0x00, 0x00, 0x00, 0x08, 0x16, 0x00, 0x00, 0x43, 0xc2, 0xac, 0xb0,
  0x82, 0x00, 0x00, 0x00, 0x00, 0x00, 0x00, 0x24, 0x10, 0xaf, 0x26, 0x00,
  0x00, 0x77, 0x61, 0x00, 0x00, 0x00, 0x00, 0x00, 0x09, 0x31, 0x00, 0x00,
  0x00, 0x00, 0x00, 0x87, 0x00, 0x00, 0x00, 0x00, 0x00, 0x00, 0x33, 0x0b,
  0x00, 0x00, 0x00, 0x00, 0x7d, 0x00, 0x00, 0x00, 0x00, 0x00, 0x00, 0x05,
  0x4c, 0x00, 0x00, 0x00, 0x49, 0x5e, 0x00, 0x00, 0x00, 0x00, 0x00, 0x00,
  0x00, 0x18, 0x5a, 0x53, 0x67, 0x69, 0x00, 0x00, 0x00, 0x00, 0x00, 0x00,
  0x00, 0x00, 0x00, 0x00, 0x16, 0x10, 0x00, 0x00, 0x00, 0x00, 0x00, 0x00,
  0x00, 0x00, 0x00, 0x00, 0x00, 0x25, 0x17, 0x00, 0x00, 0x00, 0x00, 0x00,
  0x06, 0x14, 0x00, 0x00, 0x40, 0xc0, 0xa9, 0xac, 0x80, 0x00, 0x00, 0x00,
  0x00, 0x00, 0x00, 0x21, 0x28, 0xc6, 0x24, 0x00, 0x00, 0x75, 0x5f, 0x00,
  0x00, 0x00, 0x00, 0x00, 0x08, 0x4b, 0x0b, 0x00, 0x00, 0x00, 0x00, 0x84,
  0x00, 0x00, 0x00, 0x00, 0x00, 0x00, 0x31, 0x08, 0x00, 0x00, 0x00, 0x00,
  0x7b, 0x00, 0x00, 0x00, 0x00, 0x00, 0x00, 0x04, 0x49, 0x00, 0x00, 0x00,
  0x47, 0x5c, 0x00, 0x00, 0x00, 0x00, 0x00, 0x00, 0x00, 0x17, 0x57, 0x51,
  0x65, 0x67, 0x00, 0x00, 0x00, 0x00, 0x00, 0x00, 0x00, 0x00, 0x00, 0x00,
  0x15, 0x10, 0x00, 0x00, 0x00, 0x00, 0x00, 0x00, 0x00, 0x00, 0x00, 0x00,
  0x00, 0x24, 0x17, 0x00, 0x00, 0x00, 0x00, 0x00, 0x05, 0x12, 0x00, 0x00,
  0x3e, 0xbf, 0xa6, 0xa9, 0x7e, 0x00, 0x00, 0x00, 0x00, 0x00, 0x00, 0x21,
  0x34, 0xc7, 0x23, 0x00, 0x00, 0x73, 0x5d, 0x00, 0x00, 0x00, 0x00, 0x00,
  0x07, 0x7a, 0x21, 0x00, 0x00, 0x00, 0x00, 0x82, 0x00, 0x00, 0x00, 0x00,
  0x00, 0x00, 0x34, 0x07, 0x00, 0x00, 0x00, 0x00, 0x78, 0x00, 0x00, 0x00,
  0x00, 0x00, 0x00, 0x03, 0x47, 0x00, 0x00, 0x00, 0x46, 0x5a, 0x00, 0x00,
  0x00, 0x00, 0x00, 0x00, 0x00, 0x16, 0x55, 0x4f, 0x63, 0x65, 0x00, 0x00,
  0x00, 0x00, 0x00, 0x00, 0x00, 0x00, 0x00, 0x00, 0x14, 0x0f, 0x00, 0x00,
  0x00, 0x00, 0x00, 0x00, 0x00, 0x00, 0x00, 0x00, 0x00, 0x23, 0x16, 0x00,
  0x00, 0x00, 0x00, 0x00, 0x03, 0x11, 0x00, 0x00, 0x3d, 0xbd, 0xa4, 0xa6,
  0x7b, 0x00, 0x00, 0x00, 0x00, 0x00, 0x00, 0x22, 0x38, 0xc7, 0x22, 0x00,
  0x00, 0x70, 0x5b, 0x00, 0x00, 0x00, 0x00, 0x00, 0x0b, 0xa1, 0x2e, 0x00,
  0x00, 0x00, 0x00, 0x80, 0x00, 0x00, 0x00, 0x00, 0x00, 0x00, 0x45, 0x0c,
  0x00, 0x00, 0x00, 0x00, 0x76, 0x00, 0x00, 0x00, 0x00, 0x00, 0x00, 0x01,
  0x44, 0x00, 0x00, 0x00, 0x44, 0x58, 0x00, 0x00, 0x00, 0x00, 0x00, 0x00,
  0x00, 0x15, 0x53, 0x4d, 0x60, 0x63, 0x00, 0x00, 0x00, 0x00, 0x00, 0x00,
  0x00, 0x00, 0x00, 0x00, 0x14, 0x0e, 0x00, 0x00, 0x00, 0x00, 0x00, 0x00,
  0x00, 0x00, 0x00, 0x00, 0x00, 0x23, 0x16, 0x00, 0x00, 0x00, 0x00, 0x00,
  0x02, 0x0f, 0x00, 0x00, 0x3c, 0xbb, 0xa1, 0xa4, 0x7a, 0x00, 0x00, 0x00,
  0x00, 0x00, 0x00, 0x21, 0x37, 0xc4, 0x21, 0x00, 0x00, 0x6f, 0x5a, 0x00,
  0x00, 0x00, 0x00, 0x00, 0x0e, 0xaf, 0x30, 0x00, 0x00, 0x00, 0x00, 0x7d,
  0x00, 0x00, 0x00, 0x00, 0x00, 0x00, 0x54, 0x0f, 0x00, 0x00, 0x00, 0x00,
  0x74, 0x00, 0x00, 0x00, 0x00, 0x00, 0x00, 0x01, 0x44, 0x00, 0x00, 0x00,
  0x43, 0x55, 0x00, 0x00, 0x00, 0x00, 0x00, 0x00, 0x00, 0x14, 0x50, 0x4b,
  0x5e, 0x60, 0x00, 0x00, 0x00, 0x00, 0x00, 0x00, 0x00, 0x00, 0x00, 0x00,
  0x13, 0x0d, 0x00, 0x00, 0x00, 0x00, 0x00, 0x00, 0x00, 0x00, 0x00, 0x00,
  0x00, 0x22, 0x15, 0x00, 0x00, 0x00, 0x00, 0x00, 0x00, 0x0d, 0x00, 0x00,
  0x3b, 0xb9, 0x9f, 0xa0, 0x77, 0x00, 0x00, 0x00, 0x00, 0x00, 0x00, 0x1f,
  0x36, 0xc2, 0x20, 0x00, 0x00, 0x6d, 0x58, 0x00, 0x00, 0x00, 0x00, 0x00,
  0x12, 0xbd, 0x30, 0x00, 0x00, 0x00, 0x00, 0x7b, 0x00, 0x00, 0x00, 0x00,
  0x00, 0x00, 0x73, 0x13, 0x00, 0x00, 0x00, 0x00, 0x71, 0x00, 0x00, 0x00,
  0x00, 0x00, 0x00, 0x03, 0x44, 0x00, 0x00, 0x00, 0x41, 0x54, 0x00, 0x00,
  0x00, 0x00, 0x00, 0x00, 0x00, 0x13, 0x4e, 0x49, 0x5b, 0x5e, 0x00, 0x00,
  0x00, 0x00, 0x00, 0x00, 0x00, 0x00, 0x00, 0x00, 0x12, 0x0d, 0x00, 0x00,
  0x00, 0x00, 0x00, 0x00, 0x00, 0x00, 0x00, 0x00, 0x00, 0x21, 0x15, 0x00,
  0x00, 0x00, 0x00, 0x00, 0x00, 0x0b, 0x00, 0x00, 0x3a, 0xb6, 0x9c, 0x9e,
  0x76, 0x00, 0x00, 0x00, 0x00, 0x00, 0x00, 0x1d, 0x35, 0xbf, 0x20, 0x00,
  0x00, 0x6b, 0x56, 0x00, 0x00, 0x00, 0x00, 0x00, 0x13, 0xbd, 0x30, 0x00,
  0x00, 0x00, 0x00, 0x79, 0x00, 0x00, 0x00, 0x00, 0x00, 0x06, 0x9f, 0x13,
  0x00, 0x00, 0x00, 0x00, 0x6f, 0x00, 0x00, 0x00, 0x00, 0x00, 0x00, 0x0b,
  0x44, 0x00, 0x00, 0x00, 0x40, 0x52, 0x00, 0x00, 0x00, 0x00, 0x00, 0x00,
  0x00, 0x12, 0x4c, 0x47, 0x59, 0x5c, 0x00, 0x00, 0x00, 0x00, 0x00, 0x00,
  0x00, 0x00, 0x00, 0x00, 0x11, 0x0c, 0x00, 0x00, 0x00, 0x00, 0x00, 0x00,
  0x00, 0x00, 0x00, 0x00, 0x00, 0x21, 0x14, 0x00, 0x00, 0x00, 0x00, 0x00,
  0x00, 0x0a, 0x00, 0x00, 0x39, 0xb4, 0x9a, 0x9c, 0x74, 0x00, 0x00, 0x00,
  0x00, 0x00, 0x00, 0x1b, 0x34, 0xbd, 0x1f, 0x00, 0x00, 0x69, 0x54, 0x00,
  0x00, 0x00, 0x00, 0x00, 0x10, 0xb9, 0x2f, 0x00, 0x00, 0x00, 0x00, 0x76,
  0x00, 0x00, 0x00, 0x00, 0x00, 0x20, 0xba, 0x11, 0x00, 0x00, 0x00, 0x00,
  0x6d, 0x00, 0x00, 0x00, 0x00, 0x00, 0x00, 0x1f, 0x42, 0x00, 0x00, 0x00,
  0x3e, 0x50, 0x00, 0x00, 0x00, 0x00, 0x00, 0x00, 0x00, 0x11, 0x4a, 0x45,
  0x58, 0x5a, 0x00, 0x00, 0x00, 0x00, 0x00, 0x00, 0x00, 0x00, 0x00, 0x00,
  0x11, 0x0c, 0x00, 0x00, 0x00, 0x00, 0x00, 0x00, 0x00, 0x00, 0x00, 0x00,
  0x00, 0x20, 0x14, 0x00, 0x00, 0x00, 0x00, 0x00, 0x00, 0x08, 0x00, 0x00,
  0x38, 0xb1, 0x98, 0x9a, 0x71, 0x00, 0x00, 0x00, 0x00, 0x00, 0x00, 0x1a,
  0x32, 0xba, 0x1f, 0x00, 0x00, 0x67, 0x53, 0x00, 0x00, 0x00, 0x00, 0x00,
  0x0d, 0xb6, 0x2e, 0x00, 0x00, 0x00, 0x00, 0x75, 0x00, 0x00, 0x00, 0x00,
  0x00, 0x31, 0xc1, 0x10, 0x00, 0x00, 0x00, 0x00, 0x6a, 0x00, 0x00, 0x00,
  0x00, 0x00, 0x20, 0x36, 0x3f, 0x00, 0x00, 0x00, 0x3d, 0x4e, 0x00, 0x00,
  0x00, 0x00, 0x00, 0x00, 0x00, 0x11, 0x48, 0x43, 0x55, 0x58, 0x00, 0x00,
  0x00, 0x00, 0x00, 0x00, 0x00, 0x00, 0x00, 0x00, 0x10, 0x0b, 0x00, 0x00,
  0x00, 0x00, 0x00, 0x00, 0x00, 0x00, 0x00, 0x00, 0x00, 0x20, 0x13, 0x00,
  0x00, 0x00, 0x00, 0x00, 0x00, 0x07, 0x00, 0x00, 0x37, 0xaf, 0x96, 0x98,
  0x70, 0x00, 0x00, 0x00, 0x00, 0x00, 0x00, 0x18, 0x31, 0xb8, 0x1e, 0x00,
  0x00, 0x66, 0x52, 0x00, 0x00, 0x00, 0x00, 0x00, 0x0c, 0xb4, 0x2e, 0x00,
  0x00, 0x00, 0x00, 0x72, 0x00, 0x00, 0x00, 0x00, 0x00, 0x36, 0xc1, 0x0f,
  0x00, 0x00, 0x00, 0x00, 0x69, 0x00, 0x00, 0x00, 0x00, 0x00, 0x58, 0x43,
  0x3c, 0x00, 0x00, 0x00, 0x3b, 0x4d, 0x00, 0x00, 0x00, 0x00, 0x00, 0x00,
  0x00, 0x10, 0x46, 0x41, 0x54, 0x56, 0x00, 0x00, 0x00, 0x00, 0x00, 0x00,
  0x00, 0x00, 0x00, 0x00, 0x0f, 0x0b, 0x00, 0x00, 0x00, 0x00, 0x00, 0x00,
  0x00, 0x00, 0x00, 0x00, 0x00, 0x1f, 0x13, 0x00, 0x00, 0x00, 0x00, 0x00,
  0x00, 0x06, 0x00, 0x00, 0x36, 0xad, 0x94, 0x96, 0x6e, 0x00, 0x00, 0x00,
  0x00, 0x00, 0x00, 0x17, 0x31, 0xb6, 0x1e, 0x00, 0x00, 0x64, 0x51, 0x00,
  0x00, 0x00, 0x00, 0x00, 0x0b, 0xb1, 0x2d, 0x00, 0x00, 0x00, 0x00, 0x70,
  0x00, 0x00, 0x00, 0x00, 0x00, 0x33, 0xbf, 0x0f, 0x00, 0x00, 0x00, 0x00,
  0x67, 0x00, 0x00, 0x00, 0x00, 0x00, 0x90, 0x46, 0x39, 0x00, 0x00, 0x00,
  0x3a, 0x4c, 0x00, 0x00, 0x00, 0x00, 0x00, 0x00, 0x00, 0x0f, 0x44, 0x40,
  0x52, 0x55, 0x00, 0x00, 0x00, 0x00, 0x00, 0x00, 0x00, 0x00, 0x00, 0x00,
  0x0f, 0x0a, 0x00, 0x00, 0x00, 0x00, 0x00, 0x00, 0x00, 0x00, 0x00, 0x00,
  0x00, 0x1e, 0x12, 0x00, 0x00, 0x00, 0x00, 0x00, 0x00, 0x04, 0x00, 0x00,
  0x36, 0xab, 0x92, 0x93, 0x6c, 0x00, 0x00, 0x00, 0x00, 0x00, 0x00, 0x15,
  0x30, 0xb4, 0x1d, 0x00, 0x00, 0x63, 0x4f, 0x00, 0x00, 0x00, 0x00, 0x00,
  0x0a, 0xaf, 0x2c, 0x00, 0x00, 0x00, 0x00, 0x6e, 0x00, 0x00, 0x00, 0x00,
  0x00, 0x2f, 0xbd, 0x0e, 0x00, 0x00, 0x00, 0x00, 0x65, 0x00, 0x00, 0x00,
  0x00, 0x00, 0xb5, 0x43, 0x38, 0x00, 0x00, 0x00, 0x39, 0x4a, 0x00, 0x00,
  0x00, 0x00, 0x00, 0x15, 0x00, 0x0f, 0x42, 0x3e, 0x50, 0x53, 0x00, 0x00,
  0x00, 0x00, 0x00, 0x00, 0x00, 0x00, 0x00, 0x00, 0x0e, 0x0a, 0x00, 0x00,
  0x00, 0x00, 0x00, 0x00, 0x00, 0x00, 0x00, 0x00, 0x00, 0x1e, 0x12, 0x00,
  0x00, 0x00, 0x00, 0x00, 0x00, 0x03, 0x00, 0x00, 0x35, 0xa8, 0x8f, 0x91,
  0x6b, 0x00, 0x00, 0x00, 0x00, 0x00, 0x00, 0x13, 0x2e, 0xb2, 0x1d, 0x00,
  0x00, 0x61, 0x4d, 0x00, 0x00, 0x00, 0x00, 0x00, 0x0a, 0xac, 0x2c, 0x00,
  0x00, 0x00, 0x00, 0x6c, 0x00, 0x00, 0x00, 0x00, 0x00, 0x2d, 0xbb, 0x0f,
  0x00, 0x00, 0x00, 0x00, 0x63, 0x00, 0x00, 0x00, 0x00, 0x03, 0xc5, 0x41,
  0x3b, 0x00, 0x00, 0x00, 0x37, 0x48, 0x00, 0x00, 0x00, 0x00, 0x07, 0x36,
  0x00, 0x0f, 0x40, 0x3c, 0x4f, 0x51, 0x00, 0x00, 0x00, 0x00, 0x00, 0x00,
  0x00, 0x00, 0x00, 0x00, 0x0d, 0x09, 0x00, 0x00, 0x00, 0x00, 0x00, 0x00,
  0x00, 0x00, 0x00, 0x00, 0x00, 0x1d, 0x12, 0x00, 0x00, 0x00, 0x00, 0x00,
  0x00, 0x01, 0x00, 0x00, 0x34, 0xa6, 0x8e, 0x8f, 0x6a, 0x00, 0x00, 0x00,
  0x00, 0x00, 0x00, 0x12, 0x2d, 0xb0, 0x1c, 0x00, 0x00, 0x60, 0x4c, 0x00,
  0x00, 0x00, 0x00, 0x00, 0x09, 0xaa, 0x2b, 0x00, 0x00, 0x00, 0x00, 0x6a,
  0x00, 0x00, 0x00, 0x00, 0x00, 0x2c, 0xb8, 0x0d, 0x00, 0x00, 0x00, 0x00,
  0x62, 0x00, 0x00, 0x00, 0x00, 0x0f, 0xc8, 0x3f, 0x34, 0x00, 0x00, 0x00,
  0x37, 0x47, 0x00, 0x00, 0x00, 0x00, 0x2c, 0x4f, 0x00, 0x0d, 0x3f, 0x3b,
  0x4d, 0x4f, 0x00, 0x00, 0x00, 0x00, 0x00, 0x00, 0x00, 0x00, 0x00, 0x00,
  0x0d, 0x09, 0x00, 0x00, 0x00, 0x00, 0x00, 0x00, 0x00, 0x00, 0x00, 0x00,
  0x00, 0x1d, 0x11, 0x00, 0x00, 0x00, 0x00, 0x00, 0x00, 0x00, 0x00, 0x00,
  0x33, 0xa4, 0x8c, 0x8e, 0x68, 0x00, 0x00, 0x00, 0x00, 0x00, 0x00, 0x10,
  0x2d, 0xae, 0x1c, 0x00, 0x00, 0x5e, 0x4b, 0x00, 0x00, 0x00, 0x00, 0x00,
  0x09, 0xa8, 0x2a, 0x00, 0x00, 0x00, 0x00, 0x69, 0x00, 0x00, 0x00, 0x00,
  0x00, 0x2b, 0xb6, 0x0d, 0x00, 0x00, 0x00, 0x00, 0x60, 0x00, 0x00, 0x00,
  0x00, 0x15, 0xc7, 0x3e, 0x33, 0x00, 0x00, 0x00, 0x36, 0x46, 0x00, 0x00,
  0x00, 0x00, 0x5e, 0x59, 0x00, 0x0c, 0x3e, 0x3a, 0x4b, 0x4e, 0x00, 0x00,
  0x00, 0x00, 0x00, 0x00, 0x00, 0x00, 0x00, 0x00, 0x0c, 0x08, 0x00, 0x00,
  0x00, 0x00, 0x00, 0x00, 0x00, 0x00, 0x00, 0x00, 0x00, 0x1c, 0x10, 0x00,
  0x00, 0x00, 0x00, 0x00, 0x00, 0x00, 0x00, 0x00, 0x33, 0xa3, 0x8a, 0x8b,
  0x66, 0x00, 0x00, 0x00, 0x00, 0x00, 0x00, 0x0f, 0x2c, 0xac, 0x1b, 0x00,
  0x00, 0x5d, 0x49, 0x00, 0x00, 0x00, 0x00, 0x00, 0x09, 0xa5, 0x2a, 0x00,
  0x00, 0x00, 0x00, 0x67, 0x00, 0x00, 0x00, 0x00, 0x00, 0x2b, 0xb3, 0x0c,
  0x00, 0x00, 0x00, 0x00, 0x5e, 0x00, 0x00, 0x00, 0x00, 0x16, 0xc5, 0x3d,
  0x31, 0x00, 0x00, 0x00, 0x34, 0x44, 0x00, 0x00, 0x00, 0x00, 0x91, 0x59,
  0x00, 0x0c, 0x3c, 0x39, 0x49, 0x4d, 0x00, 0x00, 0x00, 0x00, 0x00, 0x00,
  0x00, 0x00, 0x00, 0x00, 0x0c, 0x08, 0x00, 0x00, 0x00, 0x00, 0x00, 0x00,
  0x00, 0x00, 0x00, 0x00, 0x00, 0x1c, 0x10, 0x00, 0x00, 0x00, 0x00, 0x00,
  0x00, 0x00, 0x00, 0x00, 0x32, 0xa1, 0x89, 0x8a, 0x65, 0x00, 0x00, 0x00,
  0x00, 0x00, 0x00, 0x0e, 0x2b, 0xaa, 0x1b, 0x00, 0x00, 0x5b, 0x49, 0x00,
  0x00, 0x00, 0x00, 0x00, 0x08, 0xa3, 0x2a, 0x00, 0x00, 0x00, 0x00, 0x66,
  0x00, 0x00, 0x00, 0x00, 0x00, 0x2a, 0xb1, 0x0c, 0x00, 0x00, 0x00, 0x00,
  0x5d, 0x00, 0x00, 0x00, 0x00, 0x15, 0xc3, 0x3c, 0x2e, 0x00, 0x00, 0x00,
  0x33, 0x43, 0x00, 0x00, 0x00, 0x00, 0xb8, 0x54, 0x00, 0x0a, 0x39, 0x37,
  0x49, 0x4c, 0x00, 0x00, 0x00, 0x00, 0x00, 0x00, 0x00, 0x00, 0x00, 0x00,
  0x0b, 0x08, 0x00, 0x00, 0x00, 0x00, 0x00, 0x00, 0x00, 0x00, 0x00, 0x00,
  0x00, 0x1b, 0x10, 0x00, 0x00, 0x00, 0x00, 0x00, 0x00, 0x00, 0x00, 0x00,
  0x32, 0x9f, 0x87, 0x89, 0x64, 0x00, 0x00, 0x00, 0x00, 0x00, 0x00, 0x0d,
  0x2a, 0xa9, 0x1a, 0x00, 0x00, 0x5a, 0x48, 0x00, 0x00, 0x00, 0x00, 0x00,
  0x08, 0xa1, 0x29, 0x00, 0x00, 0x00, 0x00, 0x64, 0x00, 0x00, 0x00, 0x00,
  0x00, 0x2a, 0xb0, 0x0c, 0x00, 0x00, 0x00, 0x00, 0x5b, 0x00, 0x00, 0x00,
  0x00, 0x13, 0xc2, 0x3b, 0x2d, 0x00, 0x00, 0x00, 0x32, 0x41, 0x00, 0x00,
  0x00, 0x14, 0xca, 0x51, 0x00, 0x0a, 0x37, 0x35, 0x48, 0x4b, 0x00, 0x00,
  0x00, 0x00, 0x00, 0x05, 0x00, 0x00, 0x00, 0x00, 0x0a, 0x07, 0x00, 0x00,
  0x00, 0x00, 0x00, 0x00, 0x00, 0x00, 0x00, 0x00, 0x00, 0x1a, 0x0f, 0x00,
  0x00, 0x00, 0x00, 0x00, 0x00, 0x00, 0x00, 0x00, 0x31, 0x9d, 0x85, 0x87,
  0x62, 0x00, 0x00, 0x00, 0x00, 0x00, 0x00, 0x0b, 0x29, 0xa6, 0x1a, 0x00,
  0x00, 0x59, 0x47, 0x00, 0x00, 0x00, 0x00, 0x00, 0x07, 0x9f, 0x29, 0x00,
  0x00, 0x00, 0x00, 0x63, 0x00, 0x00, 0x00, 0x00, 0x00, 0x29, 0xae, 0x0c,
  0x00, 0x00, 0x00, 0x00, 0x5a, 0x00, 0x00, 0x00, 0x00, 0x12, 0xc0, 0x3a,
  0x2d, 0x00, 0x00, 0x00, 0x32, 0x41, 0x00, 0x00, 0x00, 0x38, 0xcf, 0x4e,
  0x00, 0x0a, 0x38, 0x35, 0x46, 0x49, 0x00, 0x00, 0x00, 0x00, 0x07, 0x0b,
  0x00, 0x00, 0x00, 0x00, 0x0a, 0x07, 0x00, 0x00, 0x00, 0x00, 0x00, 0x00,
  0x00, 0x00, 0x00, 0x00, 0x00, 0x1a, 0x0f, 0x00, 0x00, 0x00, 0x00, 0x00,
  0x00, 0x00, 0x00, 0x00, 0x30, 0x9c, 0x84, 0x85, 0x61, 0x00, 0x00, 0x00,
  0x00, 0x00, 0x00, 0x0a, 0x29, 0xa5, 0x19, 0x00, 0x00, 0x58, 0x46, 0x00,
  0x00, 0x00, 0x00, 0x00, 0x06, 0x9d, 0x28, 0x00, 0x00, 0x00, 0x00, 0x61,
  0x00, 0x00, 0x00, 0x00, 0x00, 0x29, 0xac, 0x0b, 0x00, 0x00, 0x00, 0x00,
  0x59, 0x00, 0x00, 0x00, 0x00, 0x12, 0xbf, 0x3a, 0x2c, 0x00, 0x00, 0x00,
  0x31, 0x40, 0x00, 0x00, 0x00, 0x5e, 0xd0, 0x4d, 0x00, 0x09, 0x36, 0x34,
  0x44, 0x47, 0x00, 0x00, 0x00, 0x00, 0x19, 0x0c, 0x00, 0x00, 0x00, 0x00,
  0x0a, 0x06, 0x00, 0x00, 0x00, 0x00, 0x00, 0x00, 0x00, 0x00, 0x00, 0x00,
  0x00, 0x1a, 0x0f, 0x00, 0x00, 0x00, 0x00, 0x00, 0x00, 0x00, 0x00, 0x00,
  0x2f, 0x9a, 0x83, 0x83, 0x60, 0x00, 0x00, 0x00, 0x00, 0x00, 0x00, 0x08,
  0x28, 0xa3, 0x19, 0x00, 0x00, 0x57, 0x45, 0x00, 0x00, 0x00, 0x00, 0x00,
  0x06, 0x9c, 0x28, 0x00, 0x00, 0x00, 0x00, 0x60, 0x00, 0x00, 0x00, 0x00,
  0x00, 0x28, 0xaa, 0x0a, 0x00, 0x00, 0x00, 0x00, 0x57, 0x00, 0x00, 0x00,
  0x00, 0x12, 0xbd, 0x38, 0x2a, 0x00, 0x00, 0x00, 0x30, 0x3f, 0x00, 0x00,
  0x00, 0x80, 0xce, 0x4d, 0x00, 0x09, 0x35, 0x33, 0x43, 0x46, 0x00, 0x00,
  0x00, 0x00, 0x2b, 0x0b, 0x00, 0x00, 0x00, 0x00, 0x09, 0x06, 0x00, 0x00,
  0x00, 0x00, 0x00, 0x00, 0x00, 0x00, 0x00, 0x00, 0x00, 0x19, 0x0f, 0x00,
  0x00, 0x00, 0x00, 0x00, 0x00, 0x00, 0x00, 0x00, 0x2f, 0x98, 0x81, 0x82,
  0x5f, 0x00, 0x00, 0x00, 0x00, 0x00, 0x00, 0x08, 0x27, 0xa2, 0x19, 0x00,
  0x00, 0x56, 0x44, 0x00, 0x00, 0x00, 0x00, 0x00, 0x06, 0x99, 0x27, 0x00,
  0x00, 0x00, 0x00, 0x5f, 0x00, 0x00, 0x00, 0x00, 0x00, 0x28, 0xa8, 0x0a,
  0x00, 0x00, 0x00, 0x00, 0x56, 0x00, 0x00, 0x00, 0x00, 0x12, 0xbb, 0x38,
  0x29, 0x00, 0x00, 0x00, 0x2f, 0x3e, 0x00, 0x00, 0x00, 0x97, 0xcc, 0x4c,
  0x00, 0x08, 0x34, 0x32, 0x42, 0x45, 0x00, 0x00, 0x00, 0x00, 0x38, 0x0a,
  0x00, 0x00, 0x00, 0x00, 0x09, 0x06, 0x00, 0x00, 0x00, 0x00, 0x00, 0x00,
  0x00, 0x00, 0x00, 0x00, 0x00, 0x19, 0x0e, 0x00, 0x00, 0x00, 0x00, 0x00,
  0x00, 0x00, 0x00, 0x00, 0x2e, 0x97, 0x80, 0x81, 0x5d, 0x00, 0x00, 0x00,
  0x00, 0x00, 0x00, 0x06, 0x26, 0xa0, 0x19, 0x00, 0x00, 0x55, 0x43, 0x00,
  0x00, 0x00, 0x00, 0x00, 0x05, 0x97, 0x26, 0x00, 0x00, 0x00, 0x00, 0x5e,
  0x00, 0x00, 0x00, 0x00, 0x00, 0x27, 0xa6, 0x09, 0x00, 0x00, 0x00, 0x00,
  0x54, 0x00, 0x00, 0x00, 0x00, 0x12, 0xba, 0x37, 0x28, 0x00, 0x00, 0x00,
  0x2e, 0x3d, 0x00, 0x00, 0x14, 0x9d, 0xca, 0x4b, 0x00, 0x08, 0x32, 0x30,
  0x40, 0x44, 0x00, 0x00, 0x00, 0x02, 0x3b, 0x09, 0x00, 0x00, 0x00, 0x00,
  0x09, 0x05, 0x00, 0x00, 0x00, 0x00, 0x00, 0x00, 0x00, 0x00, 0x00, 0x00,
  0x00, 0x18, 0x0e, 0x00, 0x00, 0x00, 0x00, 0x00, 0x00, 0x00, 0x00, 0x00,
  0x2e, 0x95, 0x7e, 0x7f, 0x5d, 0x00, 0x00, 0x00, 0x00, 0x00, 0x00, 0x06,
  0x26, 0x9f, 0x18, 0x00, 0x00, 0x53, 0x42, 0x00, 0x00, 0x00, 0x00, 0x00,
  0x05, 0x96, 0x26, 0x00, 0x00, 0x00, 0x00, 0x5c, 0x00, 0x00, 0x00, 0x00,
  0x00, 0x27, 0xa5, 0x09, 0x00, 0x00, 0x00, 0x00, 0x54, 0x00, 0x00, 0x00,
  0x00, 0x12, 0xb8, 0x36, 0x27, 0x00, 0x00, 0x00, 0x2d, 0x3c, 0x00, 0x00,
  0x36, 0x9f, 0xc9, 0x4b, 0x00, 0x07, 0x32, 0x2f, 0x40, 0x43, 0x00, 0x00,
  0x00, 0x11, 0x3d, 0x08, 0x00, 0x00, 0x00, 0x00, 0x08, 0x05, 0x00, 0x00,
  0x00, 0x00, 0x00, 0x00, 0x00, 0x00, 0x00, 0x00, 0x00, 0x18, 0x0e, 0x00,
  0x00, 0x00, 0x00, 0x00, 0x00, 0x00, 0x00, 0x00, 0x2e, 0x95, 0x7e, 0x7f,
  0x5c, 0x00, 0x00, 0x00, 0x00, 0x00, 0x00, 0x05, 0x26, 0x9e, 0x18, 0x00,
  0x00, 0x53, 0x42, 0x00, 0x00, 0x00, 0x00, 0x00, 0x05, 0x96, 0x26, 0x00,
  0x00, 0x00, 0x00, 0x5b, 0x00, 0x00, 0x00, 0x00, 0x00, 0x26, 0xa4, 0x09,
  0x00, 0x00, 0x00, 0x00, 0x53, 0x00, 0x00, 0x00, 0x00, 0x11, 0xb8, 0x36,
  0x26, 0x00, 0x00, 0x00, 0x2d, 0x3b, 0x00, 0x00, 0x58, 0x9f, 0xc8, 0x4a,
  0x00, 0x07, 0x30, 0x2f, 0x3f, 0x42, 0x00, 0x00, 0x00, 0x1e, 0x3d, 0x08,
  0x00, 0x00, 0x00, 0x00, 0x08, 0x05, 0x00, 0x00, 0x00, 0x00, 0x00, 0x00,
  0x00, 0x00, 0x00, 0x00, 0x00, 0x18, 0x0e, 0x00, 0x00, 0x00, 0x00, 0x00,
  0x00, 0x00, 0x00, 0x00, 0x2d, 0x94, 0x7d, 0x7e, 0x5b, 0x00, 0x00, 0x00,
  0x00, 0x00, 0x00, 0x04, 0x25, 0x9d, 0x18, 0x00, 0x00, 0x52, 0x41, 0x00,
  0x00, 0x00, 0x00, 0x00, 0x04, 0x94, 0x26, 0x00, 0x00, 0x00, 0x00, 0x5b,
  0x00, 0x00, 0x00, 0x00, 0x00, 0x26, 0xa2, 0x09, 0x00, 0x00, 0x00, 0x00,
  0x52, 0x00, 0x00, 0x00, 0x00, 0x11, 0xb7, 0x35, 0x25, 0x00, 0x00, 0x00,
  0x2c, 0x3a, 0x00, 0x00, 0x7c, 0xa0, 0xc7, 0x4a, 0x00, 0x06, 0x2f, 0x2e,
  0x3e, 0x41, 0x00, 0x00, 0x00, 0x29, 0x3d, 0x08, 0x00, 0x00, 0x00, 0x00,
  0x08, 0x04, 0x00, 0x00, 0x00, 0x00, 0x00, 0x00, 0x00, 0x00, 0x00, 0x00,
  0x00, 0x18, 0x0e, 0x00, 0x00, 0x00, 0x00, 0x00, 0x00, 0x00, 0x00, 0x00,
  0x2d, 0x93, 0x7c, 0x7d, 0x5b, 0x00, 0x00, 0x00, 0x00, 0x00, 0x00, 0x03,
  0x25, 0x9d, 0x18, 0x00, 0x00, 0x52, 0x41, 0x00, 0x00, 0x00, 0x00, 0x00,
  0x04, 0x94, 0x26, 0x00, 0x00, 0x00, 0x00, 0x5a, 0x00, 0x00, 0x00, 0x00,
  0x00, 0x26, 0xa2, 0x08, 0x00, 0x00, 0x00, 0x00, 0x51, 0x00, 0x00, 0x00,
  0x00, 0x11, 0xb7, 0x35, 0x24, 0x00, 0x00, 0x00, 0x2c, 0x3a, 0x00, 0x00,
  0x97, 0x9f, 0xc7, 0x4a, 0x00, 0x06, 0x2f, 0x2d, 0x3d, 0x41, 0x00, 0x00,
  0x00, 0x2f, 0x3d, 0x08, 0x00, 0x00, 0x00, 0x00, 0x07, 0x04, 0x00, 0x00,
  0x00, 0x00, 0x00, 0x00, 0x00, 0x00, 0x00, 0x00, 0x00, 0x18, 0x0e, 0x00,
  0x00, 0x00, 0x00, 0x00, 0x00, 0x00, 0x00, 0x00, 0x2d, 0x93, 0x7c, 0x7d,
  0x5b, 0x00, 0x00, 0x00, 0x00, 0x00, 0x00, 0x02, 0x24, 0x9d, 0x18, 0x00,
  0x00, 0x52, 0x40, 0x00, 0x00, 0x00, 0x00, 0x00, 0x03, 0x93, 0x25, 0x00,
  0x00, 0x00, 0x00, 0x59, 0x00, 0x00, 0x00, 0x00, 0x00, 0x26, 0xa1, 0x08,
  0x00, 0x00, 0x00, 0x00, 0x51, 0x00, 0x00, 0x00, 0x00, 0x11, 0xb6, 0x34,
  0x24, 0x00, 0x00, 0x00, 0x2c, 0x3a, 0x00, 0x0d, 0xa6, 0x9e, 0xc7, 0x4a,
  0x00, 0x06, 0x2e, 0x2d, 0x3d, 0x41, 0x00, 0x00, 0x00, 0x31, 0x3d, 0x08,
  0x00, 0x00, 0x00, 0x00, 0x07, 0x04, 0x00, 0x00, 0x00, 0x00, 0x00, 0x00,
  0x00, 0x00, 0x00, 0x00, 0x00, 0x18, 0x0e, 0x00, 0x00, 0x00, 0x00, 0x00,
  0x00, 0x00, 0x00, 0x00, 0x2d, 0x93, 0x7c, 0x7d, 0x5b, 0x00, 0x00, 0x00,
  0x00, 0x00, 0x00, 0x02, 0x24, 0x9d, 0x18, 0x00, 0x00, 0x51, 0x40, 0x00,
  0x00, 0x00, 0x00, 0x00, 0x04, 0x93, 0x25, 0x00, 0x00, 0x00, 0x00, 0x59,
  0x00, 0x00, 0x00, 0x00, 0x00, 0x26, 0xa1, 0x08, 0x00, 0x00, 0x00, 0x00,
  0x51, 0x00, 0x00, 0x00, 0x00, 0x11, 0xb7, 0x34, 0x23, 0x00, 0x00, 0x00,
  0x2b, 0x3a, 0x00, 0x29, 0xad, 0x9d, 0xc7, 0x4a, 0x00, 0x06, 0x2e, 0x2d,
  0x3c, 0x40, 0x00, 0x00, 0x00, 0x30, 0x3d, 0x08, 0x00, 0x00, 0x00, 0x00,
  0x07, 0x04, 0x00, 0x00, 0x00, 0x00, 0x00, 0x00, 0x00, 0x00, 0x00, 0x00,
  0x00, 0x18, 0x0e, 0x00, 0x00, 0x00, 0x00, 0x00, 0x00, 0x00, 0x00, 0x00,
  0x2d, 0x93, 0x7c, 0x7d, 0x5b, 0x00, 0x00, 0x00, 0x00, 0x00, 0x00, 0x01,
  0x25, 0x9d, 0x18, 0x00, 0x00, 0x52, 0x40, 0x00, 0x00, 0x00, 0x00, 0x00,
  0x04, 0x93, 0x26, 0x00, 0x00, 0x00, 0x00, 0x59, 0x00, 0x00, 0x00, 0x00,
  0x00, 0x26, 0xa1, 0x08, 0x00, 0x00, 0x00, 0x00, 0x51, 0x00, 0x00, 0x00,
  0x00, 0x11, 0xb7, 0x34, 0x23, 0x00, 0x00, 0x00, 0x2b, 0x3a, 0x00, 0x49,
  0xb2, 0x9d, 0xc7, 0x4a, 0x00, 0x06, 0x2e, 0x2d, 0x3c, 0x40, 0x00, 0x00,
  0x00, 0x30, 0x3d, 0x08, 0x00, 0x00, 0x00, 0x00, 0x07, 0x04, 0x00, 0x00,
  0x00, 0x00, 0x00, 0x00, 0x00, 0x00, 0x00, 0x00, 0x00, 0x18, 0x0e, 0x00,
  0x00, 0x00, 0x00, 0x00, 0x00, 0x00, 0x00, 0x00, 0x2d, 0x94, 0x7d, 0x7d,
  0x5b, 0x00, 0x00, 0x00, 0x00, 0x00, 0x00, 0x01, 0x25, 0x9d, 0x18, 0x00,
  0x00, 0x52, 0x40, 0x00, 0x00, 0x00, 0x00, 0x00, 0x04, 0x93, 0x26, 0x00,
  0x00, 0x00, 0x00, 0x59, 0x00, 0x00, 0x00, 0x00, 0x00, 0x26, 0xa2, 0x08,
  0x00, 0x00, 0x00, 0x00, 0x51, 0x00, 0x00, 0x00, 0x00, 0x11, 0xb7, 0x35,
  0x23, 0x00, 0x00, 0x00, 0x2b, 0x3a, 0x00, 0x69, 0xb4, 0x9c, 0xc8, 0x4a,
  0x00, 0x06, 0x2e, 0x2d, 0x3c, 0x40, 0x00, 0x00, 0x00, 0x30, 0x3d, 0x08,
  0x00, 0x00, 0x00, 0x00, 0x07, 0x04, 0x00, 0x00, 0x00, 0x00, 0x00, 0x00,
  0x00, 0x00, 0x00, 0x00, 0x00, 0x18, 0x0e, 0x00, 0x00, 0x00, 0x00, 0x00,
  0x00, 0x00, 0x00, 0x00, 0x2e, 0x94, 0x7d, 0x7e, 0x5b, 0x00, 0x00, 0x00,
  0x00, 0x00, 0x00, 0x01, 0x25, 0x9e, 0x18, 0x00, 0x00, 0x52, 0x41, 0x00,
  0x00, 0x00, 0x00, 0x00, 0x04, 0x94, 0x26, 0x00, 0x00, 0x00, 0x00, 0x5a,
  0x00, 0x00, 0x00, 0x00, 0x00, 0x27, 0xa2, 0x08, 0x00, 0x00, 0x00, 0x00,
  0x51, 0x00, 0x05, 0x00, 0x00, 0x12, 0xb8, 0x35, 0x23, 0x00, 0x00, 0x00,
  0x2c, 0x3a, 0x00, 0x86, 0xb4, 0x9c, 0xc9, 0x4b, 0x00, 0x06, 0x2e, 0x2d,
  0x3d, 0x40, 0x00, 0x00, 0x00, 0x30, 0x3d, 0x08, 0x00, 0x00, 0x00, 0x00,
  0x07, 0x04, 0x00, 0x00, 0x00, 0x00, 0x00, 0x00, 0x00, 0x00, 0x00, 0x00,
  0x00, 0x19, 0x0e, 0x00, 0x00, 0x00, 0x00, 0x00, 0x00, 0x00, 0x00, 0x00,
  0x2e, 0x96, 0x7f, 0x7f, 0x5c, 0x00, 0x00, 0x00, 0x00, 0x00, 0x00, 0x02,
  0x25, 0xa0, 0x19, 0x00, 0x00, 0x53, 0x41, 0x00, 0x00, 0x00, 0x00, 0x00,
  0x04, 0x95, 0x26, 0x00, 0x00, 0x00, 0x00, 0x5b, 0x00, 0x00, 0x00, 0x00,
  0x00, 0x27, 0xa4, 0x08, 0x00, 0x00, 0x00, 0x00, 0x52, 0x00, 0x13, 0x00,
  0x00, 0x12, 0xba, 0x36, 0x24, 0x00, 0x00, 0x00, 0x2c, 0x3b, 0x00, 0x9c,
  0xb3, 0x9c, 0xca, 0x4c, 0x00, 0x06, 0x2e, 0x2d, 0x3d, 0x41, 0x00, 0x00,
  0x00, 0x30, 0x3d, 0x08, 0x00, 0x00, 0x00, 0x00, 0x07, 0x04, 0x00, 0x00,
  0x00, 0x00, 0x00, 0x00, 0x00, 0x00, 0x00, 0x00, 0x00, 0x19, 0x0e, 0x00,
  0x00, 0x00, 0x00, 0x00, 0x00, 0x00, 0x00, 0x00, 0x2f, 0x98, 0x80, 0x81,
  0x5d, 0x00, 0x00, 0x00, 0x00, 0x00, 0x00, 0x02, 0x26, 0xa1, 0x19, 0x00,
  0x00, 0x54, 0x43, 0x00, 0x00, 0x00, 0x00, 0x00, 0x04, 0x96, 0x27, 0x00,
  0x00, 0x00, 0x00, 0x5d, 0x00, 0x00, 0x00, 0x00, 0x00, 0x28, 0xa5, 0x08,
  0x00, 0x00, 0x00, 0x00, 0x53, 0x00, 0x24, 0x00, 0x00, 0x12, 0xbc, 0x36,
  0x24, 0x00, 0x00, 0x00, 0x2d, 0x3c, 0x00, 0xac, 0xb2, 0x9c, 0xcb, 0x4c,
  0x00, 0x06, 0x2f, 0x2e, 0x3e, 0x42, 0x00, 0x00, 0x00, 0x30, 0x3e, 0x08,
  0x00, 0x00, 0x00, 0x00, 0x08, 0x05, 0x00, 0x00, 0x00, 0x00, 0x00, 0x00,
  0x00, 0x00, 0x00, 0x00, 0x00, 0x1a, 0x0f, 0x00, 0x00, 0x00, 0x00, 0x00,
  0x00, 0x00, 0x00, 0x00, 0x2f, 0x9a, 0x82, 0x82, 0x5f, 0x00, 0x00, 0x00,
  0x00, 0x00, 0x00, 0x02, 0x26, 0xa3, 0x19, 0x00, 0x00, 0x56, 0x44, 0x00,
  0x00, 0x00, 0x00, 0x00, 0x04, 0x98, 0x28, 0x00, 0x00, 0x00, 0x00, 0x5e,
  0x00, 0x00, 0x00, 0x00, 0x00, 0x29, 0xa8, 0x09, 0x00, 0x00, 0x00, 0x00,
  0x55, 0x00, 0x36, 0x00, 0x00, 0x13, 0xbe, 0x37, 0x25, 0x00, 0x00, 0x00,
  0x2e, 0x3d, 0x00, 0xb4, 0xb1, 0x9d, 0xcc, 0x4d, 0x00, 0x07, 0x30, 0x2f,
  0x3f, 0x43, 0x00, 0x00, 0x00, 0x30, 0x3e, 0x09, 0x00, 0x00, 0x00, 0x00,
  0x08, 0x05, 0x00, 0x00, 0x00, 0x00, 0x00, 0x00, 0x00, 0x00, 0x00, 0x00,
  0x00, 0x1a, 0x0f, 0x00, 0x00, 0x00, 0x00, 0x00, 0x00, 0x00, 0x00, 0x00,
  0x31, 0x9c, 0x84, 0x85, 0x60, 0x00, 0x00, 0x00, 0x00, 0x00, 0x00, 0x03,
  0x27, 0xa6, 0x1a, 0x00, 0x00, 0x57, 0x45, 0x00, 0x00, 0x00, 0x00, 0x00,
  0x05, 0x9b, 0x29, 0x00, 0x00, 0x00, 0x00, 0x5f, 0x00, 0x00, 0x00, 0x00,
  0x00, 0x29, 0xaa, 0x09, 0x00, 0x00, 0x00, 0x00, 0x56, 0x0a, 0x47, 0x00,
  0x00, 0x13, 0xc1, 0x39, 0x26, 0x00, 0x00, 0x00, 0x2e, 0x3e, 0x01, 0xb8,
  0xb0, 0x9d, 0xcd, 0x4f, 0x00, 0x07, 0x31, 0x30, 0x41, 0x44, 0x00, 0x00,
  0x00, 0x30, 0x3e, 0x09, 0x00, 0x00, 0x00, 0x00, 0x08, 0x05, 0x00, 0x00,
  0x00, 0x00, 0x00, 0x00, 0x00, 0x00, 0x00, 0x00, 0x00, 0x1b, 0x0f, 0x00,
  0x00, 0x00, 0x00, 0x00, 0x00, 0x00, 0x00, 0x00, 0x31, 0x9f, 0x87, 0x87,
  0x62, 0x00, 0x00, 0x00, 0x00, 0x00, 0x00, 0x03, 0x28, 0xa9, 0x1a, 0x00,
  0x00, 0x59, 0x46, 0x00, 0x00, 0x00, 0x00, 0x00, 0x05, 0x9e, 0x2a, 0x00,
  0x00, 0x00, 0x00, 0x61, 0x00, 0x00, 0x00, 0x00, 0x00, 0x2a, 0xad, 0x0a,
  0x00, 0x00, 0x00, 0x00, 0x58, 0x1c, 0x57, 0x00, 0x00, 0x14, 0xc4, 0x3a,
  0x28, 0x00, 0x00, 0x00, 0x30, 0x40, 0x05, 0xba, 0xb0, 0x9d, 0xcd, 0x50,
  0x00, 0x07, 0x32, 0x31, 0x42, 0x46, 0x00, 0x00, 0x00, 0x30, 0x3e, 0x09,
  0x00, 0x00, 0x00, 0x00, 0x09, 0x06, 0x00, 0x00, 0x00, 0x00, 0x00, 0x00,
  0x00, 0x00, 0x00, 0x00, 0x00, 0x1c, 0x10, 0x00, 0x00, 0x00, 0x00, 0x00,
  0x00, 0x00, 0x00, 0x00, 0x33, 0xa2, 0x89, 0x8a, 0x64, 0x00, 0x00, 0x00,
  0x00, 0x00, 0x00, 0x04, 0x29, 0xac, 0x1b, 0x00, 0x00, 0x5a, 0x48, 0x00,
  0x00, 0x00, 0x00, 0x00, 0x06, 0xa1, 0x2a, 0x00, 0x00, 0x00, 0x00, 0x64,
  0x00, 0x00, 0x00, 0x00, 0x00, 0x2b, 0xb0, 0x0a, 0x00, 0x00, 0x00, 0x00,
  0x5a, 0x30, 0x64, 0x00, 0x00, 0x14, 0xc7, 0x3b, 0x29, 0x00, 0x00, 0x00,
  0x31, 0x41, 0x07, 0xba, 0xb0, 0x9d, 0xce, 0x51, 0x00, 0x08, 0x34, 0x33,
  0x44, 0x48, 0x00, 0x00, 0x00, 0x30, 0x3e, 0x09, 0x00, 0x00, 0x00, 0x00,
  0x09, 0x06, 0x00, 0x00, 0x00, 0x00, 0x00, 0x00, 0x00, 0x00, 0x00, 0x00,
  0x00, 0x1d, 0x11, 0x00, 0x00, 0x00, 0x00, 0x00, 0x00, 0x00, 0x00, 0x00,
  0x34, 0xa5, 0x8c, 0x8d, 0x67, 0x00, 0x00, 0x00, 0x00, 0x00, 0x00, 0x05,
  0x2b, 0xaf, 0x1c, 0x00, 0x00, 0x5c, 0x49, 0x00, 0x00, 0x00, 0x00, 0x00,
  0x06, 0xa4, 0x2b, 0x00, 0x00, 0x00, 0x00, 0x66, 0x00, 0x00, 0x00, 0x00,
  0x00, 0x2c, 0xb4, 0x0b, 0x00, 0x00, 0x00, 0x00, 0x5d, 0x46, 0x6e, 0x00,
  0x00, 0x14, 0xca, 0x3c, 0x2b, 0x00, 0x00, 0x00, 0x32, 0x43, 0x07, 0xba,
  0xb0, 0x9d, 0xce, 0x52, 0x00, 0x09, 0x36, 0x34, 0x46, 0x4a, 0x00, 0x00,
  0x00, 0x30, 0x3e, 0x09, 0x00, 0x00, 0x00, 0x00, 0x0a, 0x07, 0x00, 0x00,
  0x00, 0x00, 0x00, 0x00, 0x00, 0x00, 0x00, 0x00, 0x00, 0x1e, 0x12, 0x00,
  0x00, 0x00, 0x00, 0x00, 0x00, 0x00, 0x00, 0x00, 0x35, 0xa9, 0x8f, 0x90,
  0x6a, 0x00, 0x00, 0x00, 0x00, 0x00, 0x00, 0x06, 0x2c, 0xb4, 0x1d, 0x00,
  0x00, 0x5f, 0x4b, 0x00, 0x00, 0x00, 0x00, 0x00, 0x07, 0xa8, 0x2c, 0x00,
  0x00, 0x00, 0x00, 0x69, 0x00, 0x00, 0x00, 0x00, 0x00, 0x2d, 0xb8, 0x0c,
  0x00, 0x00, 0x00, 0x00, 0x5f, 0x5b, 0x76, 0x00, 0x00, 0x14, 0xcd, 0x3e,
  0x2c, 0x00, 0x00, 0x00, 0x34, 0x44, 0x06, 0xb9, 0xb0, 0x9d, 0xce, 0x52,
  0x00, 0x09, 0x37, 0x36, 0x48, 0x4c, 0x00, 0x00, 0x00, 0x30, 0x3e, 0x09,
  0x00, 0x00, 0x00, 0x00, 0x0b, 0x07, 0x00, 0x00, 0x00, 0x00, 0x00, 0x00,
  0x00, 0x00, 0x00, 0x00, 0x00, 0x1f, 0x12, 0x00, 0x00, 0x00, 0x00, 0x00,
  0x00, 0x00, 0x00, 0x00, 0x37, 0xad, 0x93, 0x94, 0x6c, 0x00, 0x00, 0x00,
  0x00, 0x00, 0x00, 0x08, 0x2e, 0xb8, 0x1e, 0x00, 0x00, 0x62, 0x4e, 0x00,
  0x00, 0x00, 0x00, 0x00, 0x07, 0xac, 0x2e, 0x00, 0x00, 0x00, 0x00, 0x6c,
  0x00, 0x00, 0x00, 0x00, 0x00, 0x2e, 0xbc, 0x0d, 0x00, 0x00, 0x00, 0x00,
  0x63, 0x6e, 0x7b, 0x00, 0x00, 0x13, 0xcd, 0x40, 0x2f, 0x00, 0x00, 0x00,
  0x36, 0x47, 0x05, 0xb9, 0xb0, 0x9d, 0xce, 0x52, 0x00, 0x0a, 0x3a, 0x38,
  0x4b, 0x4e, 0x00, 0x00, 0x00, 0x30, 0x3e, 0x09, 0x00, 0x00, 0x00, 0x00,
  0x0c, 0x08, 0x00, 0x00, 0x00, 0x00, 0x00, 0x00, 0x00, 0x00, 0x00, 0x00,
  0x00, 0x20, 0x13, 0x00, 0x00, 0x00, 0x00, 0x00, 0x00, 0x00, 0x00, 0x00,
  0x39, 0xb2, 0x97, 0x99, 0x70, 0x00, 0x00, 0x00, 0x00, 0x00, 0x00, 0x09,
  0x30, 0xbd, 0x1f, 0x00, 0x00, 0x65, 0x51, 0x00, 0x00, 0x00, 0x00, 0x00,
  0x08, 0xb1, 0x2f, 0x00, 0x00, 0x00, 0x00, 0x70, 0x06, 0x00, 0x00, 0x00,
  0x00, 0x2f, 0xc0, 0x0e, 0x00, 0x00, 0x00, 0x00, 0x65, 0x7e, 0x7e, 0x00,
  0x00, 0x13, 0xce, 0x41, 0x31, 0x00, 0x00, 0x00, 0x38, 0x4a, 0x03, 0xb8,
  0xb1, 0x9d, 0xce, 0x52, 0x00, 0x0b, 0x3c, 0x3b, 0x4d, 0x51, 0x00, 0x00,
  0x00, 0x30, 0x3e, 0x09, 0x00, 0x00, 0x00, 0x00, 0x0d, 0x09, 0x00, 0x00,
  0x00, 0x00, 0x00, 0x00, 0x00, 0x00, 0x00, 0x00, 0x00, 0x21, 0x14, 0x00,
  0x00, 0x00, 0x00, 0x00, 0x00, 0x00, 0x00, 0x00, 0x3b, 0xb7, 0x9c, 0x9d,
  0x73, 0x00, 0x00, 0x00, 0x00, 0x00, 0x00, 0x0b, 0x32, 0xc2, 0x20, 0x00,
  0x00, 0x69, 0x54, 0x00, 0x00, 0x00, 0x00, 0x00, 0x09, 0xb6, 0x31, 0x00,
  0x00, 0x00, 0x00, 0x74, 0x14, 0x00, 0x00, 0x00, 0x00, 0x2f, 0xc2, 0x0e,
  0x00, 0x00, 0x00, 0x00, 0x69, 0x8a, 0x80, 0x00, 0x00, 0x13, 0xce, 0x41,
  0x33, 0x00, 0x00, 0x00, 0x3b, 0x4d, 0x01, 0xb8, 0xb1, 0x9d, 0xce, 0x52,
  0x00, 0x0c, 0x3f, 0x3d, 0x50, 0x55, 0x00, 0x00, 0x00, 0x30, 0x3e, 0x09,
  0x00, 0x00, 0x00, 0x00, 0x0e, 0x0a, 0x00, 0x00, 0x00, 0x00, 0x00, 0x00,
  0x00, 0x00, 0x00, 0x00, 0x00, 0x23, 0x16, 0x00, 0x00, 0x00, 0x00, 0x00,
  0x00, 0x00, 0x00, 0x00, 0x3d, 0xbc, 0xa2, 0xa2, 0x78, 0x00, 0x00, 0x00,
  0x00, 0x00, 0x00, 0x0c, 0x33, 0xc8, 0x21, 0x00, 0x00, 0x6c, 0x57, 0x00,
  0x00, 0x00, 0x00, 0x00, 0x0a, 0xb9, 0x32, 0x00, 0x00, 0x00, 0x00, 0x78,
  0x25, 0x00, 0x00, 0x00, 0x00, 0x2f, 0xc4, 0x0f, 0x00, 0x00, 0x00, 0x00,
  0x6d, 0x93, 0x81, 0x00, 0x00, 0x13, 0xce, 0x42, 0x36, 0x00, 0x00, 0x00,
  0x3d, 0x50, 0x00, 0xb8, 0xb1, 0x9d, 0xce, 0x52, 0x00, 0x0d, 0x42, 0x40,
  0x54, 0x58, 0x00, 0x00, 0x00, 0x30, 0x3e, 0x09, 0x00, 0x00, 0x00, 0x00,
  0x0f, 0x0b, 0x00, 0x00, 0x00, 0x00, 0x00, 0x00, 0x00, 0x00, 0x00, 0x00,
  0x00, 0x24, 0x17, 0x00, 0x00, 0x00, 0x00, 0x00, 0x00, 0x00, 0x00, 0x00,
  0x3f, 0xc0, 0xa7, 0xa8, 0x7c, 0x00, 0x00, 0x00, 0x00, 0x00, 0x00, 0x0e,
  0x35, 0xcd, 0x23, 0x00, 0x00, 0x70, 0x5b, 0x00, 0x00, 0x00, 0x00, 0x00,
  0x0a, 0xbb, 0x33, 0x00, 0x00, 0x00, 0x00, 0x7e, 0x39, 0x00, 0x00, 0x00,
  0x00, 0x2f, 0xc5, 0x0f, 0x00, 0x00, 0x00, 0x00, 0x72, 0x98, 0x81, 0x00,
  0x00, 0x13, 0xce, 0x43, 0x38, 0x00, 0x00, 0x00, 0x41, 0x54, 0x00, 0xb8,
  0xb0, 0x9d, 0xce, 0x52, 0x00, 0x0f, 0x46, 0x43, 0x57, 0x5c, 0x00, 0x00,
  0x00, 0x30, 0x3e, 0x09, 0x00, 0x00, 0x00, 0x00, 0x10, 0x0c, 0x00, 0x00,
  0x00, 0x00, 0x00, 0x00, 0x00, 0x00, 0x00, 0x00, 0x00, 0x25, 0x18, 0x00,
  0x00, 0x00, 0x00, 0x00, 0x00, 0x00, 0x00, 0x00, 0x41, 0xc4, 0xab, 0xaf,
  0x81, 0x00, 0x00, 0x00, 0x00, 0x00, 0x00, 0x10, 0x36, 0xd0, 0x24, 0x00,
  0x00, 0x75, 0x5f, 0x00, 0x00, 0x00, 0x00, 0x00, 0x0b, 0xbd, 0x33, 0x00,
  0x00, 0x00, 0x00, 0x82, 0x4d, 0x00, 0x00, 0x00, 0x00, 0x2f, 0xc6, 0x10,
  0x00, 0x00, 0x00, 0x00, 0x77, 0x9a, 0x81, 0x00, 0x00, 0x13, 0xce, 0x43,
  0x3c, 0x00, 0x00, 0x00, 0x44, 0x58, 0x00, 0xb8, 0xb1, 0x9d, 0xce, 0x52,
  0x00, 0x10, 0x49, 0x47, 0x5c, 0x60, 0x00, 0x00, 0x00, 0x30, 0x3e, 0x09,
  0x00, 0x00, 0x00, 0x00, 0x11, 0x0d, 0x00, 0x00, 0x00, 0x00, 0x00, 0x00,
  0x00, 0x00, 0x00, 0x00, 0x00, 0x25, 0x1a, 0x00, 0x00, 0x00, 0x00, 0x00,
  0x00, 0x00, 0x00, 0x00, 0x42, 0xc6, 0xad, 0xb6, 0x87, 0x00, 0x00, 0x00,
  0x00, 0x00, 0x00, 0x12, 0x36, 0xd1, 0x24, 0x00, 0x00, 0x7a, 0x63, 0x00,
  0x00, 0x00, 0x01, 0x00, 0x0c, 0xbe, 0x33, 0x00, 0x00, 0x00, 0x00, 0x88,
  0x62, 0x00, 0x00, 0x01, 0x00, 0x2f, 0xc8, 0x11, 0x00, 0x00, 0x00, 0x00,
  0x7d, 0x9b, 0x81, 0x00, 0x00, 0x13, 0xce, 0x44, 0x3f, 0x00, 0x00, 0x00,
  0x47, 0x5c, 0x00, 0xb8, 0xb1, 0x9d, 0xce, 0x52, 0x00, 0x12, 0x4e, 0x4b,
  0x60, 0x65, 0x00, 0x00, 0x00, 0x30, 0x3e, 0x09, 0x00, 0x00, 0x00, 0x00,
  0x13, 0x0e, 0x00, 0x00, 0x00, 0x00, 0x00, 0x00, 0x00, 0x00, 0x00, 0x00,
  0x00, 0x26, 0x1a, 0x00, 0x00, 0x00, 0x00, 0x00, 0x00, 0x00, 0x00, 0x00,
  0x42, 0xc8, 0xae, 0xb9, 0x8d, 0x00, 0x00, 0x00, 0x00, 0x00, 0x00, 0x14,
  0x37, 0xd1, 0x24, 0x00, 0x00, 0x7f, 0x68, 0x00, 0x00, 0x00, 0x04, 0x00,
  0x0c, 0xbf, 0x33, 0x00, 0x00, 0x00, 0x01, 0x8f, 0x75, 0x00, 0x00, 0x04,
  0x00, 0x2f, 0xc9, 0x12, 0x00, 0x00, 0x00, 0x00, 0x83, 0x9a, 0x81, 0x00,
  0x00, 0x13, 0xce, 0x46, 0x43, 0x00, 0x00, 0x00, 0x4a, 0x60, 0x00, 0xb8,
  0xb1, 0x9d, 0xce, 0x52, 0x00, 0x14, 0x52, 0x4f, 0x65, 0x6a, 0x00, 0x00,
  0x00, 0x30, 0x3e, 0x09, 0x00, 0x00, 0x00, 0x00, 0x14, 0x0f, 0x00, 0x00,
  0x00, 0x00, 0x00, 0x00, 0x00, 0x00, 0x00, 0x00, 0x00, 0x26, 0x1c, 0x00,
  0x00, 0x00, 0x00, 0x00, 0x00, 0x00, 0x00, 0x00, 0x42, 0xc8, 0xaf, 0xbc,
  0x93, 0x00, 0x00, 0x00, 0x00, 0x00, 0x00, 0x16, 0x37, 0xd1, 0x24, 0x00,
  0x00, 0x85, 0x6d, 0x00, 0x00, 0x00, 0x07, 0x00, 0x0c, 0xc0, 0x33, 0x00,
  0x00, 0x00, 0x01, 0x96, 0x87, 0x01, 0x00, 0x07, 0x00, 0x2f, 0xcb, 0x12,
  0x00, 0x00, 0x00, 0x00, 0x89, 0x99, 0x81, 0x00, 0x00, 0x13, 0xce, 0x46,
  0x47, 0x00, 0x00, 0x00, 0x4e, 0x65, 0x00, 0xb8, 0xb1, 0x9d, 0xce, 0x52,
  0x00, 0x15, 0x57, 0x53, 0x6b, 0x6f, 0x00, 0x00, 0x00, 0x30, 0x3e, 0x09,
  0x00, 0x00, 0x00, 0x00, 0x16, 0x11, 0x00, 0x00, 0x00, 0x00, 0x00, 0x00,
  0x00, 0x00, 0x00, 0x00, 0x00, 0x26, 0x1c, 0x00, 0x00, 0x00, 0x00, 0x00,
  0x00, 0x00, 0x00, 0x00, 0x42, 0xc8, 0xaf, 0xbd, 0x99, 0x00, 0x00, 0x00,
  0x00, 0x00, 0x00, 0x18, 0x38, 0xd1, 0x24, 0x00, 0x00, 0x8b, 0x72, 0x00,
  0x00, 0x01, 0x0c, 0x00, 0x0d, 0xc1, 0x32, 0x00, 0x00, 0x00, 0x02, 0x9d,
  0x97, 0x02, 0x00, 0x0b, 0x00, 0x2f, 0xcc, 0x13, 0x00, 0x00, 0x00, 0x00,
  0x91, 0x98, 0x81, 0x00, 0x00, 0x13, 0xce, 0x47, 0x4b, 0x00, 0x00, 0x00,
  0x52, 0x6a, 0x00, 0xb8, 0xb1, 0x9d, 0xce, 0x52, 0x00, 0x17, 0x5c, 0x58,
  0x70, 0x75, 0x00, 0x00, 0x00, 0x30, 0x3e, 0x09, 0x00, 0x00, 0x00, 0x00,
  0x18, 0x12, 0x00, 0x00, 0x00, 0x00, 0x00, 0x00, 0x00, 0x00, 0x00, 0x00,
  0x00, 0x26, 0x1c, 0x00, 0x00, 0x00, 0x00, 0x00, 0x00, 0x02, 0x00, 0x00,
  0x42, 0xc8, 0xaf, 0xbe, 0x9e, 0x00, 0x00, 0x00, 0x00, 0x00, 0x00, 0x1b,
  0x38, 0xd1, 0x24, 0x00, 0x00, 0x91, 0x77, 0x00, 0x00, 0x04, 0x10, 0x00,
  0x0e, 0xc3, 0x33, 0x00, 0x00, 0x00, 0x03, 0xa5, 0xa4, 0x02, 0x00, 0x10,
  0x00, 0x2f, 0xce, 0x14, 0x00, 0x00, 0x00, 0x00, 0x98, 0x96, 0x80, 0x00,
  0x00, 0x13, 0xce, 0x48, 0x50, 0x00, 0x00, 0x00, 0x57, 0x70, 0x00, 0xb8,
  0xb1, 0x9d, 0xce, 0x52, 0x00, 0x1a, 0x62, 0x5d, 0x77, 0x7c, 0x00, 0x00,
  0x00, 0x30, 0x3e, 0x09, 0x00, 0x00, 0x00, 0x00, 0x1a, 0x14, 0x00, 0x00,
  0x00, 0x00, 0x00, 0x00, 0x00, 0x00, 0x00, 0x00, 0x00, 0x26, 0x1c, 0x00,
  0x00, 0x00, 0x00, 0x00, 0x00, 0x04, 0x00, 0x00, 0x42, 0xc8, 0xaf, 0xbe,
  0xa0, 0x00, 0x00, 0x00, 0x00, 0x00, 0x00, 0x1e, 0x39, 0xd1, 0x24, 0x00,
  0x00, 0x95, 0x7d, 0x02, 0x00, 0x08, 0x15, 0x00, 0x0f, 0xc5, 0x33, 0x00,
  0x00, 0x00, 0x03, 0xae, 0xaf, 0x03, 0x03, 0x15, 0x00, 0x2f, 0xd1, 0x16,
  0x00, 0x00, 0x00, 0x00, 0xa1, 0x95, 0x80, 0x00, 0x00, 0x13, 0xce, 0x49,
  0x55, 0x02, 0x00, 0x00, 0x5c, 0x77, 0x00, 0xb8, 0xb1, 0x9d, 0xce, 0x52,
  0x00, 0x1c, 0x69, 0x63, 0x7e, 0x83, 0x00, 0x00, 0x00, 0x30, 0x3e, 0x09,
  0x00, 0x00, 0x00, 0x00, 0x1d, 0x16, 0x00, 0x00, 0x00, 0x00, 0x00, 0x00,
  0x00, 0x00, 0x00, 0x00, 0x00, 0x26, 0x1c, 0x00, 0x00, 0x00, 0x00, 0x00,
  0x00, 0x07, 0x00, 0x00, 0x42, 0xc8, 0xaf, 0xbe, 0xa1, 0x00, 0x00, 0x00,
  0x00, 0x00, 0x00, 0x21, 0x3a, 0xd1, 0x24, 0x00, 0x00, 0x98, 0x82, 0x0c,
  0x00, 0x0b, 0x1b, 0x00, 0x0f, 0xc7, 0x33, 0x00, 0x00, 0x00, 0x04, 0xb7,
  0xb8, 0x03, 0x06, 0x1a, 0x00, 0x2e, 0xd3, 0x17, 0x00, 0x00, 0x00, 0x00,
  0xaa, 0x94, 0x81, 0x00, 0x00, 0x13, 0xce, 0x4b, 0x5b, 0x03, 0x00, 0x00,
  0x61, 0x7d, 0x00, 0xb8, 0xb1, 0x9d, 0xce, 0x52, 0x00, 0x1f, 0x6f, 0x69,
  0x85, 0x8a, 0x00, 0x00, 0x00, 0x30, 0x3e, 0x09, 0x00, 0x00, 0x00, 0x00,
  0x1f, 0x18, 0x00, 0x00, 0x00, 0x00, 0x00, 0x00, 0x00, 0x00, 0x00, 0x00,
  0x00, 0x26, 0x1c, 0x00, 0x00, 0x00, 0x00, 0x00, 0x00, 0x09, 0x00, 0x00,
  0x42, 0xc8, 0xaf, 0xbe, 0xa0, 0x00, 0x00, 0x00, 0x00, 0x00, 0x00, 0x24,
  0x3b, 0xd1, 0x24, 0x00, 0x00, 0x99, 0x83, 0x18, 0x00, 0x0e, 0x21, 0x00,
  0x10, 0xc8, 0x33, 0x00, 0x00, 0x00, 0x05, 0xbe, 0xbf, 0x04, 0x0a, 0x20,
  0x00, 0x2e, 0xd5, 0x17, 0x00, 0x00, 0x00, 0x00, 0xb4, 0x93, 0x81, 0x00,
  0x00, 0x13, 0xce, 0x4c, 0x60, 0x04, 0x00, 0x00, 0x67, 0x85, 0x00, 0xb8,
  0xb1, 0x9d, 0xcf, 0x52, 0x00, 0x21, 0x76, 0x70, 0x8d, 0x92, 0x00, 0x00,
  0x00, 0x30, 0x3e, 0x09, 0x00, 0x00, 0x00, 0x00, 0x22, 0x1b, 0x00, 0x00,
  0x00, 0x00, 0x00, 0x00, 0x00, 0x00, 0x00, 0x00, 0x00, 0x26, 0x1c, 0x00,
  0x00, 0x00, 0x00, 0x00, 0x00, 0x0c, 0x00, 0x00, 0x42, 0xc8, 0xaf, 0xbe,
  0xa0, 0x00, 0x00, 0x00, 0x00, 0x00, 0x00, 0x29, 0x3c, 0xd1, 0x24, 0x00,
  0x00, 0x99, 0x83, 0x25, 0x00, 0x12, 0x27, 0x00, 0x11, 0xcb, 0x33, 0x00,
  0x01, 0x00, 0x05, 0xc1, 0xc4, 0x04, 0x0d, 0x26, 0x00, 0x2e, 0xd8, 0x19,
  0x00, 0x01, 0x00, 0x00, 0xbc, 0x92, 0x81, 0x00, 0x00, 0x12, 0xce, 0x4e,
  0x67, 0x05, 0x00, 0x00, 0x6e, 0x8d, 0x00, 0xb8, 0xb1, 0x9d, 0xce, 0x52,
  0x00, 0x25, 0x7e, 0x78, 0x96, 0x9b, 0x00, 0x00, 0x00, 0x30, 0x3e, 0x09,
  0x00, 0x00, 0x00, 0x00, 0x25, 0x1d, 0x00, 0x00, 0x00, 0x00, 0x00, 0x00,
  0x00, 0x00, 0x00, 0x00, 0x00, 0x26, 0x1c, 0x00, 0x00, 0x00, 0x00, 0x00,
  0x00, 0x0f, 0x00, 0x00, 0x42, 0xc8, 0xaf, 0xbe, 0xa0, 0x00, 0x00, 0x00,
  0x00, 0x00, 0x00, 0x2d, 0x3d, 0xd1, 0x24, 0x00, 0x00, 0x99, 0x83, 0x32,
  0x00, 0x16, 0x2c, 0x00, 0x12, 0xcd, 0x33, 0x00, 0x04, 0x00, 0x05, 0xc1,
  0xc7, 0x04, 0x11, 0x2c, 0x00, 0x2f, 0xdb, 0x1a, 0x00, 0x04, 0x00, 0x00,
  0xc0, 0x92, 0x81, 0x00, 0x00, 0x12, 0xce, 0x4f, 0x6e, 0x06, 0x00, 0x00,
  0x74, 0x95, 0x00, 0xb8, 0xb1, 0x9d, 0xce, 0x52, 0x00, 0x28, 0x87, 0x7f,
  0x9f, 0xa4, 0x01, 0x00, 0x00, 0x30, 0x3e, 0x09, 0x00, 0x00, 0x00, 0x00,
  0x28, 0x20, 0x00, 0x00, 0x00, 0x00, 0x00, 0x00, 0x00, 0x00, 0x00, 0x00,
  0x00, 0x26, 0x1c, 0x00, 0x00, 0x00, 0x00, 0x00, 0x00, 0x12, 0x00, 0x00,
  0x42, 0xc8, 0xae, 0xbe, 0xa0, 0x00, 0x00, 0x00, 0x00, 0x00, 0x00, 0x32,
  0x3e, 0xd1, 0x24, 0x00, 0x00, 0x99, 0x83, 0x40, 0x00, 0x19, 0x32, 0x00,
  0x13, 0xd0, 0x33, 0x00, 0x08, 0x00, 0x05, 0xc1, 0xc8, 0x04, 0x14, 0x32,
  0x00, 0x2f, 0xdf, 0x1c, 0x00, 0x08, 0x00, 0x00, 0xc1, 0x92, 0x80, 0x00,
  0x00, 0x12, 0xce, 0x51, 0x76, 0x08, 0x00, 0x00, 0x78, 0x99, 0x00, 0xb8,
  0xb1, 0x9d, 0xce, 0x52, 0x00, 0x2c, 0x91, 0x88, 0xaa, 0xad, 0x02, 0x00,
  0x00, 0x30, 0x3e, 0x09, 0x00, 0x00, 0x00, 0x00, 0x2b, 0x23, 0x00, 0x00,
  0x00, 0x00, 0x00, 0x00, 0x00, 0x00, 0x00, 0x00, 0x00, 0x26, 0x1c, 0x00,
  0x00, 0x00, 0x00, 0x00, 0x00, 0x16, 0x02, 0x00, 0x42, 0xc8, 0xae, 0xbe,
  0xa0, 0x00, 0x00, 0x00, 0x00, 0x00, 0x00, 0x36, 0x3f, 0xd1, 0x24, 0x00,
  0x00, 0x99, 0x83, 0x4e, 0x00, 0x1c, 0x37, 0x00, 0x14, 0xd2, 0x33, 0x00,
  0x0c, 0x00, 0x04, 0xc1, 0xc9, 0x04, 0x18, 0x37, 0x00, 0x2e, 0xe2, 0x1d,
  0x00, 0x0c, 0x00, 0x00, 0xc1, 0x92, 0x80, 0x00, 0x00, 0x12, 0xce, 0x53,
  0x7e, 0x09, 0x00, 0x00, 0x7a, 0x9a, 0x00, 0xb8, 0xb1, 0x9d, 0xce, 0x52,
  0x00, 0x30, 0x9a, 0x91, 0xb0, 0xb3, 0x02, 0x00, 0x00, 0x30, 0x3e, 0x09,
  0x00, 0x00, 0x00, 0x00, 0x2f, 0x25, 0x00, 0x00, 0x00, 0x00, 0x00, 0x00,
  0x00, 0x00, 0x00, 0x00, 0x00, 0x26, 0x1c, 0x00, 0x00, 0x00, 0x00, 0x00,
  0x01, 0x1b, 0x04, 0x00, 0x42, 0xc8, 0xae, 0xbe, 0xa1, 0x00, 0x00, 0x00,
  0x00, 0x00, 0x00, 0x3c, 0x41, 0xd1, 0x24, 0x00, 0x00, 0x99, 0x83, 0x5c,
  0x00, 0x1f, 0x3b, 0x00, 0x16, 0xd6, 0x33, 0x00, 0x12, 0x00, 0x05, 0xc1,
  0xca, 0x04, 0x1a, 0x3b, 0x00, 0x2e, 0xe6, 0x20, 0x00, 0x12, 0x00, 0x00,
  0xc1, 0x92, 0x80, 0x00, 0x00, 0x12, 0xce, 0x56, 0x88, 0x0b, 0x00, 0x00,
  0x7b, 0x9a, 0x00, 0xb8, 0xb1, 0x9d, 0xce, 0x52, 0x00, 0x34, 0xa6, 0x9b,
  0xb3, 0xb5, 0x02, 0x00, 0x00, 0x30, 0x3e, 0x09, 0x00, 0x00, 0x00, 0x01,
  0x33, 0x27, 0x00, 0x00, 0x00, 0x00, 0x00, 0x00, 0x00, 0x00, 0x00, 0x00,
  0x00, 0x26, 0x1c, 0x00, 0x00, 0x00, 0x00, 0x00, 0x04, 0x1f, 0x05, 0x00,
  0x42, 0xc8, 0xae, 0xbe, 0xa1, 0x00, 0x00, 0x00, 0x00, 0x00, 0x00, 0x42,
  0x42, 0xd1, 0x23, 0x00, 0x00, 0x99, 0x84, 0x67, 0x00, 0x21, 0x40, 0x00,
  0x18, 0xd9, 0x33, 0x00, 0x18, 0x00, 0x04, 0xc1, 0xc9, 0x04, 0x1d, 0x40,
  0x00, 0x2e, 0xea, 0x22, 0x00, 0x18, 0x00, 0x00, 0xc1, 0x92, 0x81, 0x00,
  0x00, 0x12, 0xce, 0x58, 0x91, 0x0d, 0x00, 0x00, 0x7b, 0x9a, 0x00, 0xb8,
  0xb1, 0x9d, 0xce, 0x52, 0x00, 0x39, 0xb2, 0xa1, 0xb5, 0xb6, 0x02, 0x00,
  0x00, 0x30, 0x3e, 0x09, 0x00, 0x00, 0x00, 0x03, 0x34, 0x28, 0x00, 0x00,
  0x00, 0x00, 0x00, 0x00, 0x00, 0x00, 0x00, 0x00, 0x00, 0x26, 0x1c, 0x00,
  0x00, 0x00, 0x00, 0x00, 0x07, 0x25, 0x08, 0x00, 0x42, 0xc8, 0xae, 0xbe,
  0xa1, 0x00, 0x00, 0x00, 0x00, 0x00, 0x00, 0x4a, 0x44, 0xd2, 0x23, 0x00,
  0x00, 0x99, 0x84, 0x73, 0x00, 0x23, 0x43, 0x00, 0x1a, 0xdd, 0x33, 0x00,
  0x20, 0x01, 0x04, 0xc1, 0xc9, 0x03, 0x1f, 0x43, 0x00, 0x2e, 0xee, 0x24,
  0x00, 0x20, 0x03, 0x00, 0xc1, 0x92, 0x81, 0x00, 0x00, 0x11, 0xce, 0x5a,
  0x9c, 0x0f, 0x00, 0x00, 0x7b, 0x9a, 0x00, 0xb8, 0xb1, 0x9d, 0xce, 0x52,
  0x00, 0x3e, 0xbe, 0xa2, 0xb6, 0xb6, 0x02, 0x00, 0x00, 0x30, 0x3e, 0x09,
  0x00, 0x00, 0x00, 0x04, 0x35, 0x28, 0x00, 0x00, 0x00, 0x00, 0x00, 0x00,
  0x00, 0x00, 0x00, 0x00, 0x00, 0x26, 0x1c, 0x00, 0x00, 0x00, 0x00, 0x00,
  0x0b, 0x2a, 0x0a, 0x00, 0x42, 0xc8, 0xae, 0xbe, 0xa1, 0x00, 0x00, 0x00,
  0x00, 0x00, 0x00, 0x50, 0x46, 0xd1, 0x23, 0x00, 0x00, 0x99, 0x83, 0x7d,
  0x00, 0x25, 0x46, 0x00, 0x1c, 0xe1, 0x33, 0x00, 0x27, 0x05, 0x04, 0xc1,
  0xc8, 0x03, 0x22, 0x46, 0x00, 0x2e, 0xf1, 0x26, 0x00, 0x27, 0x07, 0x00,
  0xc1, 0x92, 0x81, 0x00, 0x00, 0x11, 0xce, 0x5c, 0xa8, 0x10, 0x00, 0x00,
  0x7b, 0x9a, 0x00, 0xb8, 0xb1, 0x9d, 0xce, 0x52, 0x00, 0x44, 0xc7, 0xa3,
  0xb6, 0xb6, 0x02, 0x00, 0x00, 0x30, 0x3e, 0x09, 0x00, 0x00, 0x00, 0x05,
  0x35, 0x28, 0x00, 0x00, 0x00, 0x00, 0x00, 0x00, 0x00, 0x00, 0x00, 0x00,
  0x00, 0x26, 0x1c, 0x00, 0x00, 0x00, 0x00, 0x00, 0x0f, 0x30, 0x0d, 0x00,
  0x42, 0xc8, 0xae, 0xbe, 0xa1, 0x00, 0x00, 0x00, 0x00, 0x00, 0x00, 0x59,
  0x49, 0xd2, 0x23, 0x00, 0x00, 0x99, 0x83, 0x87, 0x00, 0x27, 0x49, 0x00,
  0x1e, 0xe7, 0x33, 0x00, 0x31, 0x0a, 0x04, 0xc1, 0xc7, 0x03, 0x23, 0x49,
  0x00, 0x2e, 0xf5, 0x29, 0x00, 0x31, 0x0b, 0x00, 0xc1, 0x92, 0x80, 0x00,
  0x00, 0x11, 0xcf, 0x5f, 0xb5, 0x12, 0x00, 0x00, 0x7b, 0x9a, 0x00, 0xb8,
  0xb1, 0x9d, 0xce, 0x52, 0x00, 0x4a, 0xcb, 0xa3, 0xb5, 0xb6, 0x02, 0x00,
  0x00, 0x30, 0x3e, 0x09, 0x00, 0x00, 0x00, 0x05, 0x35, 0x28, 0x00, 0x00,
  0x00, 0x00, 0x00, 0x00, 0x00, 0x00, 0x00, 0x00, 0x00, 0x26, 0x1c, 0x00,
  0x00, 0x00, 0x00, 0x00, 0x14, 0x38, 0x10, 0x00, 0x42, 0xc8, 0xae, 0xbe,
  0xa1, 0x00, 0x00, 0x00, 0x00, 0x00, 0x02, 0x62, 0x4a, 0xd2, 0x23, 0x00,
  0x00, 0x99, 0x83, 0x8f, 0x00, 0x28, 0x4a, 0x00, 0x20, 0xec, 0x33, 0x00,
  0x3b, 0x0f, 0x03, 0xc1, 0xc6, 0x03, 0x24, 0x4a, 0x00, 0x2e, 0xf8, 0x2c,
  0x00, 0x3b, 0x10, 0x00, 0xc1, 0x91, 0x80, 0x00, 0x00, 0x11, 0xcf, 0x62,
  0xc1, 0x13, 0x00, 0x00, 0x7b, 0x9a, 0x00, 0xb8, 0xb1, 0x9d, 0xce, 0x52,
  0x00, 0x4e, 0xcd, 0xa2, 0xb6, 0xb6, 0x02, 0x00, 0x00, 0x30, 0x3e, 0x09,
  0x00, 0x00, 0x00, 0x05, 0x35, 0x28, 0x00, 0x00, 0x00, 0x00, 0x00, 0x00,
  0x00, 0x00, 0x00, 0x00, 0x00, 0x26, 0x1c, 0x00, 0x00, 0x00, 0x00, 0x00,
  0x19, 0x40, 0x14, 0x00, 0x42, 0xc8, 0xae, 0xbe, 0xa1, 0x00, 0x00, 0x00,
  0x00, 0x00, 0x04, 0x6d, 0x4d, 0xd2, 0x22, 0x00, 0x00, 0x99, 0x83, 0x95,
  0x00, 0x29, 0x4a, 0x00, 0x24, 0xf2, 0x33, 0x00, 0x45, 0x14, 0x03, 0xc1,
  0xc6, 0x03, 0x26, 0x4a, 0x00, 0x2f, 0xfb, 0x2f, 0x00, 0x46, 0x16, 0x00,
  0xc1, 0x91, 0x81, 0x00, 0x00, 0x11, 0xcf, 0x65, 0xca, 0x13, 0x00, 0x00,
  0x7b, 0x9a, 0x00, 0xb8, 0xb1, 0x9d, 0xce, 0x52, 0x00, 0x50, 0xcd, 0xa2,
  0xb6, 0xb6, 0x02, 0x00, 0x00, 0x30, 0x3e, 0x09, 0x00, 0x00, 0x00, 0x05,
  0x35, 0x28, 0x00, 0x00, 0x00, 0x00, 0x00, 0x00, 0x00, 0x00, 0x00, 0x00,
  0x00, 0x26, 0x1c, 0x00, 0x00, 0x00, 0x00, 0x00, 0x1e, 0x48, 0x17, 0x00,
  0x42, 0xc8, 0xae, 0xbe, 0xa0, 0x00, 0x00, 0x00, 0x00, 0x00, 0x06, 0x77,
  0x4f, 0xd2, 0x22, 0x00, 0x00, 0x99, 0x83, 0x9b, 0x00, 0x2a, 0x4b, 0x00,
  0x26, 0xf5, 0x33, 0x00, 0x50, 0x19, 0x03, 0xc1, 0xc5, 0x02, 0x27, 0x4b,
  0x00, 0x2f, 0xfd, 0x32, 0x00, 0x50, 0x1b, 0x00, 0xc1, 0x92, 0x81, 0x00,
  0x00, 0x11, 0xd0, 0x66, 0xcf, 0x13, 0x00, 0x00, 0x7a, 0x9a, 0x00, 0xb8,
  0xb1, 0x9d, 0xce, 0x52, 0x00, 0x50, 0xcd, 0xa2, 0xb5, 0xb5, 0x02, 0x00,
  0x00, 0x30, 0x3e, 0x09, 0x00, 0x00, 0x00, 0x05, 0x35, 0x28, 0x00, 0x00,
  0x00, 0x00, 0x00, 0x00, 0x00, 0x00, 0x00, 0x00, 0x00, 0x26, 0x1c, 0x00,
  0x00, 0x00, 0x00, 0x03, 0x25, 0x52, 0x1b, 0x00, 0x42, 0xc8, 0xae, 0xbe,
  0xa0, 0x00, 0x00, 0x00, 0x00, 0x00, 0x09, 0x84, 0x52, 0xd2, 0x22, 0x00,
  0x00, 0x99, 0x83, 0xa2, 0x00, 0x2b, 0x4b, 0x00, 0x2a, 0xf9, 0x33, 0x00,
  0x5a, 0x1e, 0x02, 0xc1, 0xc4, 0x02, 0x28, 0x4b, 0x00, 0x2f, 0xff, 0x33,
  0x00, 0x5a, 0x20, 0x00, 0xc1, 0x92, 0x81, 0x00, 0x00, 0x11, 0xd0, 0x66,
  0xd0, 0x13, 0x00, 0x00, 0x7b, 0x9a, 0x00, 0xb8, 0xb1, 0x9d, 0xce, 0x52,
  0x00, 0x50, 0xcd, 0xa2, 0xb5, 0xb6, 0x02, 0x00, 0x00, 0x30, 0x3e, 0x09,
  0x00, 0x00, 0x00, 0x05, 0x35, 0x28, 0x00, 0x00, 0x00, 0x00, 0x00, 0x00,
  0x00, 0x00, 0x00, 0x00, 0x00, 0x26, 0x1c, 0x00, 0x00, 0x00, 0x00, 0x07,
  0x2d, 0x5e, 0x20, 0x00, 0x42, 0xc8, 0xae, 0xbd, 0xa0, 0x00, 0x00, 0x00,
  0x00, 0x00, 0x0d, 0x92, 0x55, 0xd3, 0x22, 0x00, 0x00, 0x98, 0x83, 0xa7,
  0x00, 0x2b, 0x4b, 0x00, 0x2e, 0xfc, 0x34, 0x00, 0x64, 0x23, 0x01, 0xc1,
  0xc4, 0x02, 0x29, 0x4b, 0x00, 0x2f, 0xff, 0x33, 0x00, 0x64, 0x25, 0x00,
  0xc1, 0x92, 0x81, 0x00, 0x00, 0x11, 0xd0, 0x66, 0xd0, 0x13, 0x00, 0x00,
  0x7b, 0x9a, 0x00, 0xb8, 0xb1, 0x9d, 0xce, 0x52, 0x00, 0x50, 0xce, 0xa2,
  0xb5, 0xb6, 0x02, 0x00, 0x00, 0x30, 0x3e, 0x09, 0x00, 0x00, 0x00, 0x05,
  0x35, 0x28, 0x00, 0x00, 0x00, 0x00, 0x00, 0x02, 0x00, 0x00, 0x00, 0x00,
  0x00, 0x26, 0x1c, 0x00, 0x00, 0x00, 0x00, 0x0c, 0x35, 0x6a, 0x25, 0x00,
  0x42, 0xc8, 0xad, 0xbd, 0xa0, 0x00, 0x02, 0x00, 0x00, 0x00, 0x10, 0xa0,
  0x58, 0xd3, 0x22, 0x00, 0x00, 0x98, 0x83, 0xab, 0x00, 0x2c, 0x4b, 0x00,
  0x31, 0xff, 0x34, 0x00, 0x6d, 0x28, 0x01, 0xc1, 0xc3, 0x02, 0x2a, 0x4b,
  0x00, 0x2f, 0xff, 0x33, 0x00, 0x6d, 0x2a, 0x00, 0xc1, 0x92, 0x81, 0x00,
  0x00, 0x11, 0xd0, 0x67, 0xd0, 0x13, 0x00, 0x00, 0x7b, 0x9a, 0x00, 0xb8,
  0xb1, 0x9d, 0xce, 0x52, 0x00, 0x50, 0xce, 0xa2, 0xb5, 0xb6, 0x02, 0x00,
  0x00, 0x30, 0x3e, 0x09, 0x00, 0x00, 0x00, 0x05, 0x35, 0x28, 0x00, 0x00,
  0x00, 0x00, 0x00, 0x04, 0x00, 0x00, 0x00, 0x00, 0x00, 0x26, 0x1c, 0x00,
  0x00, 0x00, 0x00, 0x12, 0x3f, 0x77, 0x2a, 0x00, 0x42, 0xc8, 0xad, 0xbd,
  0xa0, 0x00, 0x06, 0x00, 0x00, 0x00, 0x14, 0xb0, 0x5a, 0xd3, 0x21, 0x00,
  0x00, 0x98, 0x83, 0xae, 0x01, 0x2c, 0x4b, 0x00, 0x35, 0xff, 0x34, 0x00,
  0x75, 0x2c, 0x01, 0xc1, 0xc3, 0x02, 0x2a, 0x4b, 0x00, 0x2f, 0xff, 0x33,
  0x00, 0x75, 0x2d, 0x00, 0xc1, 0x91, 0x81, 0x00, 0x00, 0x11, 0xd0, 0x67,
  0xd0, 0x13, 0x00, 0x00, 0x7b, 0x9a, 0x00, 0xb8, 0xb1, 0x9d, 0xce, 0x52,
  0x00, 0x50, 0xce, 0xa1, 0xb5, 0xb6, 0x02, 0x00, 0x00, 0x30, 0x3e, 0x09,
  0x00, 0x00, 0x00, 0x05, 0x35, 0x28, 0x00, 0x00, 0x00, 0x00, 0x00, 0x08,
  0x00, 0x00, 0x00, 0x00, 0x00, 0x26, 0x1c, 0x00, 0x00, 0x00, 0x00, 0x19,
  0x4a, 0x87, 0x30, 0x00, 0x42, 0xc8, 0xad, 0xbe, 0xa0, 0x00, 0x0a, 0x00,
  0x00, 0x00, 0x18, 0xbe, 0x5c, 0xd3, 0x21, 0x00, 0x00, 0x98, 0x83, 0xb2,
  0x01, 0x2d, 0x4b, 0x00, 0x37, 0xff, 0x33, 0x00, 0x7c, 0x2f, 0x01, 0xc1,
  0xc2, 0x02, 0x2b, 0x4b, 0x00, 0x2f, 0xff, 0x32, 0x00, 0x7c, 0x31, 0x00,
  0xc1, 0x91, 0x80, 0x00, 0x00, 0x11, 0xd0, 0x67, 0xd0, 0x12, 0x00, 0x00,
  0x7b, 0x9a, 0x00, 0xb8, 0xb1, 0x9d, 0xce, 0x52, 0x00, 0x50, 0xce, 0xa2,
  0xb5, 0xb6, 0x02, 0x00, 0x00, 0x30, 0x3e, 0x09, 0x00, 0x00, 0x00, 0x05,
  0x35, 0x28, 0x00, 0x00, 0x00, 0x00, 0x00, 0x0b, 0x00, 0x00, 0x00, 0x00,
  0x00, 0x26, 0x1c, 0x00, 0x00, 0x00, 0x00, 0x21, 0x57, 0x98, 0x36, 0x00,
  0x42, 0xc8, 0xad, 0xbe, 0xa1, 0x00, 0x0e, 0x00, 0x00, 0x00, 0x1d, 0xca,
  0x5d, 0xd3, 0x21, 0x00, 0x00, 0x98, 0x83, 0xb4, 0x02, 0x2d, 0x4b, 0x00,
  0x37, 0xff, 0x33, 0x00, 0x83, 0x32, 0x01, 0xc1, 0xc2, 0x01, 0x2b, 0x4b,
  0x00, 0x2f, 0xff, 0x32, 0x00, 0x82, 0x34, 0x00, 0xc1, 0x92, 0x80, 0x00,
  0x00, 0x11, 0xd0, 0x66, 0xd0, 0x12, 0x00, 0x00, 0x7a, 0x9a, 0x00, 0xb8,
  0xb1, 0x9d, 0xce, 0x52, 0x00, 0x50, 0xcd, 0xa2, 0xb5, 0xb6, 0x02, 0x00,
  0x00, 0x30, 0x3e, 0x09, 0x00, 0x00, 0x00, 0x05, 0x35, 0x28, 0x00, 0x00,
  0x00, 0x00, 0x00, 0x0e, 0x00, 0x00, 0x00, 0x00, 0x00, 0x26, 0x1c, 0x00,
  0x00, 0x00, 0x00, 0x2a, 0x65, 0xa9, 0x3b, 0x00, 0x42, 0xc8, 0xad, 0xbe,
  0xa1, 0x00, 0x11, 0x00, 0x00, 0x00, 0x21, 0xcf, 0x5c, 0xd3, 0x21, 0x00,
  0x00, 0x98, 0x83, 0xb6, 0x02, 0x2d, 0x4b, 0x00, 0x37, 0xff, 0x33, 0x00,
  0x88, 0x35, 0x00, 0xc2, 0xc2, 0x01, 0x2b, 0x4b, 0x00, 0x2f, 0xff, 0x32,
  0x00, 0x88, 0x37, 0x00, 0xc1, 0x92, 0x80, 0x00, 0x00, 0x11, 0xd0, 0x67,
  0xcf, 0x12, 0x00, 0x00, 0x7b, 0x9a, 0x00, 0xb8, 0xb1, 0x9d, 0xce, 0x52,
  0x00, 0x50, 0xce, 0xa2, 0xb5, 0xb6, 0x02, 0x00, 0x00, 0x30, 0x3e, 0x09,
  0x00, 0x00, 0x00, 0x05, 0x35, 0x28, 0x00, 0x00, 0x00, 0x00, 0x00, 0x12,
  0x00, 0x00, 0x00, 0x00, 0x00, 0x27, 0x1c, 0x00, 0x00, 0x00, 0x02, 0x34,
  0x74, 0xb8, 0x3e, 0x00, 0x42, 0xc8, 0xad, 0xbe, 0xa1, 0x00, 0x15, 0x00,
  0x00, 0x00, 0x24, 0xd2, 0x5c, 0xd3, 0x21, 0x00, 0x00, 0x99, 0x83, 0xb8,
  0x03, 0x2c, 0x4b, 0x00, 0x37, 0xff, 0x33, 0x00, 0x8d, 0x37, 0x00, 0xc2,
  0xc2, 0x01, 0x2b, 0x4b, 0x00, 0x2f, 0xff, 0x32, 0x00, 0x8d, 0x39, 0x00,
  0xc1, 0x92, 0x80, 0x00, 0x00, 0x11, 0xd0, 0x66, 0xcf, 0x12, 0x00, 0x00,
  0x7b, 0x9a, 0x00, 0xb8, 0xb1, 0x9d, 0xce, 0x52, 0x00, 0x50, 0xce, 0xa1,
  0xb5, 0xb6, 0x02, 0x00, 0x00, 0x30, 0x3e, 0x09, 0x00, 0x00, 0x00, 0x05,
  0x35, 0x28, 0x00, 0x00, 0x00, 0x00, 0x03, 0x17, 0x00, 0x00, 0x00, 0x00,
  0x00, 0x27, 0x1c, 0x00, 0x00, 0x00, 0x07, 0x42, 0x87, 0xc1, 0x3f, 0x00,
  0x42, 0xc8, 0xad, 0xbe, 0xa1, 0x00, 0x18, 0x03, 0x00, 0x00, 0x25, 0xd3,
  0x5c, 0xd3, 0x21, 0x00, 0x00, 0x99, 0x83, 0xb9, 0x03, 0x2c, 0x4b, 0x00,
  0x37, 0xff, 0x33, 0x00, 0x91, 0x3a, 0x00, 0xc1, 0xc2, 0x01, 0x2c, 0x4b,
  0x00, 0x2f, 0xff, 0x32, 0x00, 0x90, 0x3b, 0x00, 0xc1, 0x92, 0x80, 0x00,
  0x00, 0x11, 0xd0, 0x67, 0xd0, 0x12, 0x00, 0x00, 0x7b, 0x9a, 0x00, 0xb8,
  0xb1, 0x9d, 0xce, 0x52, 0x00, 0x50, 0xce, 0xa1, 0xb5, 0xb6, 0x02, 0x00,
  0x00, 0x30, 0x3e, 0x09, 0x00, 0x00, 0x00, 0x05, 0x35, 0x28, 0x00, 0x00,
  0x00, 0x00, 0x06, 0x1b, 0x00, 0x00, 0x00, 0x00, 0x00, 0x27, 0x1c, 0x00,
  0x00, 0x00, 0x0e, 0x50, 0x98, 0xc6, 0x3e, 0x00, 0x42, 0xc8, 0xad, 0xbe,
  0xa1, 0x00, 0x1b, 0x09, 0x00, 0x00, 0x25, 0xd3, 0x5c, 0xd3, 0x21, 0x00,
  0x00, 0x98, 0x83, 0xb9, 0x03, 0x2c, 0x4b, 0x00, 0x37, 0xff, 0x33, 0x00,
  0x92, 0x3b, 0x00, 0xc1, 0xc2, 0x01, 0x2c, 0x4b, 0x00, 0x2f, 0xff, 0x32,
  0x00, 0x92, 0x3c, 0x00, 0xc1, 0x92, 0x80, 0x00, 0x00, 0x11, 0xd0, 0x66,
  0xd0, 0x12, 0x00, 0x00, 0x7b, 0x9a, 0x00, 0xb8, 0xb1, 0x9d, 0xce, 0x52,
  0x00, 0x50, 0xce, 0xa1, 0xb5, 0xb6, 0x02, 0x00, 0x00, 0x30, 0x3e, 0x09,
  0x00, 0x00, 0x00, 0x05, 0x35, 0x28, 0x00, 0x00, 0x00, 0x00, 0x0a, 0x20,
  0x00, 0x00, 0x00, 0x00, 0x00, 0x27, 0x1c, 0x00, 0x00, 0x00, 0x15, 0x61,
  0xa8, 0xc7, 0x3e, 0x00, 0x42, 0xc8, 0xad, 0xbd, 0xa0, 0x00, 0x1e, 0x0f,
  0x00, 0x00, 0x26, 0xd4, 0x5c, 0xd3, 0x21, 0x00, 0x00, 0x98, 0x83, 0xb8,
  0x03, 0x2d, 0x4b, 0x00, 0x37, 0xff, 0x33, 0x00, 0x94, 0x3d, 0x00, 0xc1,
  0xc2, 0x01, 0x2c, 0x4c, 0x00, 0x2f, 0xff, 0x32, 0x00, 0x94, 0x3f, 0x00,
  0xc1, 0x92, 0x80, 0x00, 0x00, 0x11, 0xd0, 0x66, 0xd0, 0x12, 0x00, 0x00,
  0x7b, 0x9a, 0x00, 0xb8, 0xb1, 0x9d, 0xce, 0x52, 0x00, 0x50, 0xce, 0xa1,
  0xb5, 0xb6, 0x02, 0x00, 0x00, 0x30, 0x3e, 0x09, 0x00, 0x00, 0x00, 0x05,
  0x35, 0x28, 0x00, 0x00, 0x00, 0x00, 0x0e, 0x22, 0x00, 0x00, 0x00, 0x00,
  0x00, 0x27, 0x1c, 0x00, 0x00, 0x00, 0x1e, 0x74, 0xb0, 0xc8, 0x3e, 0x00,
  0x42, 0xc8, 0xad, 0xbd, 0xa0, 0x00, 0x20, 0x16, 0x00, 0x00, 0x25, 0xd3,
  0x5c, 0xd3, 0x21, 0x00, 0x00, 0x98, 0x83, 0xb7, 0x02, 0x2d, 0x4b, 0x00,
  0x37, 0xff, 0x33, 0x00, 0x96, 0x3e, 0x00, 0xc1, 0xc2, 0x01, 0x2c, 0x4c,
  0x00, 0x2f, 0xff, 0x32, 0x00, 0x96, 0x40, 0x00, 0xc1, 0x92, 0x81, 0x00,
  0x00, 0x11, 0xd0, 0x66, 0xd0, 0x12, 0x00, 0x00, 0x7a, 0x9a, 0x00, 0xb8,
  0xb1, 0x9d, 0xce, 0x52, 0x00, 0x50, 0xce, 0xa1, 0xb5, 0xb6, 0x02, 0x00,
  0x00, 0x30, 0x3e, 0x09, 0x00, 0x00, 0x00, 0x05, 0x35, 0x28, 0x00, 0x00,
  0x00, 0x00, 0x12, 0x23, 0x00, 0x00, 0x00, 0x00, 0x00, 0x27, 0x1c, 0x00,
  0x00, 0x00, 0x29, 0x87, 0xb1, 0xc8, 0x3e, 0x00, 0x42, 0xc8, 0xad, 0xbd,
  0xa0, 0x00, 0x23, 0x1f, 0x00, 0x00, 0x26, 0xd4, 0x5c, 0xd3, 0x21, 0x00,
  0x00, 0x98, 0x83, 0xb5, 0x01, 0x2c, 0x4b, 0x00, 0x37, 0xff, 0x33, 0x00,
  0x97, 0x3f, 0x00, 0xc2, 0xc2, 0x01, 0x2c, 0x4c, 0x00, 0x2f, 0xff, 0x32,
  0x00, 0x97, 0x41, 0x00, 0xc1, 0x92, 0x81, 0x00, 0x00, 0x11, 0xd0, 0x66,
  0xd0, 0x12, 0x00, 0x00, 0x7b, 0x9a, 0x00, 0xb8, 0xb1, 0x9d, 0xce, 0x52,
  0x00, 0x50, 0xce, 0xa1, 0xb5, 0xb6, 0x02, 0x00, 0x00, 0x30, 0x3e, 0x09,
  0x00, 0x00, 0x00, 0x05, 0x35, 0x28, 0x00, 0x00, 0x00, 0x00, 0x15, 0x23,
  0x00, 0x00, 0x00, 0x00, 0x00, 0x27, 0x1c, 0x00, 0x00, 0x00, 0x35, 0x9a,
  0xb1, 0xc8, 0x3e, 0x00, 0x42, 0xc8, 0xad, 0xbd, 0xa0, 0x00, 0x28, 0x28,
  0x00, 0x00, 0x26, 0xd4, 0x5c, 0xd3, 0x21, 0x00, 0x00, 0x98, 0x83, 0xb3,
  0x00, 0x2c, 0x4b, 0x00, 0x37, 0xff, 0x33, 0x00, 0x98, 0x40, 0x00, 0xc2,
  0xc2, 0x01, 0x2c, 0x4c, 0x00, 0x2f, 0xff, 0x32, 0x00, 0x98, 0x42, 0x00,
  0xc1, 0x92, 0x81, 0x00, 0x00, 0x11, 0xd0, 0x67, 0xd0, 0x12, 0x00, 0x00,
  0x7b, 0x9a, 0x00, 0xb8, 0xb1, 0x9d, 0xce, 0x52, 0x00, 0x50, 0xce, 0xa1,
  0xb5, 0xb6, 0x02, 0x00, 0x00, 0x30, 0x3e, 0x09, 0x00, 0x00, 0x00, 0x05,
  0x35, 0x28, 0x00, 0x00, 0x00, 0x00, 0x18, 0x23, 0x00, 0x00, 0x00, 0x00,
  0x00, 0x27, 0x1c, 0x00, 0x00, 0x00, 0x43, 0xaa, 0xb1, 0xc8, 0x3e, 0x00,
  0x42, 0xc8, 0xad, 0xbe, 0xa1, 0x00, 0x2f, 0x33, 0x00, 0x00, 0x25, 0xd3,
  0x5c, 0xd3, 0x21, 0x00, 0x00, 0x98, 0x83, 0xb1, 0x00, 0x2c, 0x4b, 0x00,
  0x37, 0xff, 0x32, 0x00, 0x99, 0x41, 0x00, 0xc1, 0xc2, 0x01, 0x2c, 0x4c,
  0x00, 0x2f, 0xff, 0x32, 0x00, 0x98, 0x43, 0x00, 0xc1, 0x92, 0x81, 0x00,
  0x00, 0x11, 0xd0, 0x67, 0xd0, 0x11, 0x00, 0x00, 0x7b, 0x9a, 0x00, 0xb8,
  0xb1, 0x9d, 0xce, 0x52, 0x00, 0x50, 0xce, 0xa1, 0xb5, 0xb6, 0x02, 0x00,
  0x00, 0x30, 0x3e, 0x09, 0x00, 0x00, 0x00, 0x05, 0x35, 0x28, 0x00, 0x00,
  0x00, 0x00, 0x19, 0x23, 0x00, 0x00, 0x00, 0x00, 0x00, 0x27, 0x1c, 0x00,
  0x00, 0x00, 0x51, 0xb6, 0xb1, 0xc8, 0x3e, 0x00, 0x42, 0xc8, 0xad, 0xbe,
  0xa1, 0x00, 0x35, 0x3d, 0x00, 0x00, 0x25, 0xd3, 0x5c, 0xd3, 0x21, 0x00,
  0x00, 0x98, 0x83, 0xaf, 0x00, 0x2c, 0x4b, 0x00, 0x37, 0xff, 0x32, 0x00,
  0x99, 0x42, 0x00, 0xc1, 0xc2, 0x01, 0x2c, 0x4c, 0x00, 0x2f, 0xff, 0x32,
  0x00, 0x99, 0x43, 0x00, 0xc1, 0x92, 0x81, 0x00, 0x00, 0x11, 0xd0, 0x67,
  0xd0, 0x12, 0x00, 0x00, 0x7b, 0x9a, 0x00, 0xb8, 0xb1, 0x9d, 0xce, 0x52,
  0x00, 0x50, 0xce, 0xa1, 0xb5, 0xb6, 0x02, 0x00, 0x00, 0x30, 0x3e, 0x09,
  0x00, 0x00, 0x00, 0x05, 0x35, 0x28, 0x00, 0x00, 0x00, 0x00, 0x1a, 0x24,
  0x00, 0x00, 0x00, 0x00, 0x00, 0x27, 0x1c, 0x00, 0x00, 0x00, 0x60, 0xbb,
  0xb1, 0xc8, 0x3e, 0x00, 0x42, 0xc8, 0xad, 0xbe, 0xa1, 0x00, 0x3c, 0x49,
  0x00, 0x00, 0x26, 0xd4, 0x5c, 0xd3, 0x21, 0x00, 0x00, 0x98, 0x83, 0xaf,
  0x00, 0x2c, 0x4b, 0x00, 0x37, 0xff, 0x32, 0x00, 0x99, 0x42, 0x00, 0xc1,
  0xc2, 0x01, 0x2c, 0x4c, 0x00, 0x2e, 0xff, 0x32, 0x00, 0x99, 0x44, 0x00,
  0xc1, 0x92, 0x81, 0x00, 0x00, 0x11, 0xd0, 0x67, 0xd0, 0x12, 0x00, 0x00,
  0x7b, 0x9a, 0x00, 0xb8, 0xb1, 0x9d, 0xce, 0x52, 0x00, 0x50, 0xce, 0xa1,
  0xb5, 0xb6, 0x02, 0x00, 0x00, 0x30, 0x3e, 0x09, 0x00, 0x00, 0x00, 0x05,
  0x35, 0x28, 0x00, 0x00, 0x00, 0x00, 0x1a, 0x24, 0x00, 0x00, 0x00, 0x00,
  0x00, 0x26, 0x1c, 0x00, 0x00, 0x00, 0x6e, 0xbd, 0xb1, 0xc8, 0x3e, 0x00,
  0x42, 0xc8, 0xad, 0xbe, 0xa1, 0x00, 0x42, 0x54, 0x00, 0x00, 0x26, 0xd4,
  0x5c, 0xd3, 0x21, 0x00, 0x00, 0x98, 0x83, 0xaf, 0x00, 0x2c, 0x4b, 0x00,
  0x37, 0xff, 0x32, 0x00, 0x99, 0x42, 0x00, 0xc1, 0xc2, 0x01, 0x2c, 0x4c,
  0x00, 0x2e, 0xff, 0x32, 0x00, 0x99, 0x44, 0x00, 0xc1, 0x92, 0x81, 0x00,
  0x00, 0x11, 0xd0, 0x67, 0xd0, 0x12, 0x00, 0x00, 0x7b, 0x9a, 0x00, 0xb8,
  0xb1, 0x9d, 0xce, 0x52, 0x00, 0x50, 0xce, 0xa1, 0xb5, 0xb6, 0x02, 0x00,
  0x00, 0x30, 0x3e, 0x09, 0x00, 0x00, 0x00, 0x05, 0x35, 0x28, 0x00, 0x00,
  0x00, 0x00, 0x1a, 0x24, 0x00, 0x00, 0x00, 0x00, 0x00, 0x27, 0x1c, 0x00,
  0x00, 0x00, 0x7a, 0xbe, 0xb0, 0xc8, 0x3e, 0x00, 0x42, 0xc8, 0xad, 0xbe,
  0xa0, 0x00, 0x4a, 0x61, 0x00, 0x00, 0x26, 0xd3, 0x5c, 0xd3, 0x21, 0x00,
  0x00, 0x98, 0x83, 0xb1, 0x00, 0x2c, 0x4b, 0x00, 0x37, 0xff, 0x32, 0x00,
  0x99, 0x43, 0x00, 0xc1, 0xc2, 0x01, 0x2c, 0x4c, 0x00, 0x2e, 0xff, 0x32,
  0x00, 0x99, 0x44, 0x00, 0xc1, 0x92, 0x81, 0x00, 0x00, 0x11, 0xd0, 0x67,
  0xd0, 0x12, 0x00, 0x00, 0x7b, 0x9a, 0x00, 0xb8, 0xb1, 0x9d, 0xce, 0x52,
  0x00, 0x50, 0xce, 0xa1, 0xb5, 0xb6, 0x02, 0x00, 0x00, 0x30, 0x3e, 0x09,
  0x00, 0x00, 0x00, 0x05, 0x35, 0x28, 0x00, 0x00, 0x00, 0x00, 0x1a, 0x24,
  0x00, 0x00, 0x00, 0x00, 0x00, 0x26, 0x1c, 0x00, 0x00, 0x00, 0x84, 0xbf,
  0xb0, 0xc8, 0x3e, 0x00, 0x42, 0xc8, 0xad, 0xbe, 0xa0, 0x00, 0x52, 0x6c,
  0x00, 0x00, 0x25, 0xd3, 0x5c, 0xd3, 0x21, 0x00, 0x00, 0x98, 0x83, 0xb1,
  0x00, 0x2b, 0x4b, 0x00, 0x37, 0xff, 0x32, 0x00, 0x9a, 0x43, 0x00, 0xc2,
  0xc1, 0x01, 0x2c, 0x4c, 0x00, 0x2e, 0xff, 0x32, 0x00, 0x9a, 0x45, 0x00,
  0xc1, 0x92, 0x81, 0x00, 0x00, 0x11, 0xd0, 0x67, 0xd0, 0x11, 0x00, 0x00,
  0x7b, 0x9a, 0x00, 0xb8, 0xb1, 0x9d, 0xce, 0x52, 0x00, 0x50, 0xce, 0xa1,
  0xb5, 0xb6, 0x02, 0x00, 0x00, 0x30, 0x3e, 0x09, 0x00, 0x00, 0x00, 0x06,
  0x35, 0x28, 0x00, 0x00, 0x00, 0x00, 0x1a, 0x24, 0x00, 0x00, 0x00, 0x00,
  0x00, 0x27, 0x1c, 0x00, 0x00, 0x00, 0x8c, 0xbf, 0xb0, 0xc7, 0x3e, 0x00,
  0x42, 0xc8, 0xad, 0xbd, 0xa0, 0x00, 0x5a, 0x76, 0x00, 0x00, 0x26, 0xd4,
  0x5c, 0xd3, 0x21, 0x00, 0x00, 0x98, 0x83, 0xb3, 0x00, 0x2b, 0x4b, 0x00,
  0x37, 0xff, 0x32, 0x00, 0x9a, 0x43, 0x00, 0xc1, 0xc1, 0x00, 0x2c, 0x4c,
  0x00, 0x2e, 0xff, 0x32, 0x00, 0x9a, 0x45, 0x00, 0xc1, 0x92, 0x81, 0x00,
  0x00, 0x11, 0xd0, 0x67, 0xd0, 0x12, 0x00, 0x00, 0x7b, 0x9a, 0x00, 0xb8,
  0xb1, 0x9d, 0xce, 0x52, 0x00, 0x50, 0xce, 0xa1, 0xb5, 0xb6, 0x02, 0x00,
  0x00, 0x30, 0x3e, 0x09, 0x00, 0x00, 0x00, 0x05, 0x35, 0x28, 0x00, 0x00,
  0x00, 0x00, 0x1a, 0x24, 0x00, 0x00, 0x00, 0x00, 0x00, 0x27, 0x1c, 0x00,
  0x00, 0x00, 0x92, 0xbf, 0xb0, 0xc8, 0x3e, 0x00, 0x42, 0xc8, 0xad, 0xbd,
  0xa0, 0x00, 0x61, 0x7f, 0x00, 0x00, 0x26, 0xd4, 0x5c, 0xd3, 0x21, 0x00,
  0x00, 0x98, 0x83, 0xb5, 0x00, 0x2b, 0x4b, 0x00, 0x37, 0xff, 0x32, 0x00,
  0x9a, 0x43, 0x00, 0xc1, 0xc1, 0x00, 0x2c, 0x4c, 0x00, 0x2e, 0xff, 0x32,
  0x00, 0x9a, 0x45, 0x00, 0xc1, 0x92, 0x81, 0x00, 0x00, 0x11, 0xd0, 0x67,
  0xd0, 0x12, 0x00, 0x00, 0x7b, 0x9a, 0x00, 0xb8, 0xb1, 0x9d, 0xce, 0x52,
  0x00, 0x50, 0xce, 0xa1, 0xb5, 0xb6, 0x02, 0x00, 0x00, 0x30, 0x3e, 0x09,
  0x00, 0x00, 0x00, 0x05, 0x35, 0x28, 0x00, 0x00, 0x00, 0x00, 0x1a, 0x24,
  0x00, 0x00, 0x00, 0x00, 0x00, 0x27, 0x1c, 0x00, 0x00, 0x00, 0x96, 0xbf,
  0xb0, 0xc8, 0x3e, 0x00, 0x42, 0xc8, 0xad, 0xbd, 0xa1, 0x00, 0x67, 0x87,
  0x00, 0x00, 0x26, 0xd4, 0x5c, 0xd3, 0x21, 0x00, 0x00, 0x98, 0x83, 0xb7,
  0x01, 0x2b, 0x4b, 0x00, 0x37, 0xff, 0x32, 0x00, 0x9a, 0x43, 0x00, 0xc1,
  0xc1, 0x00, 0x2c, 0x4c, 0x00, 0x2e, 0xff, 0x32, 0x00, 0x9a, 0x45, 0x00,
  0xc1, 0x92, 0x81, 0x00, 0x00, 0x11, 0xd0, 0x67, 0xd0, 0x12, 0x00, 0x00,
  0x7b, 0x9a, 0x00, 0xb8, 0xb1, 0x9d, 0xce, 0x52, 0x00, 0x50, 0xce, 0xa1,
  0xb5, 0xb6, 0x02, 0x00, 0x00, 0x30, 0x3e, 0x09, 0x00, 0x00, 0x00, 0x05,
  0x35, 0x28, 0x00, 0x00, 0x00, 0x00, 0x1a, 0x24, 0x00, 0x00, 0x00, 0x00,
  0x00, 0x27, 0x1c, 0x00, 0x00, 0x00, 0x99, 0xbf, 0xb0, 0xc8, 0x3e, 0x00,
  0x42, 0xc8, 0xad, 0xbd, 0xa1, 0x00, 0x6d, 0x8c, 0x00, 0x00, 0x26, 0xd3,
  0x5c, 0xd3, 0x21, 0x00, 0x00, 0x99, 0x83, 0xb8, 0x01, 0x2b, 0x4b, 0x00,
  0x37, 0xff, 0x32, 0x00, 0x9a, 0x43, 0x00, 0xc1, 0xc1, 0x00, 0x2c, 0x4c,
  0x00, 0x2e, 0xff, 0x32, 0x00, 0x9a, 0x45, 0x00, 0xc1, 0x92, 0x81, 0x00,
  0x00, 0x11, 0xd0, 0x67, 0xd0, 0x12, 0x00, 0x00, 0x7b, 0x9a, 0x00, 0xb8,
  0xb1, 0x9d, 0xce, 0x52, 0x00, 0x50, 0xce, 0xa1, 0xb5, 0xb6, 0x02, 0x00,
  0x00, 0x30, 0x3e, 0x09, 0x00, 0x00, 0x00, 0x05, 0x35, 0x28, 0x00, 0x00,
  0x00, 0x00, 0x1a, 0x24, 0x00, 0x00, 0x00, 0x00, 0x00, 0x27, 0x1c, 0x00,
  0x00, 0x00, 0x9a, 0xbf, 0xb0, 0xc8, 0x3e, 0x00, 0x42, 0xc8, 0xad, 0xbd,
  0xa1, 0x00, 0x70, 0x90, 0x00, 0x00, 0x25, 0xd3, 0x5c, 0xd3, 0x21, 0x00,
  0x00, 0x99, 0x83, 0xba, 0x01, 0x2b, 0x4b, 0x00, 0x37, 0xff, 0x32, 0x00,
  0x9a, 0x43, 0x00, 0xc1, 0xc1, 0x00, 0x2c, 0x4c, 0x00, 0x2e, 0xff, 0x32,
  0x00, 0x9a, 0x45, 0x00, 0xc1, 0x92, 0x81, 0x00, 0x00, 0x11, 0xd0, 0x67,
  0xd0, 0x12, 0x00, 0x00, 0x7b, 0x9a, 0x00, 0xb8, 0xb1, 0x9d, 0xce, 0x52,
  0x00, 0x50, 0xce, 0xa1, 0xb5, 0xb6, 0x02, 0x00, 0x00, 0x30, 0x3e, 0x09,
  0x00, 0x00, 0x00, 0x05, 0x35, 0x28, 0x00, 0x00, 0x00, 0x00, 0x1a, 0x24,
  0x00, 0x00, 0x00, 0x00, 0x00, 0x27, 0x1c, 0x00, 0x00, 0x00, 0x9b, 0xbf,
  0xb0, 0xc8, 0x3e, 0x00, 0x42, 0xc8, 0xad, 0xbe, 0xa1, 0x00, 0x73, 0x93,
  0x00, 0x00, 0x25, 0xd3, 0x5c, 0xd3, 0x21, 0x00, 0x00, 0x98, 0x83, 0xbb,
  0x02, 0x2b, 0x4b, 0x00, 0x37, 0xff, 0x32, 0x00, 0x9a, 0x43, 0x00, 0xc1,
  0xc1, 0x00, 0x2c, 0x4c, 0x00, 0x2e, 0xff, 0x32, 0x00, 0x9a, 0x45, 0x00,
  0xc1, 0x92, 0x81, 0x00, 0x00, 0x11, 0xd0, 0x67, 0xd0, 0x11, 0x00, 0x00,
  0x7b, 0x9a, 0x00, 0xb8, 0xb1, 0x9d, 0xce, 0x52, 0x00, 0x50, 0xce, 0xa1,
  0xb5, 0xb6, 0x02, 0x00, 0x00, 0x30, 0x3e, 0x09, 0x00, 0x00, 0x00, 0x05,
  0x35, 0x28, 0x00, 0x00, 0x00, 0x00, 0x1a, 0x24, 0x00, 0x00, 0x00, 0x00,
  0x00, 0x27, 0x1c, 0x00, 0x00, 0x00, 0x9b, 0xbf, 0xb0, 0xc8, 0x3e, 0x00,
  0x42, 0xc8, 0xad, 0xbe, 0xa1, 0x00, 0x74, 0x94, 0x00, 0x00, 0x26, 0xd4,
  0x5c, 0xd3, 0x21, 0x00, 0x00, 0x98, 0x83, 0xbb, 0x02, 0x2b, 0x4b, 0x00,
  0x37, 0xff, 0x32, 0x00, 0x9a, 0x43, 0x00, 0xc1, 0xc1, 0x00, 0x2c, 0x4c,
  0x00, 0x2e, 0xff, 0x32, 0x00, 0x9a, 0x45, 0x00, 0xc1, 0x92, 0x81, 0x00,
  0x00, 0x11, 0xd0, 0x67, 0xd0, 0x11, 0x00, 0x00, 0x7b, 0x9a, 0x00, 0xb8,
  0xb1, 0x9d, 0xce, 0x52, 0x00, 0x50, 0xce, 0xa1, 0xb5, 0xb6, 0x02, 0x00,
  0x00, 0x30, 0x3e, 0x09, 0x00, 0x00, 0x00, 0x05, 0x35, 0x28, 0x00, 0x00,
  0x00, 0x00, 0x1a, 0x24, 0x00, 0x00, 0x00, 0x00, 0x00, 0x26, 0x1c, 0x00,
  0x00, 0x00, 0x9b, 0xbf, 0xb0, 0xc7, 0x3e, 0x00, 0x42, 0xc8, 0xad, 0xbe,
  0xa1, 0x00, 0x75, 0x94, 0x00, 0x00, 0x26, 0xd4, 0x5c, 0xd3, 0x21, 0x00,
  0x00, 0x98, 0x83, 0xbb, 0x02, 0x2b, 0x4b, 0x00, 0x37, 0xff, 0x32, 0x00,
  0x9a, 0x43, 0x00, 0xc1, 0xc1, 0x00, 0x2c, 0x4c, 0x00, 0x2e, 0xff, 0x32,
  0x00, 0x9a, 0x45, 0x00, 0xc1, 0x92, 0x81, 0x00, 0x00, 0x11, 0xd0, 0x67,
  0xd0, 0x11, 0x00, 0x00, 0x7b, 0x9a, 0x00, 0xb8, 0xb1, 0x9d, 0xce, 0x52,
  0x00, 0x50, 0xcd, 0xa1, 0xb5, 0xb6, 0x02, 0x00, 0x00, 0x30, 0x3e, 0x09,
  0x00, 0x00, 0x00, 0x05, 0x35, 0x28, 0x00, 0x00, 0x00, 0x00, 0x1a, 0x24,
  0x00, 0x00, 0x00, 0x00, 0x00, 0x26, 0x1c, 0x00, 0x00, 0x00, 0x9b, 0xbf,
  0xb0, 0xc7, 0x3e, 0x00, 0x42, 0xc8, 0xad, 0xbe, 0xa1, 0x00, 0x75, 0x94,
  0x00, 0x00, 0x26, 0xd4, 0x5c, 0xd3, 0x21, 0x00, 0x00, 0x98, 0x83, 0xbb,
  0x02, 0x2b, 0x4b, 0x00, 0x37, 0xff, 0x32, 0x00, 0x9a, 0x43, 0x00, 0xc1,
  0xc1, 0x00, 0x2c, 0x4c, 0x00, 0x2e, 0xff, 0x32, 0x00, 0x9a, 0x45, 0x00,
  0xc1, 0x92, 0x81, 0x00, 0x00, 0x11, 0xd0, 0x67, 0xd0, 0x11, 0x00, 0x00,
  0x7b, 0x9a, 0x00, 0xb8, 0xb1, 0x9d, 0xce, 0x52, 0x00, 0x50, 0xcd, 0xa1,
  0xb5, 0xb6, 0x02, 0x00, 0x00, 0x30, 0x3e, 0x09, 0x00, 0x00, 0x00, 0x05,
  0x35, 0x28, 0x00, 0x00, 0x00, 0x00, 0x1a, 0x24, 0x00, 0x00, 0x00, 0x00,
  0x00, 0x26, 0x1c, 0x00, 0x00, 0x00, 0x9b, 0xbf, 0xb0, 0xc7, 0x3e, 0x00,
  0x42, 0xc8, 0xad, 0xbe, 0xa1, 0x00, 0x75, 0x94, 0x00, 0x00, 0x26, 0xd4,
  0x5c, 0xd3, 0x21, 0x00, 0x00, 0x98, 0x83, 0xbb, 0x02, 0x2b, 0x4b, 0x00,
  0x37, 0xff, 0x32, 0x00, 0x9a, 0x43, 0x00, 0xc1, 0xc1, 0x00, 0x2c, 0x4c,
  0x00, 0x2e, 0xff, 0x32, 0x00, 0x9a, 0x45, 0x00, 0xc1, 0x92, 0x81, 0x00,
  0x00, 0x11, 0xd0, 0x67, 0xd0, 0x11, 0x00, 0x00, 0x7b, 0x9a, 0x00, 0xb8,
  0xb1, 0x9d, 0xce, 0x52, 0x00, 0x50, 0xcd, 0xa1, 0xb5, 0xb6, 0x02, 0x00,
  0x00, 0x30, 0x3e, 0x09, 0x00, 0x00, 0x00, 0x05, 0x35, 0x28, 0x00, 0x00,
  0x00, 0x00, 0x1a, 0x24, 0x00, 0x00, 0x00, 0x00, 0x00, 0x26, 0x1c, 0x00,
  0x00, 0x00, 0x9b, 0xbf, 0xb0, 0xc7, 0x3e, 0x00, 0x42, 0xc8, 0xad, 0xbe,
  0xa1, 0x00, 0x74, 0x94, 0x00, 0x00, 0x26, 0xd4, 0x5c, 0xd3, 0x21, 0x00,
  0x00, 0x98, 0x83, 0xbb, 0x02, 0x2b, 0x4b, 0x00, 0x37, 0xff, 0x32, 0x00,
  0x9a, 0x43, 0x00, 0xc1, 0xc1, 0x00, 0x2c, 0x4c, 0x00, 0x2e, 0xff, 0x32,
  0x00, 0x9a, 0x45, 0x00, 0xc1, 0x92, 0x81, 0x00, 0x00, 0x11, 0xd0, 0x67,
  0xd0, 0x11, 0x00, 0x00, 0x7b, 0x9a, 0x00, 0xb8, 0xb1, 0x9d, 0xce, 0x52,
  0x00, 0x50, 0xcd, 0xa1, 0xb5, 0xb6, 0x02, 0x00, 0x00, 0x30, 0x3e, 0x09,
  0x00, 0x00, 0x00, 0x05, 0x35, 0x28, 0x00, 0x00, 0x00, 0x00, 0x1a, 0x24,
  0x00, 0x00, 0x00, 0x00, 0x00, 0x26, 0x1c, 0x00, 0x00, 0x00, 0x9b, 0xbf,
  0xb0, 0xc7, 0x3e, 0x00, 0x42, 0xc8, 0xad, 0xbe, 0xa1, 0x00, 0x74, 0x94,
  0x00, 0x00, 0x26, 0xd4, 0x5c, 0xd3, 0x21, 0x00, 0x00, 0x98, 0x83, 0xbb,
  0x02, 0x2b, 0x4b, 0x00, 0x37, 0xff, 0x32, 0x00, 0x9a, 0x43, 0x00, 0xc1,
  0xc1, 0x00, 0x2c, 0x4c, 0x00, 0x2e, 0xff, 0x32, 0x00, 0x9a, 0x45, 0x00,
  0xc1, 0x92, 0x81, 0x00, 0x00, 0x11, 0xd0, 0x67, 0xd0, 0x11, 0x00, 0x00,
  0x7b, 0x9a, 0x00, 0xb8, 0xb1, 0x9d, 0xce, 0x52, 0x00, 0x50, 0xcd, 0xa1,
  0xb5, 0xb6, 0x02, 0x00, 0x00, 0x30, 0x3e, 0x09, 0x00, 0x00, 0x00, 0x05,
  0x35, 0x28, 0x00, 0x00, 0x00, 0x00, 0x1a, 0x24, 0x00, 0x00, 0x00, 0x00,
  0x00, 0x26, 0x1c, 0x00, 0x00, 0x00, 0x9b, 0xbf, 0xb0, 0xc7, 0x3e, 0x00,
  0x42, 0xc8, 0xad, 0xbe, 0xa1, 0x00, 0x74, 0x93, 0x00, 0x00, 0x26, 0xd4,
  0x5c, 0xd3, 0x21, 0x00, 0x00, 0x98, 0x83, 0xbb, 0x02, 0x2b, 0x4b, 0x00,
  0x37, 0xff, 0x32, 0x00, 0x9a, 0x43, 0x00, 0xc1, 0xc1, 0x00, 0x2c, 0x4c,
  0x00, 0x2e, 0xff, 0x32, 0x00, 0x9a, 0x45, 0x00, 0xc1, 0x92, 0x81, 0x00,
  0x00, 0x11, 0xd0, 0x67, 0xd0, 0x11, 0x00, 0x00, 0x7b, 0x9a, 0x00, 0xb8,
  0xb1, 0x9d, 0xce, 0x52, 0x00, 0x50, 0xcd, 0xa1, 0xb5, 0xb6, 0x02, 0x00,
  0x00, 0x30, 0x3e, 0x09, 0x00, 0x00, 0x00, 0x05, 0x35, 0x28, 0x00, 0x00,
  0x00, 0x00, 0x1a, 0x24, 0x00, 0x00, 0x00, 0x00, 0x00, 0x26, 0x1c, 0x00,
  0x00, 0x00, 0x9a, 0xbf, 0xb0, 0xc7, 0x3e, 0x00, 0x42, 0xc8, 0xad, 0xbe,
  0xa1, 0x00, 0x73, 0x92, 0x00, 0x00, 0x26, 0xd4, 0x5c, 0xd3, 0x21, 0x00,
  0x00, 0x98, 0x83, 0xbb, 0x02, 0x2b, 0x4b, 0x00, 0x37, 0xff, 0x32, 0x00,
  0x9a, 0x43, 0x00, 0xc1, 0xc1, 0x00, 0x2c, 0x4c, 0x00, 0x2e, 0xff, 0x32,
  0x00, 0x9a, 0x45, 0x00, 0xc1, 0x92, 0x81, 0x00, 0x00, 0x11, 0xd0, 0x67,
  0xd0, 0x11, 0x00, 0x00, 0x7b, 0x9a, 0x00, 0xb8, 0xb1, 0x9d, 0xce, 0x52,
  0x00, 0x50, 0xcd, 0xa1, 0xb5, 0xb6, 0x02, 0x00, 0x00, 0x30, 0x3e, 0x09,
  0x00, 0x00, 0x00, 0x05, 0x35, 0x28, 0x00, 0x00, 0x00, 0x00, 0x1a, 0x24,
  0x00, 0x00, 0x00, 0x00, 0x00, 0x26, 0x1c, 0x00, 0x00, 0x00, 0x9a, 0xbf,
  0xb0, 0xc7, 0x3e, 0x00, 0x42, 0xc8, 0xad, 0xbe, 0xa1, 0x00, 0x72, 0x92,
  0x00, 0x00, 0x26, 0xd4, 0x5c, 0xd3, 0x21, 0x00, 0x00, 0x98, 0x83, 0xbb,
  0x02, 0x2b, 0x4b, 0x00, 0x37, 0xff, 0x32, 0x00, 0x9a, 0x43, 0x00, 0xc1,
  0xc1, 0x00, 0x2c, 0x4c, 0x00, 0x2e, 0xff, 0x32, 0x00, 0x9a, 0x45, 0x00,
  0xc1, 0x92, 0x81, 0x00, 0x00, 0x11, 0xd0, 0x67, 0xd0, 0x11, 0x00, 0x00,
  0x7b, 0x9a, 0x00, 0xb8, 0xb1, 0x9d, 0xce, 0x52, 0x00, 0x50, 0xcd, 0xa1,
  0xb5, 0xb6, 0x02, 0x00, 0x00, 0x30, 0x3e, 0x09, 0x00, 0x00, 0x00, 0x05,
  0x35, 0x28, 0x00, 0x00, 0x00, 0x00, 0x1a, 0x24, 0x00, 0x00, 0x00, 0x00,
  0x00, 0x26, 0x1c, 0x00, 0x00, 0x00, 0x9a, 0xbf, 0xb0, 0xc7, 0x3e, 0x00,
  0x42, 0xc8, 0xad, 0xbe, 0xa1, 0x00, 0x72, 0x91, 0x00, 0x00, 0x26, 0xd4,
  0x5c, 0xd3, 0x21, 0x00, 0x00, 0x98, 0x83, 0xba, 0x02, 0x2b, 0x4b, 0x00,
  0x37, 0xff, 0x32, 0x00, 0x9a, 0x43, 0x00, 0xc1, 0xc1, 0x00, 0x2c, 0x4c,
  0x00, 0x2e, 0xff, 0x32, 0x00, 0x9a, 0x45, 0x00, 0xc1, 0x92, 0x81, 0x00,
  0x00, 0x11, 0xd0, 0x67, 0xd0, 0x11, 0x00, 0x00, 0x7b, 0x9a, 0x00, 0xb8,
  0xb1, 0x9d, 0xce, 0x52, 0x00, 0x50, 0xcd, 0xa1, 0xb5, 0xb6, 0x02, 0x00,
  0x00, 0x30, 0x3e, 0x09, 0x00, 0x00, 0x00, 0x05, 0x35, 0x28, 0x00, 0x00,
  0x00, 0x00, 0x1a, 0x24, 0x00, 0x00, 0x00, 0x00, 0x00, 0x26, 0x1c, 0x00,
  0x00, 0x00, 0x9a, 0xbf, 0xb0, 0xc7, 0x3e, 0x00, 0x42, 0xc8, 0xad, 0xbe,
  0xa1, 0x00, 0x71, 0x90, 0x00, 0x00, 0x26, 0xd4, 0x5c, 0xd3, 0x21, 0x00,
  0x00, 0x98, 0x83, 0xba, 0x02, 0x2b, 0x4b, 0x00, 0x37, 0xff, 0x32, 0x00,
  0x9a, 0x43, 0x00, 0xc1, 0xc1, 0x00, 0x2c, 0x4c, 0x00, 0x2e, 0xff, 0x32,
  0x00, 0x9a, 0x45, 0x00, 0xc1, 0x92, 0x81, 0x00, 0x00, 0x11, 0xd0, 0x67,
  0xd0, 0x11, 0x00, 0x00, 0x7b, 0x9a, 0x00, 0xb8, 0xb1, 0x9d, 0xce, 0x52,
  0x00, 0x50, 0xcd, 0xa1, 0xb5, 0xb6, 0x02, 0x00, 0x00, 0x30, 0x3e, 0x09,
  0x00, 0x00, 0x00, 0x05, 0x35, 0x28, 0x00, 0x00, 0x00, 0x00, 0x1a, 0x24,
  0x00, 0x00, 0x00, 0x00, 0x00, 0x26, 0x1c, 0x00, 0x00, 0x00, 0x9a, 0xbf,
  0xb0, 0xc7, 0x3e, 0x00, 0x42, 0xc8, 0xad, 0xbe, 0xa1, 0x00, 0x70, 0x8f,
  0x00, 0x00, 0x26, 0xd4, 0x5c, 0xd3, 0x21, 0x00, 0x00, 0x98, 0x83, 0xba,
  0x02, 0x2b, 0x4b, 0x00, 0x37, 0xff, 0x32, 0x00, 0x9a, 0x43, 0x00, 0xc1,
  0xc1, 0x00, 0x2c, 0x4c, 0x00, 0x2e, 0xff, 0x32, 0x00, 0x9a, 0x45, 0x00,
  0xc1, 0x92, 0x81, 0x00, 0x00, 0x11, 0xd0, 0x67, 0xd0, 0x11, 0x00, 0x00,
  0x7b, 0x9a, 0x00, 0xb8, 0xb1, 0x9d, 0xce, 0x52, 0x00, 0x50, 0xcd, 0xa1,
  0xb5, 0xb6, 0x02, 0x00, 0x00, 0x30, 0x3e, 0x09, 0x00, 0x00, 0x00, 0x05,
  0x35, 0x28, 0x00, 0x00, 0x00, 0x00, 0x1a, 0x24, 0x00, 0x00, 0x00, 0x00,
  0x00, 0x26, 0x1c, 0x00, 0x00, 0x00, 0x99, 0xbf, 0xb0, 0xc7, 0x3e, 0x00,
  0x42, 0xc8, 0xad, 0xbe, 0xa1, 0x00, 0x6f, 0x8e, 0x00, 0x00, 0x26, 0xd4,
  0x5c, 0xd3, 0x21, 0x00, 0x00, 0x98, 0x83, 0xba, 0x01, 0x2b, 0x4b, 0x00,
  0x37, 0xff, 0x32, 0x00, 0x9a, 0x43, 0x00, 0xc1, 0xc1, 0x00, 0x2c, 0x4c,
  0x00, 0x2e, 0xff, 0x32, 0x00, 0x9a, 0x45, 0x00, 0xc1, 0x92, 0x81, 0x00,
  0x00, 0x11, 0xd0, 0x67, 0xd0, 0x11, 0x00, 0x00, 0x7b, 0x9a, 0x00, 0xb8,
  0xb1, 0x9d, 0xce, 0x52, 0x00, 0x50, 0xcd, 0xa1, 0xb5, 0xb6, 0x02, 0x00,
  0x00, 0x30, 0x3e, 0x09, 0x00, 0x00, 0x00, 0x05, 0x35, 0x28, 0x00, 0x00,
  0x00, 0x00, 0x1a, 0x24, 0x00, 0x00, 0x00, 0x00, 0x00, 0x26, 0x1c, 0x00,
  0x00, 0x00, 0x99, 0xbf, 0xb0, 0xc7, 0x3e, 0x00, 0x42, 0xc8, 0xad, 0xbe,
  0xa1, 0x00, 0x6e, 0x8d, 0x00, 0x00, 0x26, 0xd4, 0x5c, 0xd3, 0x21, 0x00,
  0x00, 0x98, 0x83, 0xb9, 0x01, 0x2b, 0x4b, 0x00, 0x37, 0xff, 0x32, 0x00,
  0x9a, 0x43, 0x00, 0xc1, 0xc1, 0x00, 0x2c, 0x4c, 0x00, 0x2e, 0xff, 0x32,
  0x00, 0x9a, 0x45, 0x00, 0xc1, 0x92, 0x81, 0x00, 0x00, 0x11, 0xd0, 0x67,
  0xd0, 0x11, 0x00, 0x00, 0x7b, 0x9a, 0x00, 0xb8, 0xb1, 0x9d, 0xce, 0x52,
  0x00, 0x50, 0xcd, 0xa1, 0xb5, 0xb6, 0x02, 0x00, 0x00, 0x30, 0x3e, 0x09,
  0x00, 0x00, 0x00, 0x05, 0x35, 0x28, 0x00, 0x00, 0x00, 0x00, 0x1a, 0x24,
  0x00, 0x00, 0x00, 0x00, 0x00, 0x26, 0x1c, 0x00, 0x00, 0x00, 0x98, 0xbf,
  0xb0, 0xc7, 0x3e, 0x00, 0x42, 0xc8, 0xad, 0xbe, 0xa1, 0x00, 0x6d, 0x8c,
  0x00, 0x00, 0x26, 0xd4, 0x5c, 0xd3, 0x21, 0x00, 0x00, 0x98, 0x83, 0xb9,
  0x01, 0x2b, 0x4b, 0x00, 0x37, 0xff, 0x32, 0x00, 0x9a, 0x43, 0x00, 0xc1,
  0xc1, 0x00, 0x2c, 0x4c, 0x00, 0x2e, 0xff, 0x32, 0x00, 0x9a, 0x45, 0x00,
  0xc1, 0x92, 0x81, 0x00, 0x00, 0x11, 0xd0, 0x67, 0xd0, 0x11, 0x00, 0x00,
  0x7b, 0x9a, 0x00, 0xb8, 0xb1, 0x9d, 0xce, 0x52, 0x00, 0x50, 0xcd, 0xa1,
  0xb5, 0xb6, 0x02, 0x00, 0x00, 0x30, 0x3e, 0x09, 0x00, 0x00, 0x00, 0x05,
  0x35, 0x28, 0x00, 0x00, 0x00, 0x00, 0x1a, 0x24, 0x00, 0x00, 0x00, 0x00,
  0x00, 0x26, 0x1c, 0x00, 0x00, 0x00, 0x97, 0xbf, 0xb0, 0xc7, 0x3e, 0x00,
  0x42, 0xc8, 0xad, 0xbe, 0xa1, 0x00, 0x6b, 0x8a, 0x00, 0x00, 0x26, 0xd4,
  0x5c, 0xd3, 0x21, 0x00, 0x00, 0x98, 0x83, 0xb8, 0x01, 0x2b, 0x4b, 0x00,
  0x37, 0xff, 0x32, 0x00, 0x9a, 0x43, 0x00, 0xc1, 0xc1, 0x00, 0x2c, 0x4c,
  0x00, 0x2e, 0xff, 0x32, 0x00, 0x9a, 0x45, 0x00, 0xc1, 0x92, 0x81, 0x00,
  0x00, 0x11, 0xd0, 0x67, 0xd0, 0x11, 0x00, 0x00, 0x7b, 0x9a, 0x00, 0xb8,
  0xb1, 0x9d, 0xce, 0x52, 0x00, 0x50, 0xcd, 0xa1, 0xb5, 0xb6, 0x02, 0x00,
  0x00, 0x30, 0x3e, 0x09, 0x00, 0x00, 0x00, 0x05, 0x35, 0x28, 0x00, 0x00,
  0x00, 0x00, 0x1a, 0x24, 0x00, 0x00, 0x00, 0x00, 0x00, 0x26, 0x1c, 0x00,
  0x00, 0x00, 0x96, 0xbf, 0xb0, 0xc7, 0x3e, 0x00, 0x42, 0xc8, 0xad, 0xbe,
  0xa1, 0x00, 0x6a, 0x89, 0x00, 0x00, 0x26, 0xd4, 0x5c, 0xd3, 0x21, 0x00,
  0x00, 0x98, 0x83, 0xb8, 0x01, 0x2b, 0x4b, 0x00, 0x37, 0xff, 0x32, 0x00,
  0x9a, 0x43, 0x00, 0xc1, 0xc1, 0x00, 0x2c, 0x4c, 0x00, 0x2e, 0xff, 0x32,
  0x00, 0x9a, 0x45, 0x00, 0xc1, 0x92, 0x81, 0x00, 0x00, 0x11, 0xd0, 0x67,
  0xd0, 0x11, 0x00, 0x00, 0x7b, 0x9a, 0x00, 0xb8, 0xb1, 0x9d, 0xce, 0x52,
  0x00, 0x50, 0xcd, 0xa1, 0xb5, 0xb6, 0x02, 0x00, 0x00, 0x30, 0x3e, 0x09,
  0x00, 0x00, 0x00, 0x05, 0x35, 0x28, 0x00, 0x00, 0x00, 0x00, 0x1a, 0x24,
  0x00, 0x00, 0x00, 0x00, 0x00, 0x26, 0x1c, 0x00, 0x00, 0x00, 0x95, 0xbf,
  0xb0, 0xc7, 0x3e, 0x00, 0x42, 0xc8, 0xad, 0xbe, 0xa1, 0x00, 0x69, 0x87,
  0x00, 0x00, 0x26, 0xd4, 0x5c, 0xd3, 0x21, 0x00, 0x00, 0x98, 0x83, 0xb8,
  0x01, 0x2b, 0x4b, 0x00, 0x37, 0xff, 0x32, 0x00, 0x9a, 0x43, 0x00, 0xc1,
  0xc1, 0x00, 0x2c, 0x4c, 0x00, 0x2e, 0xff, 0x32, 0x00, 0x9a, 0x45, 0x00,
  0xc1, 0x92, 0x81, 0x00, 0x00, 0x11, 0xd0, 0x67, 0xd0, 0x11, 0x00, 0x00,
  0x7b, 0x9a, 0x00, 0xb8, 0xb1, 0x9d, 0xce, 0x52, 0x00, 0x50, 0xcd, 0xa1,
  0xb5, 0xb6, 0x02, 0x00, 0x00, 0x30, 0x3e, 0x09, 0x00, 0x00, 0x00, 0x05,
  0x35, 0x28, 0x00, 0x00, 0x00, 0x00, 0x1a, 0x24, 0x00, 0x00, 0x00, 0x00,
  0x00, 0x26, 0x1c, 0x00, 0x00, 0x00, 0x94, 0xbf, 0xb0, 0xc7, 0x3e, 0x00,
  0x42, 0xc8, 0xad, 0xbe, 0xa1, 0x00, 0x67, 0x85, 0x00, 0x00, 0x26, 0xd4,
  0x5c, 0xd3, 0x21, 0x00, 0x00, 0x98, 0x83, 0xb7, 0x01, 0x2b, 0x4b, 0x00,
  0x37, 0xff, 0x32, 0x00, 0x9a, 0x43, 0x00, 0xc1, 0xc1, 0x00, 0x2c, 0x4c,
  0x00, 0x2e, 0xff, 0x32, 0x00, 0x9a, 0x45, 0x00, 0xc1, 0x92, 0x81, 0x00,
  0x00, 0x11, 0xd0, 0x67, 0xd0, 0x11, 0x00, 0x00, 0x7b, 0x9a, 0x00, 0xb8,
  0xb1, 0x9d, 0xce, 0x52, 0x00, 0x50, 0xcd, 0xa1, 0xb5, 0xb6, 0x02, 0x00,
  0x00, 0x30, 0x3e, 0x09, 0x00, 0x00, 0x00, 0x05, 0x35, 0x28, 0x00, 0x00,
  0x00, 0x00, 0x1a, 0x24, 0x00, 0x00, 0x00, 0x00, 0x00, 0x26, 0x1c, 0x00,
  0x00, 0x00, 0x93, 0xbf, 0xb0, 0xc7, 0x3e, 0x00, 0x42, 0xc8, 0xad, 0xbe,
  0xa1, 0x00, 0x66, 0x84, 0x00, 0x00, 0x26, 0xd4, 0x5c, 0xd3, 0x21, 0x00,
  0x00, 0x98, 0x83, 0xb7, 0x01, 0x2b, 0x4b, 0x00, 0x37, 0xff, 0x32, 0x00,
  0x9a, 0x43, 0x00, 0xc1, 0xc1, 0x00, 0x2c, 0x4c, 0x00, 0x2e, 0xff, 0x32,
  0x00, 0x9a, 0x45, 0x00, 0xc1, 0x92, 0x81, 0x00, 0x00, 0x11, 0xd0, 0x67,
  0xd0, 0x11, 0x00, 0x00, 0x7b, 0x9a, 0x00, 0xb8, 0xb1, 0x9d, 0xce, 0x52,
  0x00, 0x50, 0xcd, 0xa1, 0xb5, 0xb6, 0x02, 0x00, 0x00, 0x30, 0x3e, 0x09,
  0x00, 0x00, 0x00, 0x05, 0x35, 0x28, 0x00, 0x00, 0x00, 0x00, 0x1a, 0x24,
  0x00, 0x00, 0x00, 0x00, 0x00, 0x26, 0x1c, 0x00, 0x00, 0x00, 0x92, 0xbf,
  0xb0, 0xc7, 0x3e, 0x00, 0x42, 0xc8, 0xad, 0xbe, 0xa1, 0x00, 0x64, 0x81,
  0x00, 0x00, 0x26, 0xd4, 0x5c, 0xd3, 0x21, 0x00, 0x00, 0x98, 0x83, 0xb7,
  0x01, 0x2b, 0x4b, 0x00, 0x37, 0xff, 0x32, 0x00, 0x9a, 0x43, 0x00, 0xc1,
  0xc1, 0x00, 0x2c, 0x4c, 0x00, 0x2e, 0xff, 0x32, 0x00, 0x9a, 0x45, 0x00,
  0xc1, 0x92, 0x81, 0x00, 0x00, 0x11, 0xd0, 0x67, 0xd0, 0x11, 0x00, 0x00,
  0x7b, 0x9a, 0x00, 0xb8, 0xb1, 0x9d, 0xce, 0x52, 0x00, 0x50, 0xcd, 0xa1,
  0xb5, 0xb6, 0x02, 0x00, 0x00, 0x30, 0x3e, 0x09, 0x00, 0x00, 0x00, 0x05,
  0x35, 0x28, 0x00, 0x00, 0x00, 0x00, 0x1a, 0x24, 0x00, 0x00, 0x00, 0x00,
  0x00, 0x26, 0x1c, 0x00, 0x00, 0x00, 0x90, 0xbf, 0xb0, 0xc7, 0x3e, 0x00,
  0x42, 0xc8, 0xad, 0xbe, 0xa1, 0x00, 0x63, 0x7f, 0x00, 0x00, 0x26, 0xd4,
  0x5c, 0xd3, 0x21, 0x00, 0x00, 0x98, 0x83, 0xb6, 0x01, 0x2b, 0x4b, 0x00,
  0x37, 0xff, 0x32, 0x00, 0x9a, 0x43, 0x00, 0xc1, 0xc1, 0x00, 0x2c, 0x4c,
  0x00, 0x2e, 0xff, 0x32, 0x00, 0x9a, 0x45, 0x00, 0xc1, 0x92, 0x81, 0x00,
  0x00, 0x11, 0xd0, 0x67, 0xd0, 0x11, 0x00, 0x00, 0x7b, 0x9a, 0x00, 0xb8,
  0xb1, 0x9d, 0xce, 0x52, 0x00, 0x50, 0xcd, 0xa1, 0xb5, 0xb6, 0x02, 0x00,
  0x00, 0x30, 0x3e, 0x09, 0x00, 0x00, 0x00, 0x05, 0x35, 0x28, 0x00, 0x00,
  0x00, 0x00, 0x1a, 0x24, 0x00, 0x00, 0x00, 0x00, 0x00, 0x26, 0x1c, 0x00,
  0x00, 0x00, 0x8e, 0xbf, 0xb0, 0xc7, 0x3e, 0x00, 0x42, 0xc8, 0xad, 0xbe,
  0xa1, 0x00, 0x61, 0x7c, 0x00, 0x00, 0x26, 0xd4, 0x5c, 0xd3, 0x21, 0x00,
  0x00, 0x98, 0x83, 0xb6, 0x01, 0x2b, 0x4b, 0x00, 0x37, 0xff, 0x32, 0x00,
  0x9a, 0x43, 0x00, 0xc1, 0xc1, 0x00, 0x2c, 0x4c, 0x00, 0x2e, 0xff, 0x32,
  0x00, 0x9a, 0x45, 0x00, 0xc1, 0x92, 0x81, 0x00, 0x00, 0x11, 0xd0, 0x67,
  0xd0, 0x11, 0x00, 0x00, 0x7b, 0x9a, 0x00, 0xb8, 0xb1, 0x9d, 0xce, 0x52,
  0x00, 0x50, 0xcd, 0xa1, 0xb5, 0xb6, 0x02, 0x00, 0x00, 0x30, 0x3e, 0x09,
  0x00, 0x00, 0x00, 0x05, 0x35, 0x28, 0x00, 0x00, 0x00, 0x00, 0x1a, 0x24,
  0x00, 0x00, 0x00, 0x00, 0x00, 0x26, 0x1c, 0x00, 0x00, 0x00, 0x8c, 0xbf,
  0xb0, 0xc7, 0x3e, 0x00, 0x42, 0xc8, 0xad, 0xbe, 0xa1, 0x00, 0x60, 0x7a,
  0x00, 0x00, 0x26, 0xd4, 0x5c, 0xd3, 0x21, 0x00, 0x00, 0x98, 0x83, 0xb5,
  0x01, 0x2b, 0x4b, 0x00, 0x37, 0xff, 0x32, 0x00, 0x9a, 0x43, 0x00, 0xc1,
  0xc1, 0x00, 0x2c, 0x4c, 0x00, 0x2e, 0xff, 0x32, 0x00, 0x9a, 0x45, 0x00,
  0xc1, 0x92, 0x81, 0x00, 0x00, 0x11, 0xd0, 0x67, 0xd0, 0x11, 0x00, 0x00,
  0x7b, 0x9a, 0x00, 0xb8, 0xb1, 0x9d, 0xce, 0x52, 0x00, 0x50, 0xcd, 0xa1,
  0xb5, 0xb6, 0x02, 0x00, 0x00, 0x30, 0x3e, 0x09, 0x00, 0x00, 0x00, 0x05,
  0x35, 0x28, 0x00, 0x00, 0x00, 0x00, 0x1a, 0x24, 0x00, 0x00, 0x00, 0x00,
  0x00, 0x26, 0x1c, 0x00, 0x00, 0x00, 0x8a, 0xbf, 0xb0, 0xc7, 0x3e, 0x00,
  0x42, 0xc8, 0xad, 0xbe, 0xa1, 0x00, 0x5e, 0x77, 0x00, 0x00, 0x26, 0xd4,
  0x5c, 0xd3, 0x21, 0x00, 0x00, 0x98, 0x83, 0xb5, 0x01, 0x2b, 0x4b, 0x00,
  0x37, 0xff, 0x32, 0x00, 0x9a, 0x43, 0x00, 0xc1, 0xc1, 0x00, 0x2c, 0x4c,
  0x00, 0x2e, 0xff, 0x32, 0x00, 0x9a, 0x45, 0x00, 0xc1, 0x92, 0x81, 0x00,
  0x00, 0x11, 0xd0, 0x67, 0xd0, 0x11, 0x00, 0x00, 0x7b, 0x9a, 0x00, 0xb8,
  0xb1, 0x9d, 0xce, 0x52, 0x00, 0x50, 0xcd, 0xa1, 0xb5, 0xb6, 0x02, 0x00,
  0x00, 0x30, 0x3e, 0x09, 0x00, 0x00, 0x00, 0x05, 0x35, 0x28, 0x00, 0x00,
  0x00, 0x00, 0x1a, 0x24, 0x00, 0x00, 0x00, 0x00, 0x00, 0x26, 0x1c, 0x00,
  0x00, 0x00, 0x87, 0xbe, 0xb0, 0xc7, 0x3e, 0x00, 0x42, 0xc8, 0xad, 0xbe,
  0xa1, 0x00, 0x5c, 0x74, 0x00, 0x00, 0x26, 0xd4, 0x5c, 0xd3, 0x21, 0x00,
  0x00, 0x98, 0x83, 0xb4, 0x01, 0x2b, 0x4b, 0x00, 0x37, 0xff, 0x32, 0x00,
  0x9a, 0x43, 0x00, 0xc1, 0xc1, 0x00, 0x2c, 0x4c, 0x00, 0x2e, 0xff, 0x32,
  0x00, 0x9a, 0x45, 0x00, 0xc1, 0x92, 0x81, 0x00, 0x00, 0x11, 0xd0, 0x67,
  0xd0, 0x11, 0x00, 0x00, 0x7b, 0x9a, 0x00, 0xb8, 0xb1, 0x9d, 0xce, 0x52,
  0x00, 0x50, 0xcd, 0xa1, 0xb5, 0xb6, 0x02, 0x00, 0x00, 0x30, 0x3e, 0x09,
  0x00, 0x00, 0x00, 0x05, 0x35, 0x28, 0x00, 0x00, 0x00, 0x00, 0x1a, 0x24,
  0x00, 0x00, 0x00, 0x00, 0x00, 0x26, 0x1c, 0x00, 0x00, 0x00, 0x84, 0xbe,
  0xb0, 0xc7, 0x3e, 0x00, 0x42, 0xc8, 0xad, 0xbe, 0xa1, 0x00, 0x5a, 0x72,
  0x00, 0x00, 0x26, 0xd4, 0x5c, 0xd3, 0x21, 0x00, 0x00, 0x98, 0x83, 0xb4,
  0x01, 0x2b, 0x4b, 0x00, 0x37, 0xff, 0x32, 0x00, 0x9a, 0x43, 0x00, 0xc1,
  0xc1, 0x00, 0x2c, 0x4c, 0x00, 0x2e, 0xff, 0x32, 0x00, 0x9a, 0x45, 0x00,
  0xc1, 0x92, 0x81, 0x00, 0x00, 0x11, 0xd0, 0x67, 0xd0, 0x11, 0x00, 0x00,
  0x7b, 0x9a, 0x00, 0xb8, 0xb1, 0x9d, 0xce, 0x52, 0x00, 0x50, 0xcd, 0xa1,
  0xb5, 0xb6, 0x02, 0x00, 0x00, 0x30, 0x3e, 0x09, 0x00, 0x00, 0x00, 0x05,
  0x35, 0x28, 0x00, 0x00, 0x00, 0x00, 0x1a, 0x24, 0x00, 0x00, 0x00, 0x00,
  0x00, 0x26, 0x1c, 0x00, 0x00, 0x00, 0x81, 0xbe, 0xb0, 0xc7, 0x3e, 0x00,
  0x42, 0xc8, 0xad, 0xbe, 0xa1, 0x00, 0x5a, 0x6f, 0x00, 0x00, 0x26, 0xd4,
  0x5c, 0xd3, 0x21, 0x00, 0x00, 0x98, 0x83, 0xb4, 0x01, 0x2b, 0x4b, 0x00,
  0x37, 0xff, 0x32, 0x00, 0x9a, 0x43, 0x00, 0xc1, 0xc1, 0x00, 0x2c, 0x4c,
  0x00, 0x2e, 0xff, 0x32, 0x00, 0x9a, 0x45, 0x00, 0xc1, 0x92, 0x81, 0x00,
  0x00, 0x11, 0xd0, 0x67, 0xd0, 0x11, 0x00, 0x00, 0x7b, 0x9a, 0x00, 0xb8,
  0xb1, 0x9d, 0xce, 0x52, 0x00, 0x50, 0xcd, 0xa1, 0xb5, 0xb6, 0x02, 0x00,
  0x00, 0x30, 0x3e, 0x09, 0x00, 0x00, 0x00, 0x05, 0x35, 0x28, 0x00, 0x00,
  0x00, 0x00, 0x1a, 0x24, 0x00, 0x00, 0x00, 0x00, 0x00, 0x26, 0x1c, 0x00,
  0x00, 0x00, 0x7e, 0xbe, 0xb0, 0xc7, 0x3e, 0x00, 0x42, 0xc8, 0xad, 0xbe,
  0xa1, 0x00, 0x58, 0x6c, 0x00, 0x00, 0x26, 0xd4, 0x5c, 0xd3, 0x21, 0x00,
  0x00, 0x98, 0x83, 0xb4, 0x01, 0x2b, 0x4b, 0x00, 0x37, 0xff, 0x32, 0x00,
  0x9a, 0x43, 0x00, 0xc1, 0xc1, 0x00, 0x2c, 0x4c, 0x00, 0x2e, 0xff, 0x32,
  0x00, 0x9a, 0x45, 0x00, 0xc1, 0x92, 0x81, 0x00, 0x00, 0x11, 0xd0, 0x67,
  0xd0, 0x11, 0x00, 0x00, 0x7b, 0x9a, 0x00, 0xb8, 0xb1, 0x9d, 0xce, 0x52,
  0x00, 0x50, 0xcd, 0xa1, 0xb5, 0xb6, 0x02, 0x00, 0x00, 0x30, 0x3e, 0x09,
  0x00, 0x00, 0x00, 0x05, 0x35, 0x28, 0x00, 0x00, 0x00, 0x00, 0x1a, 0x24,
  0x00, 0x00, 0x00, 0x00, 0x00, 0x26, 0x1c, 0x00, 0x00, 0x00, 0x7b, 0xbd,
  0xb0, 0xc7, 0x3e, 0x00, 0x42, 0xc8, 0xad, 0xbe, 0xa1, 0x00, 0x56, 0x69,
  0x00, 0x00, 0x26, 0xd3, 0x5c, 0xd3, 0x21, 0x00, 0x00, 0x98, 0x83, 0xb3,
  0x01, 0x2b, 0x4b, 0x00, 0x37, 0xff, 0x32, 0x00, 0x9a, 0x44, 0x00, 0xc1,
  0xc1, 0x00, 0x2c, 0x4c, 0x00, 0x2e, 0xff, 0x32, 0x00, 0x9a, 0x45, 0x00,
  0xc1, 0x92, 0x81, 0x00, 0x00, 0x11, 0xd0, 0x67, 0xd0, 0x11, 0x00, 0x00,
  0x7b, 0x9a, 0x00, 0xb8, 0xb1, 0x9d, 0xce, 0x52, 0x00, 0x50, 0xce, 0xa1,
  0xb5, 0xb6, 0x01, 0x00, 0x00, 0x30, 0x3e, 0x09, 0x00, 0x00, 0x00, 0x05,
  0x35, 0x28, 0x00, 0x00, 0x00, 0x00, 0x1a, 0x24, 0x00, 0x00, 0x00, 0x00,
  0x00, 0x26, 0x1c, 0x00, 0x00, 0x00, 0x77, 0xbd, 0xb0, 0xc7, 0x3e, 0x00,
  0x42, 0xc8, 0xad, 0xbe, 0xa1, 0x00, 0x55, 0x66, 0x00, 0x00, 0x26, 0xd4,
  0x5c, 0xd3, 0x21, 0x00, 0x00, 0x98, 0x83, 0xb3, 0x01, 0x2b, 0x4b, 0x00,
  0x37, 0xff, 0x32, 0x00, 0x9a, 0x44, 0x00, 0xc1, 0xc1, 0x00, 0x2c, 0x4c,
  0x00, 0x2e, 0xff, 0x32, 0x00, 0x9a, 0x45, 0x00, 0xc1, 0x92, 0x81, 0x00,
  0x00, 0x11, 0xd0, 0x67, 0xd0, 0x11, 0x00, 0x00, 0x7b, 0x9a, 0x00, 0xb8,
  0xb1, 0x9d, 0xce, 0x52, 0x00, 0x50, 0xce, 0xa1, 0xb5, 0xb6, 0x01, 0x00,
  0x00, 0x30, 0x3e, 0x09, 0x00, 0x00, 0x00, 0x05, 0x35, 0x28, 0x00, 0x00,
  0x00, 0x00, 0x1a, 0x24, 0x00, 0x00, 0x00, 0x00, 0x00, 0x26, 0x1c, 0x00,
  0x00, 0x00, 0x73, 0xbc, 0xb0, 0xc8, 0x3e, 0x00, 0x42, 0xc8, 0xad, 0xbe,
  0xa1, 0x00, 0x53, 0x63, 0x00, 0x00, 0x26, 0xd4, 0x5c, 0xd3, 0x21, 0x00,
  0x00, 0x98, 0x83, 0xb3, 0x01, 0x2b, 0x4b, 0x00, 0x37, 0xff, 0x32, 0x00,
  0x9a, 0x44, 0x00, 0xc1, 0xc1, 0x00, 0x2c, 0x4c, 0x00, 0x2e, 0xff, 0x32,
  0x00, 0x9a, 0x45, 0x00, 0xc1, 0x92, 0x81, 0x00, 0x00, 0x11, 0xd0, 0x67,
  0xd0, 0x11, 0x00, 0x00, 0x7b, 0x9a, 0x00, 0xb8, 0xb1, 0x9d, 0xce, 0x52,
  0x00, 0x50, 0xce, 0xa1, 0xb5, 0xb6, 0x01, 0x00, 0x00, 0x30, 0x3e, 0x09,
  0x00, 0x00, 0x00, 0x05, 0x35, 0x28, 0x00, 0x00, 0x00, 0x00, 0x1a, 0x24,
  0x00, 0x00, 0x00, 0x00, 0x00, 0x26, 0x1c, 0x00, 0x00, 0x00, 0x6f, 0xbc,
  0xb0, 0xc8, 0x3e, 0x00, 0x42, 0xc8, 0xad, 0xbe, 0xa1, 0x00, 0x52, 0x60,
  0x00, 0x00, 0x26, 0xd4, 0x5c, 0xd3, 0x21, 0x00, 0x00, 0x98, 0x83, 0xb3,
  0x01, 0x2b, 0x4b, 0x00, 0x37, 0xff, 0x32, 0x00, 0x9a, 0x44, 0x00, 0xc1,
  0xc1, 0x00, 0x2c, 0x4c, 0x00, 0x2e, 0xff, 0x32, 0x00, 0x9a, 0x45, 0x00,
  0xc1, 0x92, 0x81, 0x00, 0x00, 0x11, 0xd0, 0x67, 0xd0, 0x11, 0x00, 0x00,
  0x7b, 0x9a, 0x00, 0xb8, 0xb1, 0x9d, 0xce, 0x52, 0x00, 0x50, 0xce, 0xa1,
  0xb5, 0xb6, 0x01, 0x00, 0x00, 0x30, 0x3e, 0x09, 0x00, 0x00, 0x00, 0x05,
  0x35, 0x28, 0x00, 0x00, 0x00, 0x00, 0x1a, 0x24, 0x00, 0x00, 0x00, 0x00,
  0x00, 0x26, 0x1c, 0x00, 0x00, 0x00, 0x6b, 0xbb, 0xb0, 0xc8, 0x3e, 0x00,
  0x42, 0xc8, 0xad, 0xbe, 0xa1, 0x00, 0x51, 0x5d, 0x00, 0x00, 0x26, 0xd4,
  0x5c, 0xd3, 0x21, 0x00, 0x00, 0x98, 0x83, 0xb2, 0x01, 0x2c, 0x4b, 0x00,
  0x37, 0xff, 0x32, 0x00, 0x9a, 0x44, 0x00, 0xc1, 0xc1, 0x00, 0x2c, 0x4c,
  0x00, 0x2e, 0xff, 0x32, 0x00, 0x9a, 0x45, 0x00, 0xc1, 0x92, 0x81, 0x00,
  0x00, 0x11, 0xd0, 0x67, 0xd0, 0x11, 0x00, 0x00, 0x7b, 0x9a, 0x00, 0xb8,
  0xb1, 0x9d, 0xce, 0x52, 0x00, 0x50, 0xce, 0xa1, 0xb5, 0xb6, 0x01, 0x00,
  0x00, 0x30, 0x3e, 0x09, 0x00, 0x00, 0x00, 0x05, 0x35, 0x28, 0x00, 0x00,
  0x00, 0x00, 0x19, 0x24, 0x00, 0x00, 0x00, 0x00, 0x00, 0x26, 0x1c, 0x00,
  0x00, 0x00, 0x66, 0xba, 0xb1, 0xc8, 0x3e, 0x00, 0x42, 0xc8, 0xad, 0xbe,
  0xa1, 0x00, 0x4f, 0x5a, 0x00, 0x00, 0x26, 0xd4, 0x5c, 0xd3, 0x21, 0x00,
  0x00, 0x98, 0x83, 0xb2, 0x01, 0x2b, 0x4b, 0x00, 0x37, 0xff, 0x32, 0x00,
  0x9a, 0x44, 0x00, 0xc1, 0xc1, 0x01, 0x2c, 0x4c, 0x00, 0x2e, 0xff, 0x32,
  0x00, 0x9a, 0x45, 0x00, 0xc1, 0x92, 0x81, 0x00, 0x00, 0x11, 0xd0, 0x67,
  0xd0, 0x11, 0x00, 0x00, 0x7b, 0x9a, 0x00, 0xb8, 0xb1, 0x9d, 0xce, 0x52,
  0x00, 0x50, 0xce, 0xa1, 0xb5, 0xb6, 0x01, 0x00, 0x00, 0x30, 0x3e, 0x09,
  0x00, 0x00, 0x00, 0x05, 0x35, 0x28, 0x00, 0x00, 0x00, 0x00, 0x19, 0x24,
  0x00, 0x00, 0x00, 0x00, 0x00, 0x26, 0x1c, 0x00, 0x00, 0x00, 0x62, 0xb8,
  0xb1, 0xc8, 0x3e, 0x00, 0x42, 0xc8, 0xad, 0xbe, 0xa1, 0x00, 0x4e, 0x58,
  0x00, 0x00, 0x26, 0xd4, 0x5c, 0xd3, 0x21, 0x00, 0x00, 0x98, 0x83, 0xb2,
  0x02, 0x2b, 0x4b, 0x00, 0x37, 0xff, 0x32, 0x00, 0x9a, 0x44, 0x00, 0xc1,
  0xc1, 0x01, 0x2c, 0x4c, 0x00, 0x2e, 0xff, 0x32, 0x00, 0x9a, 0x45, 0x00,
  0xc1, 0x92, 0x81, 0x00, 0x00, 0x11, 0xd0, 0x67, 0xd0, 0x11, 0x00, 0x00,
  0x7b, 0x9a, 0x00, 0xb8, 0xb1, 0x9d, 0xce, 0x52, 0x00, 0x50, 0xce, 0xa1,
  0xb5, 0xb6, 0x01, 0x00, 0x00, 0x30, 0x3e, 0x09, 0x00, 0x00, 0x00, 0x05,
  0x35, 0x28, 0x00, 0x00, 0x00, 0x00, 0x19, 0x24, 0x00, 0x00, 0x00, 0x00,
  0x00, 0x26, 0x1c, 0x00, 0x00, 0x00, 0x5e, 0xb6, 0xb1, 0xc8, 0x3e, 0x00,
  0x42, 0xc8, 0xad, 0xbe, 0xa1, 0x00, 0x4d, 0x55, 0x00, 0x00, 0x26, 0xd4,
  0x5c, 0xd3, 0x21, 0x00, 0x00, 0x98, 0x83, 0xb2, 0x02, 0x2c, 0x4b, 0x00,
  0x37, 0xff, 0x32, 0x00, 0x9a, 0x44, 0x00, 0xc1, 0xc1, 0x01, 0x2c, 0x4c,
  0x00, 0x2e, 0xff, 0x32, 0x00, 0x9a, 0x45, 0x00, 0xc1, 0x92, 0x81, 0x00,
  0x00, 0x11, 0xd0, 0x67, 0xd0, 0x11, 0x00, 0x00, 0x7b, 0x9a, 0x00, 0xb8,
  0xb1, 0x9d, 0xce, 0x52, 0x00, 0x50, 0xce, 0xa1, 0xb5, 0xb6, 0x01, 0x00,
  0x00, 0x30, 0x3e, 0x09, 0x00, 0x00, 0x00, 0x05, 0x35, 0x28, 0x00, 0x00,
  0x00, 0x00, 0x18, 0x23, 0x00, 0x00, 0x00, 0x00, 0x00, 0x26, 0x1c, 0x00,
  0x00, 0x00, 0x59, 0xb1, 0xb1, 0xc8, 0x3e, 0x00, 0x42, 0xc8, 0xad, 0xbe,
  0xa1, 0x00, 0x4c, 0x52, 0x00, 0x00, 0x26, 0xd4, 0x5c, 0xd3, 0x21, 0x00,
  0x00, 0x98, 0x83, 0xb1, 0x02, 0x2c, 0x4b, 0x00, 0x37, 0xff, 0x32, 0x00,
  0x9a, 0x44, 0x00, 0xc1, 0xc1, 0x01, 0x2c, 0x4c, 0x00, 0x2e, 0xff, 0x32,
  0x00, 0x9a, 0x45, 0x00, 0xc1, 0x92, 0x81, 0x00, 0x00, 0x11, 0xd0, 0x67,
  0xd0, 0x11, 0x00, 0x00, 0x7b, 0x9a, 0x00, 0xb8, 0xb1, 0x9d, 0xce, 0x52,
  0x00, 0x50, 0xce, 0xa1, 0xb5, 0xb6, 0x01, 0x00, 0x00, 0x30, 0x3e, 0x09,
  0x00, 0x00, 0x00, 0x05, 0x35, 0x28, 0x00, 0x00, 0x00, 0x00, 0x18, 0x23,
  0x00, 0x00, 0x00, 0x00, 0x00, 0x26, 0x1c, 0x00, 0x00, 0x00, 0x55, 0xad,
  0xb1, 0xc8, 0x3e, 0x00, 0x42, 0xc8, 0xad, 0xbe, 0xa1, 0x00, 0x4b, 0x50,
  0x00, 0x00, 0x26, 0xd4, 0x5c, 0xd3, 0x21, 0x00, 0x00, 0x98, 0x83, 0xb1,
  0x02, 0x2c, 0x4b, 0x00, 0x37, 0xff, 0x32, 0x00, 0x9a, 0x44, 0x00, 0xc1,
  0xc1, 0x01, 0x2c, 0x4c, 0x00, 0x2e, 0xff, 0x32, 0x00, 0x9a, 0x45, 0x00,
  0xc1, 0x92, 0x81, 0x00, 0x00, 0x11, 0xd0, 0x67, 0xd0, 0x11, 0x00, 0x00,
  0x7b, 0x9a, 0x00, 0xb8, 0xb1, 0x9d, 0xce, 0x52, 0x00, 0x50, 0xce, 0xa1,
  0xb5, 0xb6, 0x01, 0x00, 0x00, 0x30, 0x3e, 0x09, 0x00, 0x00, 0x00, 0x05,
  0x35, 0x28, 0x00, 0x00, 0x00, 0x00, 0x17, 0x23, 0x00, 0x00, 0x00, 0x00,
  0x00, 0x26, 0x1c, 0x00, 0x00, 0x00, 0x51, 0xa7, 0xb1, 0xc8, 0x3e, 0x00,
  0x42, 0xc8, 0xad, 0xbe, 0xa1, 0x00, 0x4a, 0x4e, 0x00, 0x00, 0x26, 0xd4,
  0x5c, 0xd3, 0x21, 0x00, 0x00, 0x98, 0x83, 0xb1, 0x02, 0x2c, 0x4b, 0x00,
  0x37, 0xff, 0x32, 0x00, 0x9a, 0x44, 0x00, 0xc1, 0xc1, 0x01, 0x2c, 0x4c,
  0x00, 0x2e, 0xff, 0x32, 0x00, 0x9a, 0x45, 0x00, 0xc1, 0x92, 0x81, 0x00,
  0x00, 0x11, 0xd0, 0x67, 0xd0, 0x11, 0x00, 0x00, 0x7b, 0x9a, 0x00, 0xb8,
  0xb1, 0x9d, 0xce, 0x52, 0x00, 0x50, 0xce, 0xa1, 0xb5, 0xb6, 0x01, 0x00,
  0x00, 0x30, 0x3e, 0x09, 0x00, 0x00, 0x00, 0x05, 0x35, 0x28, 0x00, 0x00,
  0x00, 0x00, 0x16, 0x23, 0x00, 0x00, 0x00, 0x00, 0x00, 0x26, 0x1c, 0x00,
  0x00, 0x00, 0x4d, 0xa2, 0xb1, 0xc8, 0x3e, 0x00, 0x42, 0xc8, 0xad, 0xbe,
  0xa1, 0x00, 0x49, 0x4b, 0x00, 0x00, 0x26, 0xd4, 0x5c, 0xd3, 0x21, 0x00,
  0x00, 0x98, 0x83, 0xb1, 0x02, 0x2c, 0x4b, 0x00, 0x37, 0xff, 0x32, 0x00,
  0x9a, 0x44, 0x00, 0xc1, 0xc1, 0x01, 0x2c, 0x4c, 0x00, 0x2e, 0xff, 0x32,
  0x00, 0x9a, 0x45, 0x00, 0xc1, 0x92, 0x81, 0x00, 0x00, 0x11, 0xd0, 0x67,
  0xd0, 0x11, 0x00, 0x00, 0x7b, 0x9a, 0x00, 0xb8, 0xb1, 0x9d, 0xce, 0x52,
  0x00, 0x50, 0xce, 0xa1, 0xb5, 0xb6, 0x01, 0x00, 0x00, 0x30, 0x3e, 0x09,
  0x00, 0x00, 0x00, 0x05, 0x35, 0x28, 0x00, 0x00, 0x00, 0x00, 0x14, 0x23,
  0x00, 0x00, 0x00, 0x00, 0x00, 0x26, 0x1c, 0x00, 0x00, 0x00, 0x49, 0x9c,
  0xb0, 0xc8, 0x3e, 0x00, 0x42, 0xc8, 0xad, 0xbe, 0xa1, 0x00, 0x48, 0x49,
  0x00, 0x00, 0x26, 0xd4, 0x5c, 0xd3, 0x21, 0x00, 0x00, 0x98, 0x83, 0xb1,
  0x02, 0x2c, 0x4b, 0x00, 0x37, 0xff, 0x32, 0x00, 0x9a, 0x44, 0x00, 0xc1,
  0xc1, 0x01, 0x2c, 0x4c, 0x00, 0x2e, 0xff, 0x32, 0x00, 0x9a, 0x45, 0x00,
  0xc1, 0x92, 0x81, 0x00, 0x00, 0x11, 0xd0, 0x67, 0xd0, 0x11, 0x00, 0x00,
  0x7b, 0x9a, 0x00, 0xb8, 0xb1, 0x9d, 0xce, 0x52, 0x00, 0x50, 0xce, 0xa1,
  0xb5, 0xb6, 0x01, 0x00, 0x00, 0x30, 0x3e, 0x09, 0x00, 0x00, 0x00, 0x05,
  0x35, 0x28, 0x00, 0x00, 0x00, 0x00, 0x13, 0x23, 0x00, 0x00, 0x00, 0x00,
  0x00, 0x26, 0x1c, 0x00, 0x00, 0x00, 0x46, 0x96, 0xb0, 0xc8, 0x3e, 0x00,
  0x42, 0xc8, 0xad, 0xbe, 0xa1, 0x00, 0x48, 0x47, 0x00, 0x00, 0x26, 0xd4,
  0x5c, 0xd3, 0x21, 0x00, 0x00, 0x98, 0x83, 0xb1, 0x02, 0x2c, 0x4b, 0x00,
  0x37, 0xff, 0x32, 0x00, 0x9a, 0x44, 0x00, 0xc1, 0xc1, 0x01, 0x2c, 0x4c,
  0x00, 0x2e, 0xff, 0x32, 0x00, 0x9a, 0x45, 0x00, 0xc1, 0x92, 0x81, 0x00,
  0x00, 0x11, 0xd0, 0x67, 0xd0, 0x11, 0x00, 0x00, 0x7b, 0x9a, 0x00, 0xb8,
  0xb1, 0x9d, 0xce, 0x52, 0x00, 0x50, 0xce, 0xa1, 0xb5, 0xb6, 0x01, 0x00,
  0x00, 0x30, 0x3e, 0x09, 0x00, 0x00, 0x00, 0x05, 0x35, 0x28, 0x00, 0x00,
  0x00, 0x00, 0x12, 0x22, 0x00, 0x00, 0x00, 0x00, 0x00, 0x26, 0x1c, 0x00,
  0x00, 0x00, 0x43, 0x90, 0xb0, 0xc8, 0x3e, 0x00, 0x42, 0xc8, 0xad, 0xbe,
  0xa1, 0x00, 0x47, 0x45, 0x00, 0x00, 0x26, 0xd4, 0x5c, 0xd3, 0x21, 0x00,
  0x00, 0x98, 0x83, 0xb1, 0x02, 0x2c, 0x4b, 0x00, 0x37, 0xff, 0x32, 0x00,
  0x9a, 0x44, 0x00, 0xc1, 0xc1, 0x01, 0x2c, 0x4c, 0x00, 0x2e, 0xff, 0x32,
  0x00, 0x9a, 0x45, 0x00, 0xc1, 0x92, 0x81, 0x00, 0x00, 0x11, 0xd0, 0x67,
  0xd0, 0x11, 0x00, 0x00, 0x7b, 0x9a, 0x00, 0xb8, 0xb1, 0x9d, 0xce, 0x52,
  0x00, 0x50, 0xce, 0xa1, 0xb5, 0xb6, 0x01, 0x00, 0x00, 0x30, 0x3e, 0x09,
  0x00, 0x00, 0x00, 0x05, 0x35, 0x28, 0x00, 0x00, 0x00, 0x00, 0x11, 0x22,
  0x00, 0x00, 0x00, 0x00, 0x00, 0x26, 0x1c, 0x00, 0x00, 0x00, 0x3f, 0x8a,
  0xb0, 0xc8, 0x3e, 0x00, 0x42, 0xc8, 0xad, 0xbe, 0xa1, 0x00, 0x46, 0x43,
  0x00, 0x00, 0x26, 0xd4, 0x5c, 0xd3, 0x21, 0x00, 0x00, 0x98, 0x83, 0xb1,
  0x03, 0x2c, 0x4b, 0x00, 0x37, 0xff, 0x32, 0x00, 0x9a, 0x44, 0x00, 0xc1,
  0xc2, 0x01, 0x2c, 0x4c, 0x00, 0x2e, 0xff, 0x32, 0x00, 0x9a, 0x45, 0x00,
  0xc1, 0x92, 0x81, 0x00, 0x00, 0x11, 0xd0, 0x67, 0xd0, 0x11, 0x00, 0x00,
  0x7b, 0x9a, 0x00, 0xb8, 0xb1, 0x9d, 0xce, 0x52, 0x00, 0x50, 0xce, 0xa1,
  0xb5, 0xb6, 0x01, 0x00, 0x00, 0x30, 0x3e, 0x09, 0x00, 0x00, 0x00, 0x05,
  0x35, 0x28, 0x00, 0x00, 0x00, 0x00, 0x10, 0x22, 0x00, 0x00, 0x00, 0x00,
  0x00, 0x26, 0x1c, 0x00, 0x00, 0x00, 0x3c, 0x84, 0xaf, 0xc8, 0x3e, 0x00,
  0x42, 0xc8, 0xad, 0xbe, 0xa1, 0x00, 0x45, 0x41, 0x00, 0x00, 0x26, 0xd4,
  0x5c, 0xd3, 0x21, 0x00, 0x00, 0x98, 0x83, 0xb0, 0x02, 0x2c, 0x4b, 0x00,
  0x37, 0xff, 0x32, 0x00, 0x9a, 0x44, 0x00, 0xc1, 0xc2, 0x01, 0x2c, 0x4c,
  0x00, 0x2e, 0xff, 0x32, 0x00, 0x9a, 0x45, 0x00, 0xc1, 0x92, 0x81, 0x00,
  0x00, 0x11, 0xd0, 0x67, 0xd0, 0x11, 0x00, 0x00, 0x7b, 0x9a, 0x00, 0xb8,
  0xb1, 0x9d, 0xce, 0x52, 0x00, 0x50, 0xce, 0xa1, 0xb5, 0xb6, 0x01, 0x00,
  0x00, 0x30, 0x3e, 0x09, 0x00, 0x00, 0x00, 0x05, 0x35, 0x28, 0x00, 0x00,
  0x00, 0x00, 0x0f, 0x21, 0x00, 0x00, 0x00, 0x00, 0x00, 0x26, 0x1c, 0x00,
  0x00, 0x00, 0x39, 0x7e, 0xab, 0xc7, 0x3e, 0x00, 0x42, 0xc8, 0xad, 0xbe,
  0xa1, 0x00, 0x45, 0x3f, 0x00, 0x00, 0x26, 0xd4, 0x5c, 0xd3, 0x21, 0x00,
  0x00, 0x98, 0x83, 0xb0, 0x03, 0x2c, 0x4b, 0x00, 0x37, 0xff, 0x32, 0x00,
  0x9a, 0x44, 0x00, 0xc1, 0xc2, 0x01, 0x2c, 0x4c, 0x00, 0x2e, 0xff, 0x32,
  0x00, 0x9a, 0x45, 0x00, 0xc1, 0x92, 0x81, 0x00, 0x00, 0x11, 0xd0, 0x67,
  0xd0, 0x11, 0x00, 0x00, 0x7b, 0x9a, 0x00, 0xb8, 0xb1, 0x9d, 0xce, 0x52,
  0x00, 0x50, 0xce, 0xa1, 0xb5, 0xb6, 0x01, 0x00, 0x00, 0x30, 0x3e, 0x09,
  0x00, 0x00, 0x00, 0x05, 0x35, 0x28, 0x00, 0x00, 0x00, 0x00, 0x0d, 0x20,
  0x00, 0x00, 0x00, 0x00, 0x00, 0x26, 0x1c, 0x00, 0x00, 0x00, 0x36, 0x78,
  0xa6, 0xc7, 0x3e, 0x00, 0x42, 0xc8, 0xad, 0xbe, 0xa1, 0x00, 0x44, 0x3e,
  0x00, 0x00, 0x25, 0xd4, 0x5c, 0xd3, 0x21, 0x00, 0x00, 0x98, 0x83, 0xb0,
  0x03, 0x2c, 0x4b, 0x00, 0x37, 0xff, 0x32, 0x00, 0x9a, 0x44, 0x00, 0xc1,
  0xc2, 0x01, 0x2c, 0x4c, 0x00, 0x2e, 0xff, 0x32, 0x00, 0x9a, 0x45, 0x00,
  0xc1, 0x92, 0x81, 0x00, 0x00, 0x11, 0xd0, 0x67, 0xd0, 0x11, 0x00, 0x00,
  0x7b, 0x9a, 0x00, 0xb8, 0xb1, 0x9d, 0xce, 0x52, 0x00, 0x50, 0xce, 0xa1,
  0xb5, 0xb6, 0x01, 0x00, 0x00, 0x30, 0x3e, 0x09, 0x00, 0x00, 0x00, 0x05,
  0x35, 0x28, 0x00, 0x00, 0x00, 0x00, 0x0c, 0x1e, 0x00, 0x00, 0x00, 0x00,
  0x00, 0x26, 0x1c, 0x00, 0x00, 0x00, 0x34, 0x73, 0xa1, 0xc6, 0x3e, 0x00,
  0x42, 0xc8, 0xad, 0xbe, 0xa1, 0x00, 0x44, 0x3c, 0x00, 0x00, 0x25, 0xd4,
  0x5c, 0xd3, 0x21, 0x00, 0x00, 0x98, 0x83, 0xb0, 0x03, 0x2c, 0x4b, 0x00,
  0x37, 0xff, 0x32, 0x00, 0x9a, 0x44, 0x00, 0xc1, 0xc2, 0x01, 0x2c, 0x4c,
  0x00, 0x2e, 0xff, 0x32, 0x00, 0x9a, 0x45, 0x00, 0xc1, 0x92, 0x81, 0x00,
  0x00, 0x11, 0xd0, 0x67, 0xd0, 0x11, 0x00, 0x00, 0x7b, 0x9a, 0x00, 0xb8,
  0xb1, 0x9d, 0xce, 0x52, 0x00, 0x50, 0xce, 0xa1, 0xb5, 0xb6, 0x01, 0x00,
  0x00, 0x30, 0x3e, 0x09, 0x00, 0x00, 0x00, 0x05, 0x35, 0x28, 0x00, 0x00,
  0x00, 0x00, 0x0b, 0x1d, 0x00, 0x00, 0x00, 0x00, 0x00, 0x26, 0x1c, 0x00,
  0x00, 0x00, 0x31, 0x6e, 0x9b, 0xc4, 0x3e, 0x00, 0x42, 0xc8, 0xad, 0xbe,
  0xa1, 0x00, 0x43, 0x3a, 0x00, 0x00, 0x25, 0xd4, 0x5c, 0xd3, 0x21, 0x00,
  0x00, 0x98, 0x83, 0xb0, 0x03, 0x2c, 0x4b, 0x00, 0x37, 0xff, 0x32, 0x00,
  0x9a, 0x44, 0x00, 0xc1, 0xc2, 0x01, 0x2c, 0x4c, 0x00, 0x2e, 0xff, 0x32,
  0x00, 0x9a, 0x45, 0x00, 0xc1, 0x92, 0x81, 0x00, 0x00, 0x11, 0xd0, 0x67,
  0xd0, 0x11, 0x00, 0x00, 0x7b, 0x9a, 0x00, 0xb8, 0xb1, 0x9d, 0xce, 0x52,
  0x00, 0x50, 0xce, 0xa1, 0xb5, 0xb6, 0x01, 0x00, 0x00, 0x30, 0x3e, 0x09,
  0x00, 0x00, 0x00, 0x05, 0x35, 0x28, 0x00, 0x00, 0x00, 0x00, 0x0a, 0x1b,
  0x00, 0x00, 0x00, 0x00, 0x00, 0x26, 0x1c, 0x00, 0x00, 0x00, 0x2f, 0x69,
  0x95, 0xc2, 0x3e, 0x00, 0x42, 0xc8, 0xad, 0xbe, 0xa1, 0x00, 0x42, 0x39,
  0x00, 0x00, 0x25, 0xd3, 0x5c, 0xd3, 0x21, 0x00, 0x00, 0x98, 0x83, 0xb0,
  0x03, 0x2c, 0x4b, 0x00, 0x37, 0xff, 0x32, 0x00, 0x9a, 0x44, 0x00, 0xc1,
  0xc2, 0x01, 0x2c, 0x4c, 0x00, 0x2e, 0xff, 0x32, 0x00, 0x9a, 0x45, 0x00,
  0xc1, 0x92, 0x81, 0x00, 0x00, 0x11, 0xd0, 0x67, 0xd0, 0x11, 0x00, 0x00,
  0x7b, 0x9a, 0x00, 0xb8, 0xb1, 0x9d, 0xce, 0x52, 0x00, 0x50, 0xce, 0xa1,
  0xb5, 0xb6, 0x01, 0x00, 0x00, 0x30, 0x3e, 0x09, 0x00, 0x00, 0x00, 0x05,
  0x35, 0x28, 0x00, 0x00, 0x00, 0x00, 0x09, 0x1a, 0x00, 0x00, 0x00, 0x00,
  0x00, 0x26, 0x1c, 0x00, 0x00, 0x00, 0x2d, 0x65, 0x8f, 0xc0, 0x3e, 0x00,
  0x42, 0xc8, 0xad, 0xbe, 0xa1, 0x00, 0x42, 0x38, 0x00, 0x00, 0x24, 0xd3,
  0x5c, 0xd3, 0x21, 0x00, 0x00, 0x98, 0x83, 0xb0, 0x03, 0x2c, 0x4b, 0x00,
  0x37, 0xff, 0x32, 0x00, 0x9a, 0x44, 0x00, 0xc1, 0xc2, 0x01, 0x2c, 0x4c,
  0x00, 0x2e, 0xff, 0x32, 0x00, 0x9a, 0x45, 0x00, 0xc1, 0x92, 0x81, 0x00,
  0x00, 0x11, 0xd0, 0x67, 0xd0, 0x11, 0x00, 0x00, 0x7b, 0x9a, 0x00, 0xb8,
  0xb1, 0x9d, 0xce, 0x52, 0x00, 0x50, 0xce, 0xa1, 0xb5, 0xb6, 0x01, 0x00,
  0x00, 0x30, 0x3e, 0x09, 0x00, 0x00, 0x00, 0x05, 0x35, 0x28, 0x00, 0x00,
  0x00, 0x00, 0x08, 0x18, 0x00, 0x00, 0x00, 0x00, 0x00, 0x26, 0x1c, 0x00,
  0x00, 0x00, 0x2a, 0x60, 0x89, 0xbc, 0x3e, 0x00, 0x42, 0xc8, 0xad, 0xbe,
  0xa1, 0x00, 0x41, 0x36, 0x00, 0x00, 0x24, 0xd3, 0x5d, 0xd3, 0x21, 0x00,
  0x00, 0x98, 0x83, 0xb0, 0x03, 0x2c, 0x4c, 0x00, 0x37, 0xff, 0x32, 0x00,
  0x9a, 0x44, 0x00, 0xc1, 0xc2, 0x01, 0x2c, 0x4c, 0x00, 0x2e, 0xff, 0x32,
  0x00, 0x9a, 0x45, 0x00, 0xc1, 0x92, 0x81, 0x00, 0x00, 0x11, 0xd0, 0x67,
  0xd0, 0x11, 0x00, 0x00, 0x7b, 0x9a, 0x00, 0xb8, 0xb1, 0x9d, 0xce, 0x52,
  0x00, 0x50, 0xce, 0xa1, 0xb5, 0xb6, 0x01, 0x00, 0x00, 0x30, 0x3e, 0x09,
  0x00, 0x00, 0x00, 0x05, 0x35, 0x28, 0x00, 0x00, 0x00, 0x00, 0x07, 0x16,
  0x00, 0x00, 0x00, 0x00, 0x00, 0x26, 0x1c, 0x00, 0x00, 0x00, 0x28, 0x5c,
  0x83, 0xb8, 0x3d, 0x00, 0x42, 0xc8, 0xad, 0xbe, 0xa1, 0x00, 0x41, 0x35,
  0x00, 0x00, 0x23, 0xd2, 0x5d, 0xd3, 0x21, 0x00, 0x00, 0x98, 0x83, 0xaf,
  0x03, 0x2c, 0x4c, 0x00, 0x37, 0xff, 0x32, 0x00, 0x9a, 0x44, 0x00, 0xc1,
  0xc2, 0x01, 0x2c, 0x4c, 0x00, 0x2e, 0xff, 0x32, 0x00, 0x9a, 0x45, 0x00,
  0xc1, 0x92, 0x81, 0x00, 0x00, 0x11, 0xd0, 0x67, 0xd0, 0x11, 0x00, 0x00,
  0x7b, 0x9a, 0x00, 0xb8, 0xb1, 0x9d, 0xce, 0x52, 0x00, 0x50, 0xce, 0xa1,
  0xb5, 0xb6, 0x01, 0x00, 0x00, 0x30, 0x3e, 0x09, 0x00, 0x00, 0x00, 0x05,
  0x35, 0x28, 0x00, 0x00, 0x00, 0x00, 0x06, 0x15, 0x00, 0x00, 0x00, 0x00,
  0x00, 0x26, 0x1c, 0x00, 0x00, 0x00, 0x26, 0x58, 0x7e, 0xb3, 0x3b, 0x00,
  0x42, 0xc8, 0xad, 0xbe, 0xa1, 0x00, 0x40, 0x34, 0x00, 0x00, 0x22, 0xd1,
  0x5d, 0xd3, 0x21, 0x00, 0x00, 0x98, 0x83, 0xaf, 0x03, 0x2c, 0x4c, 0x00,
  0x37, 0xff, 0x32, 0x00, 0x9a, 0x44, 0x00, 0xc1, 0xc2, 0x01, 0x2c, 0x4c,
  0x00, 0x2e, 0xff, 0x32, 0x00, 0x9a, 0x45, 0x00, 0xc1, 0x92, 0x81, 0x00,
  0x00, 0x11, 0xd0, 0x67, 0xd0, 0x11, 0x00, 0x00, 0x7b, 0x9a, 0x00, 0xb8,
  0xb1, 0x9d, 0xce, 0x52, 0x00, 0x50, 0xce, 0xa1, 0xb5, 0xb6, 0x01, 0x00,
  0x00, 0x30, 0x3e, 0x09, 0x00, 0x00, 0x00, 0x05, 0x35, 0x28, 0x00, 0x00,
  0x00, 0x00, 0x06, 0x14, 0x00, 0x00, 0x00, 0x00, 0x00, 0x26, 0x1c, 0x00,
  0x00, 0x00, 0x24, 0x54, 0x79, 0xad, 0x3a, 0x00, 0x42, 0xc8, 0xad, 0xbe,
  0xa1, 0x00, 0x40, 0x33, 0x00, 0x00, 0x21, 0xce, 0x5d, 0xd3, 0x21, 0x00,
  0x00, 0x98, 0x83, 0xaf, 0x03, 0x2d, 0x4c, 0x00, 0x37, 0xff, 0x32, 0x00,
  0x9a, 0x44, 0x00, 0xc1, 0xc2, 0x01, 0x2c, 0x4c, 0x00, 0x2e, 0xff, 0x32,
  0x00, 0x9a, 0x45, 0x00, 0xc1, 0x92, 0x81, 0x00, 0x00, 0x11, 0xd0, 0x67,
  0xd0, 0x11, 0x00, 0x00, 0x7b, 0x9a, 0x00, 0xb8, 0xb1, 0x9d, 0xce, 0x52,
  0x00, 0x50, 0xce, 0xa1, 0xb5, 0xb6, 0x01, 0x00, 0x00, 0x30, 0x3e, 0x09,
  0x00, 0x00, 0x00, 0x05, 0x35, 0x28, 0x00, 0x00, 0x00, 0x00, 0x05, 0x13,
  0x00, 0x00, 0x00, 0x00, 0x00, 0x26, 0x1c, 0x00, 0x00, 0x00, 0x22, 0x50,
  0x74, 0xa7, 0x38, 0x00, 0x42, 0xc8, 0xad, 0xbe, 0xa1, 0x00, 0x3f, 0x32,
  0x00, 0x00, 0x1f, 0xcb, 0x5d, 0xd3, 0x21, 0x00, 0x00, 0x98, 0x83, 0xaf,
  0x03, 0x2d, 0x4c, 0x00, 0x37, 0xff, 0x32, 0x00, 0x9a, 0x44, 0x00, 0xc1,
  0xc2, 0x01, 0x2c, 0x4c, 0x00, 0x2e, 0xff, 0x32, 0x00, 0x9a, 0x45, 0x00,
  0xc1, 0x92, 0x81, 0x00, 0x00, 0x11, 0xd0, 0x67, 0xd0, 0x11, 0x00, 0x00,
  0x7b, 0x9a, 0x00, 0xb8, 0xb1, 0x9d, 0xce, 0x52, 0x00, 0x50, 0xce, 0xa1,
  0xb5, 0xb6, 0x01, 0x00, 0x00, 0x30, 0x3e, 0x09, 0x00, 0x00, 0x00, 0x05,
  0x35, 0x28, 0x00, 0x00, 0x00, 0x00, 0x04, 0x11, 0x00, 0x00, 0x00, 0x00,
  0x00, 0x26, 0x1c, 0x00, 0x00, 0x00, 0x20, 0x4c, 0x6f, 0xa0, 0x36, 0x00,
  0x42, 0xc8, 0xad, 0xbe, 0xa1, 0x00, 0x3e, 0x30, 0x00, 0x00, 0x1d, 0xc8,
  0x5c, 0xd3, 0x21, 0x00, 0x00, 0x98, 0x83, 0xaf, 0x03, 0x2d, 0x4c, 0x00,
  0x37, 0xff, 0x32, 0x00, 0x9a, 0x44, 0x00, 0xc1, 0xc2, 0x01, 0x2c, 0x4c,
  0x00, 0x2e, 0xff, 0x32, 0x00, 0x9a, 0x45, 0x00, 0xc1, 0x92, 0x81, 0x00,
  0x00, 0x11, 0xd0, 0x67, 0xd0, 0x11, 0x00, 0x00, 0x7b, 0x9a, 0x00, 0xb8,
  0xb1, 0x9d, 0xce, 0x52, 0x00, 0x50, 0xce, 0xa1, 0xb5, 0xb6, 0x01, 0x00,
  0x00, 0x30, 0x3e, 0x09, 0x00, 0x00, 0x00, 0x05, 0x35, 0x28, 0x00, 0x00,
  0x00, 0x00, 0x03, 0x10, 0x00, 0x00, 0x00, 0x00, 0x00, 0x26, 0x1c, 0x00,
  0x00, 0x00, 0x1f, 0x49, 0x6b, 0x9a, 0x33, 0x00, 0x42, 0xc8, 0xad, 0xbe,
  0xa1, 0x00, 0x3e, 0x30, 0x00, 0x00, 0x1c, 0xc3, 0x5c, 0xd3, 0x21, 0x00,
  0x00, 0x98, 0x83, 0xaf, 0x03, 0x2d, 0x4c, 0x00, 0x37, 0xff, 0x32, 0x00,
  0x9a, 0x44, 0x00, 0xc1, 0xc2, 0x01, 0x2c, 0x4c, 0x00, 0x2e, 0xff, 0x32,
  0x00, 0x9a, 0x45, 0x00, 0xc1, 0x92, 0x81, 0x00, 0x00, 0x11, 0xd0, 0x67,
  0xd0, 0x11, 0x00, 0x00, 0x7b, 0x9a, 0x00, 0xb8, 0xb1, 0x9d, 0xce, 0x52,
  0x00, 0x50, 0xce, 0xa1, 0xb5, 0xb6, 0x01, 0x00, 0x00, 0x30, 0x3e, 0x09,
  0x00, 0x00, 0x00, 0x05, 0x35, 0x28, 0x00, 0x00, 0x00, 0x00, 0x03, 0x0f,
  0x00, 0x00, 0x00, 0x00, 0x00, 0x26, 0x1c, 0x00, 0x00, 0x00, 0x1d, 0x46,
  0x66, 0x95, 0x31, 0x00, 0x42, 0xc8, 0xad, 0xbe, 0xa1, 0x00, 0x3e, 0x2e,
  0x00, 0x00, 0x1a, 0xbd, 0x5b, 0xd3, 0x21, 0x00, 0x00, 0x98, 0x83, 0xaf,
  0x03, 0x2d, 0x4c, 0x00, 0x36, 0xff, 0x32, 0x00, 0x9a, 0x44, 0x00, 0xc1,
  0xc2, 0x01, 0x2c, 0x4c, 0x00, 0x2f, 0xff, 0x32, 0x00, 0x9a, 0x45, 0x00,
  0xc1, 0x92, 0x81, 0x00, 0x00, 0x11, 0xd0, 0x67, 0xd0, 0x11, 0x00, 0x00,
  0x7b, 0x9a, 0x00, 0xb8, 0xb1, 0x9d, 0xce, 0x52, 0x00, 0x50, 0xce, 0xa1,
  0xb5, 0xb6, 0x01, 0x00, 0x00, 0x30, 0x3e, 0x09, 0x00, 0x00, 0x00, 0x05,
  0x35, 0x28, 0x00, 0x00, 0x00, 0x00, 0x02, 0x0e, 0x00, 0x00, 0x00, 0x00,
  0x00, 0x26, 0x1c, 0x00, 0x00, 0x00, 0x1b, 0x43, 0x62, 0x8f, 0x2f, 0x00,
  0x42, 0xc8, 0xad, 0xbe, 0xa1, 0x00, 0x3e, 0x2d, 0x00, 0x00, 0x18, 0xb7,
  0x5b, 0xd3, 0x21, 0x00, 0x00, 0x98, 0x83, 0xaf, 0x03, 0x2d, 0x4b, 0x00,
  0x35, 0xff, 0x32, 0x00, 0x9a, 0x44, 0x00, 0xc1, 0xc2, 0x01, 0x2c, 0x4c,
  0x00, 0x2f, 0xff, 0x32, 0x00, 0x9a, 0x45, 0x00, 0xc1, 0x92, 0x81, 0x00,
  0x00, 0x11, 0xd0, 0x67, 0xd0, 0x11, 0x00, 0x00, 0x7b, 0x9a, 0x00, 0xb8,
  0xb1, 0x9d, 0xce, 0x52, 0x00, 0x50, 0xce, 0xa1, 0xb5, 0xb6, 0x01, 0x00,
  0x00, 0x30, 0x3e, 0x09, 0x00, 0x00, 0x00, 0x05, 0x35, 0x28, 0x00, 0x00,
  0x00, 0x00, 0x01, 0x0d, 0x00, 0x00, 0x00, 0x00, 0x00, 0x26, 0x1c, 0x00,
  0x00, 0x00, 0x1a, 0x3f, 0x5d, 0x89, 0x2c, 0x00, 0x42, 0xc8, 0xad, 0xbe,
  0xa1, 0x00, 0x3d, 0x2d, 0x00, 0x00, 0x16, 0xb1, 0x5a, 0xd3, 0x21, 0x00,
  0x00, 0x98, 0x83, 0xaf, 0x03, 0x2d, 0x4b, 0x00, 0x34, 0xff, 0x32, 0x00,
  0x9a, 0x44, 0x00, 0xc1, 0xc2, 0x01, 0x2c, 0x4c, 0x00, 0x2f, 0xff, 0x32,
  0x00, 0x9a, 0x45, 0x00, 0xc1, 0x92, 0x81, 0x00, 0x00, 0x11, 0xd0, 0x67,
  0xd0, 0x11, 0x00, 0x00, 0x7b, 0x9a, 0x00, 0xb8, 0xb1, 0x9d, 0xce, 0x52,
  0x00, 0x50, 0xce, 0xa1, 0xb5, 0xb6, 0x01, 0x00, 0x00, 0x30, 0x3e, 0x09,
  0x00, 0x00, 0x00, 0x05, 0x35, 0x28, 0x00, 0x00, 0x00, 0x00, 0x01, 0x0c,
  0x00, 0x00, 0x00, 0x00, 0x00, 0x26, 0x1c, 0x00, 0x00, 0x00, 0x19, 0x3d,
  0x5a, 0x84, 0x2b, 0x00, 0x42, 0xc8, 0xad, 0xbe, 0xa1, 0x00, 0x3d, 0x2c,
  0x00, 0x00, 0x15, 0xab, 0x59, 0xd3, 0x21, 0x00, 0x00, 0x98, 0x83, 0xaf,
  0x03, 0x2d, 0x4b, 0x00, 0x32, 0xff, 0x32, 0x00, 0x9a, 0x44, 0x00, 0xc1,
  0xc2, 0x01, 0x2c, 0x4c, 0x00, 0x2f, 0xff, 0x32, 0x00, 0x9a, 0x45, 0x00,
  0xc1, 0x92, 0x81, 0x00, 0x00, 0x11, 0xd0, 0x67, 0xd0, 0x11, 0x00, 0x00,
  0x7b, 0x9a, 0x00, 0xb8, 0xb1, 0x9d, 0xce, 0x52, 0x00, 0x50, 0xce, 0xa1,
  0xb5, 0xb6, 0x01, 0x00, 0x00, 0x30, 0x3e, 0x09, 0x00, 0x00, 0x00, 0x05,
  0x35, 0x28, 0x00, 0x00, 0x00, 0x00, 0x00, 0x0b, 0x00, 0x00, 0x00, 0x00,
  0x00, 0x26, 0x1c, 0x00, 0x00, 0x00, 0x17, 0x3a, 0x56, 0x7e, 0x28, 0x00,
  0x42, 0xc8, 0xad, 0xbe, 0xa1, 0x00, 0x3d, 0x2b, 0x00, 0x00, 0x14, 0xa5,
  0x58, 0xd3, 0x21, 0x00, 0x00, 0x98, 0x83, 0xaf, 0x03, 0x2d, 0x4b, 0x00,
  0x30, 0xfe, 0x32, 0x00, 0x9a, 0x44, 0x00, 0xc1, 0xc2, 0x01, 0x2c, 0x4c,
  0x00, 0x2f, 0xff, 0x32, 0x00, 0x9a, 0x45, 0x00, 0xc1, 0x92, 0x81, 0x00,
  0x00, 0x11, 0xd0, 0x67, 0xd0, 0x11, 0x00, 0x00, 0x7b, 0x9a, 0x00, 0xb8,
  0xb1, 0x9d, 0xce, 0x52, 0x00, 0x50, 0xce, 0xa1, 0xb5, 0xb6, 0x01, 0x00,
  0x00, 0x30, 0x3e, 0x09, 0x00, 0x00, 0x00, 0x05, 0x35, 0x28, 0x00, 0x00,
  0x00, 0x00, 0x00, 0x0a, 0x00, 0x00, 0x00, 0x00, 0x00, 0x26, 0x1c, 0x00,
  0x00, 0x00, 0x16, 0x37, 0x53, 0x7a, 0x27, 0x00, 0x42, 0xc8, 0xad, 0xbe,
  0xa1, 0x00, 0x3d, 0x2a, 0x00, 0x00, 0x13, 0x9f, 0x57, 0xd3, 0x21, 0x00,
  0x00, 0x98, 0x83, 0xaf, 0x03, 0x2d, 0x4b, 0x00, 0x2f, 0xfd, 0x32, 0x00,
  0x9a, 0x44, 0x00, 0xc1, 0xc2, 0x01, 0x2c, 0x4c, 0x00, 0x2f, 0xff, 0x32,
  0x00, 0x9a, 0x45, 0x00, 0xc1, 0x92, 0x81, 0x00, 0x00, 0x11, 0xd0, 0x67,
  0xd0, 0x11, 0x00, 0x00, 0x7b, 0x9a, 0x00, 0xb8, 0xb1, 0x9d, 0xce, 0x52,
  0x00, 0x50, 0xce, 0xa1, 0xb5, 0xb6, 0x01, 0x00, 0x00, 0x30, 0x3e, 0x09,
  0x00, 0x00, 0x00, 0x05, 0x35, 0x28, 0x00, 0x00, 0x00, 0x00, 0x00, 0x09,
  0x00, 0x00, 0x00, 0x00, 0x00, 0x26, 0x1c, 0x00, 0x00, 0x00, 0x14, 0x34,
  0x4e, 0x74, 0x24, 0x00, 0x42, 0xc8, 0xad, 0xbe, 0xa1, 0x00, 0x3c, 0x29,
  0x00, 0x00, 0x11, 0x99, 0x55, 0xd3, 0x21, 0x00, 0x00, 0x98, 0x83, 0xae,
  0x04, 0x2d, 0x4b, 0x00, 0x2d, 0xfc, 0x32, 0x00, 0x9a, 0x44, 0x00, 0xc1,
  0xc2, 0x01, 0x2c, 0x4c, 0x00, 0x2f, 0xff, 0x32, 0x00, 0x9a, 0x45, 0x00,
  0xc1, 0x92, 0x81, 0x00, 0x00, 0x11, 0xd0, 0x67, 0xd0, 0x11, 0x00, 0x00,
  0x7b, 0x9a, 0x00, 0xb8, 0xb1, 0x9d, 0xce, 0x52, 0x00, 0x50, 0xce, 0xa1,
  0xb5, 0xb6, 0x01, 0x00, 0x00, 0x30, 0x3e, 0x09, 0x00, 0x00, 0x00, 0x05,
  0x35, 0x28, 0x00, 0x00, 0x00, 0x00, 0x00, 0x08, 0x00, 0x00, 0x00, 0x00,
  0x00, 0x26, 0x1c, 0x00, 0x00, 0x00, 0x13, 0x32, 0x4b, 0x70, 0x23, 0x00,
  0x42, 0xc8, 0xad, 0xbe, 0xa1, 0x00, 0x3c, 0x29, 0x00, 0x00, 0x10, 0x94,
  0x54, 0xd3, 0x21, 0x00, 0x00, 0x98, 0x83, 0xae, 0x04, 0x2d, 0x4b, 0x00,
  0x2c, 0xfb, 0x32, 0x00, 0x9a, 0x43, 0x00, 0xc1, 0xc2, 0x01, 0x2c, 0x4c,
  0x00, 0x2f, 0xff, 0x32, 0x00, 0x9a, 0x45, 0x00, 0xc1, 0x92, 0x81, 0x00,
  0x00, 0x11, 0xd0, 0x67, 0xd0, 0x11, 0x00, 0x00, 0x7b, 0x9a, 0x00, 0xb8,
  0xb1, 0x9d, 0xce, 0x52, 0x00, 0x50, 0xce, 0xa1, 0xb5, 0xb6, 0x01, 0x00,
  0x00, 0x30, 0x3e, 0x09, 0x00, 0x00, 0x00, 0x05, 0x35, 0x28, 0x00, 0x00,
  0x00, 0x00, 0x00, 0x07, 0x00, 0x00, 0x00, 0x00, 0x00, 0x26, 0x1c, 0x00,
  0x00, 0x00, 0x12, 0x2f, 0x48, 0x6b, 0x21, 0x00, 0x42, 0xc8, 0xad, 0xbe,
  0xa1, 0x00, 0x3c, 0x28, 0x00, 0x00, 0x0f, 0x8e, 0x53, 0xd3, 0x21, 0x00,
  0x00, 0x98, 0x83, 0xae, 0x04, 0x2d, 0x4b, 0x00, 0x2b, 0xf9, 0x32, 0x00,
  0x99, 0x43, 0x00, 0xc1, 0xc2, 0x01, 0x2c, 0x4c, 0x00, 0x2f, 0xfe, 0x31,
  0x00, 0x99, 0x44, 0x00, 0xc1, 0x92, 0x81, 0x00, 0x00, 0x11, 0xd0, 0x66,
  0xcf, 0x11, 0x00, 0x00, 0x7b, 0x9a, 0x00, 0xb8, 0xb1, 0x9d, 0xce, 0x52,
  0x00, 0x50, 0xcd, 0xa1, 0xb5, 0xb6, 0x01, 0x00, 0x00, 0x30, 0x3e, 0x09,
  0x00, 0x00, 0x00, 0x05, 0x35, 0x28, 0x00, 0x00, 0x00, 0x00, 0x00, 0x06,
  0x00, 0x00, 0x00, 0x00, 0x00, 0x26, 0x1c, 0x00, 0x00, 0x00, 0x11, 0x2d,
  0x45, 0x67, 0x1f, 0x00, 0x42, 0xc8, 0xad, 0xbe, 0xa1, 0x00, 0x3c, 0x27,
  0x00, 0x00, 0x0e, 0x89, 0x52, 0xd3, 0x21, 0x00, 0x00, 0x98, 0x83, 0xae,
  0x04, 0x2d, 0x4b, 0x00, 0x29, 0xf7, 0x32, 0x00, 0x99, 0x42, 0x00, 0xc1,
  0xc2, 0x01, 0x2c, 0x4c, 0x00, 0x2f, 0xfe, 0x30, 0x00, 0x99, 0x44, 0x00,
  0xc1, 0x92, 0x81, 0x00, 0x00, 0x11, 0xd0, 0x66, 0xce, 0x11, 0x00, 0x00,
  0x7b, 0x9a, 0x00, 0xb8, 0xb1, 0x9d, 0xce, 0x52, 0x00, 0x50, 0xcd, 0xa1,
  0xb5, 0xb6, 0x01, 0x00, 0x00, 0x30, 0x3e, 0x09, 0x00, 0x00, 0x00, 0x05,
  0x35, 0x28, 0x00, 0x00, 0x00, 0x00, 0x00, 0x06, 0x00, 0x00, 0x00, 0x00,
  0x00, 0x26, 0x1c, 0x00, 0x00, 0x00, 0x10, 0x2b, 0x42, 0x63, 0x1d, 0x00,
  0x42, 0xc8, 0xad, 0xbe, 0xa1, 0x00, 0x3b, 0x27, 0x00, 0x00, 0x0c, 0x84,
  0x50, 0xd3, 0x21, 0x00, 0x00, 0x98, 0x83, 0xae, 0x04, 0x2d, 0x4c, 0x00,
  0x28, 0xf6, 0x32, 0x00, 0x98, 0x40, 0x00, 0xc1, 0xc2, 0x01, 0x2c, 0x4c,
  0x00, 0x2f, 0xfc, 0x2f, 0x00, 0x98, 0x42, 0x00, 0xc1, 0x92, 0x81, 0x00,
  0x00, 0x11, 0xcf, 0x65, 0xcb, 0x12, 0x00, 0x00, 0x7b, 0x9a, 0x00, 0xb8,
  0xb1, 0x9d, 0xce, 0x52, 0x00, 0x50, 0xcd, 0xa1, 0xb5, 0xb6, 0x01, 0x00,
  0x00, 0x30, 0x3e, 0x09, 0x00, 0x00, 0x00, 0x05, 0x35, 0x28, 0x00, 0x00,
  0x00, 0x00, 0x00, 0x05, 0x00, 0x00, 0x00, 0x00, 0x00, 0x26, 0x1c, 0x00,
  0x00, 0x00, 0x0f, 0x29, 0x3f, 0x5f, 0x1b, 0x00, 0x42, 0xc8, 0xad, 0xbe,
  0xa1, 0x00, 0x3b, 0x26, 0x00, 0x00, 0x0b, 0x7f, 0x50, 0xd3, 0x21, 0x00,
  0x00, 0x98, 0x83, 0xae, 0x04, 0x2d, 0x4c, 0x00, 0x26, 0xf4, 0x31, 0x00,
  0x95, 0x3e, 0x00, 0xc1, 0xc2, 0x01, 0x2c, 0x4c, 0x00, 0x2f, 0xfb, 0x2d,
  0x00, 0x95, 0x40, 0x00, 0xc1, 0x92, 0x81, 0x00, 0x00, 0x11, 0xcf, 0x64,
  0xc7, 0x12, 0x00, 0x00, 0x7b, 0x9a, 0x00, 0xb8, 0xb1, 0x9d, 0xce, 0x52,
  0x00, 0x4f, 0xcd, 0xa1, 0xb5, 0xb6, 0x01, 0x00, 0x00, 0x30, 0x3e, 0x09,
  0x00, 0x00, 0x00, 0x05, 0x35, 0x28, 0x00, 0x00, 0x00, 0x00, 0x00, 0x04,
  0x00, 0x00, 0x00, 0x00, 0x00, 0x26, 0x1c, 0x00, 0x00, 0x00, 0x0e, 0x27,
  0x3c, 0x5b, 0x1a, 0x00, 0x42, 0xc8, 0xad, 0xbe, 0xa1, 0x00, 0x3b, 0x26,
  0x00, 0x00, 0x0a, 0x7b, 0x4f, 0xd3, 0x21, 0x00, 0x00, 0x99, 0x83, 0xae,
  0x04, 0x2d, 0x4c, 0x00, 0x25, 0xf3, 0x31, 0x00, 0x91, 0x3a, 0x00, 0xc1,
  0xc2, 0x01, 0x2c, 0x4c, 0x00, 0x2e, 0xfa, 0x2c, 0x00, 0x91, 0x3b, 0x00,
  0xc1, 0x92, 0x81, 0x00, 0x00, 0x11, 0xcf, 0x63, 0xc2, 0x12, 0x00, 0x00,
  0x7b, 0x9a, 0x00, 0xb8, 0xb1, 0x9d, 0xce, 0x52, 0x00, 0x4e, 0xcd, 0xa2,
  0xb5, 0xb6, 0x01, 0x00, 0x00, 0x30, 0x3e, 0x09, 0x00, 0x00, 0x00, 0x05,
  0x35, 0x28, 0x00, 0x00, 0x00, 0x00, 0x00, 0x04, 0x00, 0x00, 0x00, 0x00,
  0x00, 0x26, 0x1c, 0x00, 0x00, 0x00, 0x0d, 0x25, 0x39, 0x57, 0x19, 0x00,
  0x42, 0xc8, 0xad, 0xbe, 0xa1, 0x00, 0x3a, 0x25, 0x00, 0x00, 0x09, 0x76,
  0x4e, 0xd2, 0x21, 0x00, 0x00, 0x99, 0x83, 0xae, 0x04, 0x2d, 0x4c, 0x00,
  0x24, 0xf1, 0x31, 0x00, 0x88, 0x35, 0x00, 0xc1, 0xc2, 0x01, 0x2c, 0x4c,
  0x00, 0x2e, 0xf9, 0x2a, 0x00, 0x88, 0x37, 0x00, 0xc1, 0x92, 0x81, 0x00,
  0x00, 0x11, 0xcf, 0x62, 0xbc, 0x11, 0x00, 0x00, 0x7b, 0x9a, 0x00, 0xb8,
  0xb1, 0x9d, 0xce, 0x52, 0x00, 0x4c, 0xcc, 0xa2, 0xb5, 0xb6, 0x01, 0x00,
  0x00, 0x30, 0x3e, 0x09, 0x00, 0x00, 0x00, 0x05, 0x35, 0x28, 0x00, 0x00,
  0x00, 0x00, 0x00, 0x03, 0x00, 0x00, 0x00, 0x00, 0x00, 0x26, 0x1c, 0x00,
  0x00, 0x00, 0x0b, 0x22, 0x36, 0x53, 0x17, 0x00, 0x42, 0xc8, 0xad, 0xbe,
  0xa1, 0x00, 0x3a, 0x24, 0x00, 0x00, 0x08, 0x72, 0x4d, 0xd2, 0x21, 0x00,
  0x00, 0x99, 0x83, 0xae, 0x04, 0x2d, 0x4c, 0x00, 0x22, 0xef, 0x31, 0x00,
  0x78, 0x2d, 0x01, 0xc1, 0xc2, 0x01, 0x2c, 0x4c, 0x00, 0x2e, 0xf7, 0x29,
  0x00, 0x78, 0x2f, 0x00, 0xc1, 0x92, 0x81, 0x00, 0x00, 0x11, 0xcf, 0x60,
  0xb6, 0x10, 0x00, 0x00, 0x7b, 0x9a, 0x00, 0xb8, 0xb1, 0x9d, 0xce, 0x52,
  0x00, 0x49, 0xcb, 0xa2, 0xb5, 0xb6, 0x01, 0x00, 0x00, 0x30, 0x3e, 0x09,
  0x00, 0x00, 0x00, 0x05, 0x35, 0x28, 0x00, 0x00, 0x00, 0x00, 0x00, 0x02,
  0x00, 0x00, 0x00, 0x00, 0x00, 0x26, 0x1c, 0x00, 0x00, 0x00, 0x0a, 0x1f,
  0x33, 0x4f, 0x15, 0x00, 0x42, 0xc8, 0xae, 0xbe, 0xa1, 0x00, 0x3a, 0x24,
  0x00, 0x00, 0x07, 0x6c, 0x4c, 0xd2, 0x22, 0x00, 0x00, 0x99, 0x83, 0xaf,
  0x04, 0x2d, 0x4c, 0x00, 0x21, 0xec, 0x32, 0x00, 0x63, 0x23, 0x01, 0xc1,
  0xc2, 0x01, 0x2c, 0x4c, 0x00, 0x2e, 0xf6, 0x28, 0x00, 0x63, 0x24, 0x00,
  0xc1, 0x92, 0x81, 0x00, 0x00, 0x11, 0xcf, 0x5f, 0xaf, 0x10, 0x00, 0x00,
  0x7b, 0x9a, 0x00, 0xb8, 0xb1, 0x9d, 0xce, 0x52, 0x00, 0x46, 0xc7, 0xa2,
  0xb5, 0xb6, 0x01, 0x00, 0x00, 0x30, 0x3e, 0x09, 0x00, 0x00, 0x00, 0x05,
  0x35, 0x28, 0x00, 0x00, 0x00, 0x00, 0x00, 0x01, 0x00, 0x00, 0x00, 0x00,
  0x00, 0x27, 0x1c, 0x00, 0x00, 0x00, 0x08, 0x1d, 0x30, 0x4a, 0x14, 0x00,
  0x42, 0xc8, 0xae, 0xbe, 0xa1, 0x00, 0x3b, 0x23, 0x00, 0x00, 0x05, 0x68,
  0x4a, 0xd2, 0x22, 0x00, 0x00, 0x99, 0x83, 0xaf, 0x04, 0x2d, 0x4c, 0x00,
  0x20, 0xea, 0x33, 0x00, 0x4b, 0x17, 0x02, 0xc1, 0xc2, 0x01, 0x2b, 0x4b,
  0x00, 0x2e, 0xf4, 0x27, 0x00, 0x4b, 0x18, 0x00, 0xc1, 0x92, 0x81, 0x00,
  0x00, 0x11, 0xcf, 0x5e, 0xa8, 0x0f, 0x00, 0x00, 0x7b, 0x9a, 0x00, 0xb8,
  0xb1, 0x9d, 0xce, 0x52, 0x00, 0x43, 0xc3, 0xa2, 0xb6, 0xb6, 0x01, 0x00,
  0x00, 0x30, 0x3e, 0x09, 0x00, 0x00, 0x00, 0x04, 0x35, 0x28, 0x00, 0x00,
  0x00, 0x00, 0x00, 0x00, 0x00, 0x00, 0x00, 0x00, 0x00, 0x27, 0x1c, 0x00,
  0x00, 0x00, 0x07, 0x19, 0x2c, 0x46, 0x12, 0x00, 0x42, 0xc8, 0xae, 0xbe,
  0xa0, 0x00, 0x3c, 0x23, 0x00, 0x00, 0x04, 0x62, 0x49, 0xd2, 0x23, 0x00,
  0x00, 0x99, 0x83, 0xb0, 0x04, 0x2c, 0x4c, 0x00, 0x1e, 0xe6, 0x33, 0x00,
  0x31, 0x0a, 0x04, 0xc1, 0xc2, 0x01, 0x2b, 0x4b, 0x00, 0x2e, 0xf2, 0x26,
  0x00, 0x31, 0x0c, 0x00, 0xc1, 0x92, 0x81, 0x00, 0x00, 0x11, 0xcf, 0x5c,
  0xa1, 0x0e, 0x00, 0x00, 0x7b, 0x9a, 0x00, 0xb8, 0xb1, 0x9d, 0xce, 0x52,
  0x00, 0x3f, 0xbd, 0xa1, 0xb5, 0xb6, 0x01, 0x00, 0x00, 0x30, 0x3e, 0x09,
  0x00, 0x00, 0x00, 0x04, 0x35, 0x28, 0x00, 0x00, 0x00, 0x00, 0x00, 0x00,
  0x00, 0x00, 0x00, 0x00, 0x00, 0x27, 0x1c, 0x00, 0x00, 0x00, 0x05, 0x15,
  0x27, 0x40, 0x10, 0x00, 0x42, 0xc8, 0xae, 0xbe, 0xa0, 0x00, 0x3d, 0x23,
  0x00, 0x00, 0x03, 0x5d, 0x48, 0xd2, 0x23, 0x00, 0x00, 0x99, 0x83, 0xb1,
  0x05, 0x2b, 0x4b, 0x00, 0x1c, 0xe3, 0x33, 0x00, 0x1c, 0x00, 0x04, 0xc1,
  0xc2, 0x01, 0x2a, 0x4b, 0x00, 0x2e, 0xef, 0x25, 0x00, 0x1c, 0x01, 0x00,
  0xc1, 0x92, 0x81, 0x00, 0x00, 0x11, 0xcf, 0x5b, 0x9a, 0x0e, 0x00, 0x00,
  0x7b, 0x9a, 0x00, 0xb8, 0xb1, 0x9d, 0xce, 0x52, 0x00, 0x3c, 0xb5, 0xa1,
  0xb5, 0xb6, 0x01, 0x00, 0x00, 0x30, 0x3e, 0x09, 0x00, 0x00, 0x00, 0x03,
  0x34, 0x28, 0x00, 0x00, 0x00, 0x00, 0x00, 0x00, 0x00, 0x00, 0x00, 0x00,
  0x00, 0x27, 0x1c, 0x00, 0x00, 0x00, 0x03, 0x11, 0x23, 0x3b, 0x0e, 0x00,
  0x42, 0xc8, 0xae, 0xbe, 0xa1, 0x00, 0x3d, 0x23, 0x00, 0x00, 0x02, 0x57,
  0x47, 0xd2, 0x24, 0x00, 0x00, 0x99, 0x83, 0xb2, 0x05, 0x29, 0x4b, 0x00,
  0x1b, 0xe0, 0x33, 0x00, 0x0d, 0x00, 0x05, 0xc1, 0xc2, 0x01, 0x28, 0x4b,
  0x00, 0x2e, 0xed, 0x23, 0x00, 0x0d, 0x00, 0x00, 0xc1, 0x92, 0x81, 0x00,
  0x00, 0x11, 0xcf, 0x59, 0x93, 0x0d, 0x00, 0x00, 0x7b, 0x9a, 0x00, 0xb8,
  0xb1, 0x9d, 0xce, 0x52, 0x00, 0x39, 0xad, 0x9e, 0xb3, 0xb5, 0x02, 0x00,
  0x00, 0x30, 0x3e, 0x09, 0x00, 0x00, 0x00, 0x02, 0x34, 0x27, 0x00, 0x00,
  0x00, 0x00, 0x00, 0x00, 0x00, 0x00, 0x00, 0x00, 0x00, 0x27, 0x1c, 0x00,
  0x00, 0x00, 0x01, 0x0d, 0x1e, 0x35, 0x0c, 0x00, 0x42, 0xc8, 0xaf, 0xbe,
  0xa0, 0x00, 0x3f, 0x23, 0x00, 0x00, 0x00, 0x50, 0x45, 0xd2, 0x24, 0x00,
  0x00, 0x99, 0x83, 0xb6, 0x06, 0x26, 0x4a, 0x00, 0x1a, 0xdd, 0x34, 0x00,
  0x03, 0x00, 0x05, 0xc2, 0xc1, 0x01, 0x25, 0x4a, 0x00, 0x2e, 0xea, 0x21,
  0x00, 0x03, 0x00, 0x00, 0xc1, 0x92, 0x80, 0x00, 0x00, 0x11, 0xcf, 0x57,
  0x8c, 0x0b, 0x00, 0x00, 0x7b, 0x9a, 0x00, 0xb8, 0xb1, 0x9d, 0xce, 0x52,
  0x00, 0x35, 0xa5, 0x97, 0xb1, 0xb3, 0x02, 0x00, 0x00, 0x30, 0x3e, 0x09,
  0x00, 0x00, 0x00, 0x01, 0x31, 0x26, 0x00, 0x00, 0x00, 0x00, 0x00, 0x00,
  0x00, 0x00, 0x00, 0x00, 0x00, 0x26, 0x1c, 0x00, 0x00, 0x00, 0x00, 0x08,
  0x19, 0x30, 0x0a, 0x00, 0x42, 0xc8, 0xaf, 0xbe, 0xa1, 0x00, 0x40, 0x22,
  0x00, 0x00, 0x00, 0x4a, 0x44, 0xd2, 0x24, 0x00, 0x00, 0x99, 0x83, 0xb9,
  0x07, 0x22, 0x46, 0x00, 0x18, 0xda, 0x34, 0x00, 0x00, 0x00, 0x05, 0xc1,
  0xc1, 0x01, 0x21, 0x46, 0x00, 0x2e, 0xe6, 0x20, 0x00, 0x00, 0x00, 0x00,
  0xc1, 0x92, 0x80, 0x00, 0x00, 0x12, 0xce, 0x55, 0x84, 0x0a, 0x00, 0x00,
  0x7a, 0x99, 0x00, 0xb8, 0xb1, 0x9d, 0xce, 0x52, 0x00, 0x32, 0x9c, 0x8f,
  0xae, 0xaf, 0x02, 0x00, 0x00, 0x30, 0x3e, 0x09, 0x00, 0x00, 0x00, 0x00,
  0x2e, 0x24, 0x00, 0x00, 0x00, 0x00, 0x00, 0x00, 0x00, 0x00, 0x00, 0x00,
  0x00, 0x26, 0x1c, 0x00, 0x00, 0x00, 0x00, 0x04, 0x14, 0x2a, 0x07, 0x00,
  0x42, 0xc8, 0xaf, 0xbe, 0xa0, 0x00, 0x46, 0x1e, 0x00, 0x00, 0x00, 0x44,
  0x42, 0xd1, 0x24, 0x00, 0x00, 0x99, 0x83, 0xbf, 0x0a, 0x1c, 0x3d, 0x00,
  0x17, 0xd7, 0x34, 0x00, 0x00, 0x00, 0x06, 0xc2, 0xc1, 0x01, 0x1c, 0x3d,
  0x00, 0x2e, 0xe3, 0x1e, 0x00, 0x00, 0x00, 0x00, 0xc0, 0x92, 0x81, 0x00,
  0x00, 0x12, 0xcf, 0x53, 0x7c, 0x09, 0x00, 0x00, 0x76, 0x96, 0x00, 0xb8,
  0xb1, 0x9d, 0xce, 0x52, 0x00, 0x2e, 0x94, 0x88, 0xa7, 0xa9, 0x01, 0x00,
  0x00, 0x30, 0x3e, 0x09, 0x00, 0x00, 0x00, 0x00, 0x2b, 0x22, 0x00, 0x00,
  0x00, 0x00, 0x00, 0x00, 0x00, 0x00, 0x00, 0x00, 0x00, 0x26, 0x1c, 0x00,
  0x00, 0x00, 0x00, 0x00, 0x0f, 0x23, 0x05, 0x00, 0x42, 0xc8, 0xaf, 0xbe,
  0xa1, 0x00, 0x52, 0x1f, 0x00, 0x00, 0x00, 0x3e, 0x41, 0xd2, 0x24, 0x00,
  0x00, 0x99, 0x83, 0xc3, 0x0d, 0x15, 0x32, 0x00, 0x15, 0xd4, 0x34, 0x00,
  0x00, 0x00, 0x06, 0xc2, 0xc1, 0x02, 0x14, 0x31, 0x00, 0x2e, 0xe0, 0x1d,
  0x00, 0x00, 0x00, 0x00, 0xbf, 0x92, 0x81, 0x00, 0x00, 0x12, 0xce, 0x51,
  0x75, 0x08, 0x00, 0x00, 0x71, 0x91, 0x00, 0xb7, 0xb1, 0x9d, 0xce, 0x52,
  0x00, 0x2b, 0x8b, 0x81, 0x9f, 0xa2, 0x00, 0x00, 0x00, 0x30, 0x3e, 0x09,
  0x00, 0x00, 0x00, 0x00, 0x28, 0x20, 0x00, 0x00, 0x00, 0x00, 0x00, 0x00,
  0x00, 0x00, 0x00, 0x00, 0x00, 0x26, 0x1c, 0x00, 0x00, 0x00, 0x00, 0x00,
  0x0a, 0x1e, 0x03, 0x00, 0x42, 0xc8, 0xaf, 0xbe, 0xa0, 0x00, 0x5c, 0x20,
  0x00, 0x00, 0x00, 0x37, 0x3f, 0xd1, 0x24, 0x00, 0x00, 0x99, 0x83, 0xc4,
  0x0f, 0x0c, 0x23, 0x00, 0x14, 0xd1, 0x34, 0x00, 0x00, 0x00, 0x06, 0xc1,
  0xc0, 0x02, 0x0b, 0x24, 0x00, 0x2f, 0xdd, 0x1b, 0x00, 0x00, 0x00, 0x00,
  0xb9, 0x92, 0x80, 0x00, 0x00, 0x12, 0xce, 0x50, 0x6e, 0x06, 0x00, 0x00,
  0x6c, 0x8b, 0x00, 0xb8, 0xb1, 0x9d, 0xce, 0x52, 0x00, 0x27, 0x83, 0x7a,
  0x96, 0x9a, 0x00, 0x00, 0x00, 0x30, 0x3e, 0x09, 0x00, 0x00, 0x00, 0x00,
  0x25, 0x1d, 0x00, 0x00, 0x00, 0x00, 0x00, 0x00, 0x00, 0x00, 0x00, 0x00,
  0x00, 0x26, 0x1c, 0x00, 0x00, 0x00, 0x00, 0x00, 0x04, 0x17, 0x01, 0x00,
  0x42, 0xc8, 0xaf, 0xbe, 0xa0, 0x00, 0x65, 0x29, 0x00, 0x00, 0x00, 0x30,
  0x3d, 0xd1, 0x25, 0x00, 0x00, 0x99, 0x83, 0xc4, 0x10, 0x03, 0x15, 0x00,
  0x13, 0xcd, 0x34, 0x00, 0x00, 0x00, 0x06, 0xbc, 0xc0, 0x02, 0x02, 0x15,
  0x00, 0x2f, 0xd9, 0x1a, 0x00, 0x00, 0x00, 0x00, 0xb0, 0x92, 0x81, 0x00,
  0x00, 0x13, 0xce, 0x4e, 0x66, 0x05, 0x00, 0x00, 0x66, 0x84, 0x00, 0xb8,
  0xb1, 0x9d, 0xce, 0x52, 0x00, 0x24, 0x7a, 0x72, 0x8e, 0x92, 0x00, 0x00,
  0x00, 0x30, 0x3e, 0x09, 0x00, 0x00, 0x00, 0x00, 0x22, 0x1b, 0x00, 0x00,
  0x00, 0x00, 0x00, 0x00, 0x00, 0x00, 0x00, 0x00, 0x00, 0x26, 0x1c, 0x00,
  0x00, 0x00, 0x00, 0x00, 0x00, 0x11, 0x00, 0x00, 0x42, 0xc8, 0xaf, 0xbf,
  0xa0, 0x00, 0x6c, 0x32, 0x00, 0x00, 0x00, 0x2a, 0x3c, 0xd1, 0x25, 0x00,
  0x00, 0x97, 0x80, 0xc3, 0x10, 0x00, 0x09, 0x00, 0x12, 0xca, 0x33, 0x00,
  0x00, 0x00, 0x04, 0xb4, 0xc0, 0x03, 0x00, 0x09, 0x00, 0x2f, 0xd6, 0x18,
  0x00, 0x00, 0x00, 0x00, 0xa7, 0x92, 0x81, 0x00, 0x00, 0x13, 0xce, 0x4c,
  0x5f, 0x03, 0x00, 0x00, 0x61, 0x7c, 0x00, 0xb8, 0xb1, 0x9d, 0xce, 0x52,
  0x00, 0x21, 0x72, 0x6b, 0x86, 0x8a, 0x00, 0x00, 0x00, 0x30, 0x3e, 0x09,
  0x00, 0x00, 0x00, 0x00, 0x20, 0x19, 0x00, 0x00, 0x00, 0x00, 0x00, 0x00,
  0x00, 0x00, 0x00, 0x00, 0x00, 0x27, 0x1c, 0x00, 0x00, 0x00, 0x00, 0x00,
  0x00, 0x0a, 0x00, 0x00, 0x42, 0xc8, 0xaf, 0xbe, 0xa0, 0x00, 0x72, 0x3c,
  0x00, 0x00, 0x00, 0x23, 0x3a, 0xd1, 0x24, 0x00, 0x00, 0x94, 0x7b, 0xc3,
  0x10, 0x00, 0x01, 0x00, 0x10, 0xc7, 0x33, 0x00, 0x00, 0x00, 0x03, 0xab,
  0xc0, 0x03, 0x00, 0x01, 0x00, 0x2f, 0xd2, 0x16, 0x00, 0x00, 0x00, 0x00,
  0x9e, 0x92, 0x80, 0x00, 0x00, 0x13, 0xce, 0x4a, 0x57, 0x02, 0x00, 0x00,
  0x5b, 0x75, 0x00, 0xb8, 0xb1, 0x9d, 0xce, 0x52, 0x00, 0x1d, 0x6a, 0x64,
  0x7e, 0x82, 0x00, 0x00, 0x00, 0x30, 0x3e, 0x09, 0x00, 0x00, 0x00, 0x00,
  0x1d, 0x16, 0x00, 0x00, 0x00, 0x00, 0x00, 0x00, 0x00, 0x00, 0x00, 0x00,
  0x00, 0x26, 0x1c, 0x00, 0x00, 0x00, 0x00, 0x00, 0x00, 0x04, 0x00, 0x00,
  0x42, 0xc8, 0xaf, 0xbe, 0x9d, 0x00, 0x78, 0x48, 0x00, 0x00, 0x00, 0x1d,
  0x39, 0xd2, 0x24, 0x00, 0x00, 0x8f, 0x76, 0xc2, 0x10, 0x00, 0x00, 0x00,
  0x0e, 0xc4, 0x33, 0x00, 0x00, 0x00, 0x03, 0xa2, 0xc0, 0x03, 0x00, 0x00,
  0x00, 0x2f, 0xcf, 0x15, 0x00, 0x00, 0x00, 0x00, 0x95, 0x92, 0x81, 0x00,
  0x00, 0x13, 0xce, 0x48, 0x4f, 0x00, 0x00, 0x00, 0x55, 0x6e, 0x00, 0xb8,
  0xb1, 0x9d, 0xce, 0x52, 0x00, 0x1a, 0x61, 0x5c, 0x76, 0x7a, 0x00, 0x00,
  0x00, 0x30, 0x3e, 0x09, 0x00, 0x00, 0x00, 0x00, 0x1a, 0x14, 0x00, 0x00,
  0x00, 0x00, 0x00, 0x00, 0x00, 0x00, 0x00, 0x00, 0x00, 0x26, 0x1c, 0x00,
  0x00, 0x00, 0x00, 0x00, 0x00, 0x00, 0x00, 0x00, 0x42, 0xc8, 0xaf, 0xbd,
  0x97, 0x00, 0x7d, 0x54, 0x00, 0x00, 0x00, 0x15, 0x37, 0xd2, 0x25, 0x00,
  0x00, 0x88, 0x6f, 0xc2, 0x0f, 0x00, 0x00, 0x00, 0x0d, 0xbf, 0x32, 0x00,
  0x00, 0x00, 0x01, 0x9a, 0xc0, 0x03, 0x00, 0x00, 0x00, 0x2f, 0xcb, 0x13,
  0x00, 0x00, 0x00, 0x00, 0x8d, 0x92, 0x80, 0x00, 0x00, 0x13, 0xce, 0x46,
  0x47, 0x00, 0x00, 0x00, 0x50, 0x67, 0x00, 0xb8, 0xb1, 0x9d, 0xce, 0x52,
  0x00, 0x16, 0x59, 0x55, 0x6d, 0x72, 0x00, 0x00, 0x00, 0x30, 0x3e, 0x09,
  0x00, 0x00, 0x00, 0x00, 0x17, 0x12, 0x00, 0x00, 0x00, 0x00, 0x00, 0x00,
  0x00, 0x00, 0x00, 0x00, 0x00, 0x26, 0x1b, 0x00, 0x00, 0x00, 0x00, 0x00,
  0x00, 0x00, 0x00, 0x00, 0x42, 0xc8, 0xaf, 0xbb, 0x8f, 0x00, 0x80, 0x61,
  0x00, 0x00, 0x00, 0x0f, 0x35, 0xd2, 0x25, 0x00, 0x00, 0x82, 0x6a, 0xc1,
  0x0e, 0x00, 0x00, 0x00, 0x0b, 0xbd, 0x33, 0x00, 0x00, 0x00, 0x01, 0x92,
  0xc0, 0x04, 0x00, 0x00, 0x00, 0x30, 0xc8, 0x11, 0x00, 0x00, 0x00, 0x00,
  0x85, 0x92, 0x80, 0x00, 0x00, 0x13, 0xce, 0x44, 0x40, 0x00, 0x00, 0x00,
  0x4b, 0x61, 0x00, 0xb8, 0xb1, 0x9d, 0xce, 0x52, 0x00, 0x13, 0x51, 0x4e,
  0x65, 0x6a, 0x00, 0x00, 0x00, 0x30, 0x3e, 0x09, 0x00, 0x00, 0x00, 0x00,
  0x14, 0x0f, 0x00, 0x00, 0x00, 0x00, 0x00, 0x00, 0x00, 0x00, 0x00, 0x00,
  0x00, 0x25, 0x1a, 0x00, 0x00, 0x00, 0x0a, 0x00, 0x00, 0x00, 0x00, 0x00,
  0x42, 0xc7, 0xae, 0xb7, 0x88, 0x00, 0x82, 0x6e, 0x00, 0x00, 0x00, 0x08,
  0x34, 0xd1, 0x24, 0x00, 0x00, 0x7b, 0x63, 0xc1, 0x0d, 0x00, 0x00, 0x00,
  0x0a, 0xb9, 0x33, 0x00, 0x00, 0x00, 0x00, 0x88, 0xc0, 0x04, 0x00, 0x00,
  0x00, 0x2f, 0xc5, 0x0f, 0x00, 0x00, 0x00, 0x00, 0x7d, 0x92, 0x80, 0x00,
  0x00, 0x13, 0xce, 0x43, 0x39, 0x00, 0x00, 0x00, 0x46, 0x5a, 0x00, 0xb8,
  0xb1, 0x9d, 0xce, 0x52, 0x00, 0x0f, 0x48, 0x47, 0x5d, 0x63, 0x00, 0x00,
  0x00, 0x30, 0x3e, 0x09, 0x00, 0x00, 0x00, 0x00, 0x11, 0x0d, 0x00, 0x00,
  0x00, 0x00, 0x00, 0x00, 0x00, 0x00, 0x00, 0x00, 0x00, 0x25, 0x18, 0x00,
  0x00, 0x00, 0x17, 0x00, 0x00, 0x00, 0x00, 0x00, 0x42, 0xc5, 0xac, 0xaf,
  0x81, 0x00, 0x83, 0x7a, 0x00, 0x00, 0x00, 0x02, 0x33, 0xd0, 0x24, 0x00,
  0x00, 0x74, 0x5e, 0xc1, 0x0b, 0x00, 0x00, 0x00, 0x08, 0xb6, 0x33, 0x00,
  0x00, 0x00, 0x00, 0x81, 0xc0, 0x04, 0x00, 0x00, 0x00, 0x30, 0xc1, 0x0e,
  0x00, 0x00, 0x00, 0x00, 0x74, 0x92, 0x80, 0x00, 0x00, 0x13, 0xce, 0x41,
  0x31, 0x00, 0x00, 0x00, 0x40, 0x54, 0x00, 0xb8, 0xb1, 0x9d, 0xce, 0x52,
  0x00, 0x0c, 0x40, 0x40, 0x56, 0x5b, 0x00, 0x00, 0x00, 0x30, 0x3e, 0x09,
  0x00, 0x00, 0x00, 0x00, 0x0f, 0x0b, 0x00, 0x00, 0x00, 0x00, 0x00, 0x00,
  0x00, 0x00, 0x00, 0x00, 0x00, 0x24, 0x16, 0x00, 0x00, 0x00, 0x26, 0x00,
  0x00, 0x00, 0x00, 0x00, 0x40, 0xc0, 0xa6, 0xa6, 0x79, 0x00, 0x83, 0x84,
  0x00, 0x00, 0x00, 0x00, 0x31, 0xce, 0x23, 0x00, 0x00, 0x6d, 0x57, 0xc1,
  0x0a, 0x00, 0x00, 0x00, 0x06, 0xb3, 0x33, 0x00, 0x00, 0x00, 0x00, 0x78,
  0xc0, 0x04, 0x00, 0x00, 0x00, 0x2f, 0xbe, 0x0c, 0x00, 0x00, 0x00, 0x00,
  0x6b, 0x92, 0x7f, 0x00, 0x00, 0x13, 0xce, 0x3f, 0x29, 0x00, 0x00, 0x00,
  0x3b, 0x4d, 0x00, 0xb8, 0xb1, 0x9d, 0xce, 0x52, 0x00, 0x08, 0x38, 0x38,
  0x4d, 0x53, 0x00, 0x00, 0x00, 0x30, 0x3e, 0x09, 0x00, 0x00, 0x00, 0x00,
  0x0c, 0x09, 0x00, 0x00, 0x00, 0x00, 0x00, 0x00, 0x00, 0x00, 0x00, 0x00,
  0x00, 0x22, 0x14, 0x00, 0x00, 0x00, 0x39, 0x00, 0x00, 0x00, 0x00, 0x00,
  0x3d, 0xba, 0x9e, 0x9d, 0x73, 0x00, 0x82, 0x8d, 0x00, 0x00, 0x00, 0x00,
  0x2f, 0xc7, 0x21, 0x00, 0x00, 0x67, 0x52, 0xc1, 0x09, 0x00, 0x00, 0x00,
  0x05, 0xaf, 0x31, 0x00, 0x00, 0x00, 0x00, 0x6f, 0xc0, 0x04, 0x00, 0x00,
  0x00, 0x30, 0xba, 0x0a, 0x00, 0x00, 0x00, 0x00, 0x64, 0x92, 0x80, 0x00,
  0x00, 0x13, 0xce, 0x3d, 0x22, 0x00, 0x00, 0x00, 0x35, 0x47, 0x00, 0xb8,
  0xb1, 0x9d, 0xce, 0x52, 0x00, 0x05, 0x2f, 0x32, 0x46, 0x4c, 0x00, 0x00,
  0x00, 0x30, 0x3e, 0x09, 0x00, 0x00, 0x00, 0x00, 0x09, 0x07, 0x00, 0x00,
  0x00, 0x00, 0x00, 0x00, 0x00, 0x00, 0x00, 0x00, 0x00, 0x20, 0x13, 0x00,
  0x00, 0x00, 0x4f, 0x00, 0x00, 0x00, 0x00, 0x00, 0x39, 0xb2, 0x96, 0x95,
  0x6c, 0x00, 0x81, 0x94, 0x00, 0x00, 0x00, 0x00, 0x2d, 0xbf, 0x1f, 0x00,
  0x00, 0x60, 0x4c, 0xc1, 0x08, 0x00, 0x00, 0x00, 0x06, 0xac, 0x30, 0x00,
  0x00, 0x00, 0x00, 0x68, 0xc0, 0x04, 0x00, 0x00, 0x00, 0x2f, 0xb5, 0x08,
  0x00, 0x00, 0x00, 0x00, 0x5c, 0x92, 0x80, 0x00, 0x00, 0x13, 0xce, 0x3b,
  0x1a, 0x00, 0x00, 0x00, 0x30, 0x40, 0x00, 0xb8, 0xb1, 0x9d, 0xce, 0x52,
  0x00, 0x02, 0x27, 0x2a, 0x3e, 0x45, 0x00, 0x00, 0x00, 0x30, 0x3e, 0x09,
  0x00, 0x00, 0x00, 0x00, 0x06, 0x04, 0x00, 0x00, 0x00, 0x00, 0x00, 0x00,
  0x00, 0x00, 0x00, 0x00, 0x00, 0x1d, 0x11, 0x00, 0x00, 0x00, 0x65, 0x00,
  0x00, 0x00, 0x00, 0x00, 0x36, 0xa9, 0x8e, 0x8c, 0x65, 0x00, 0x81, 0x99,
  0x00, 0x00, 0x00, 0x00, 0x24, 0xba, 0x1d, 0x00, 0x00, 0x5a, 0x47, 0xc1,
  0x08, 0x00, 0x00, 0x00, 0x00, 0xae, 0x30, 0x00, 0x00, 0x00, 0x00, 0x60,
  0xc0, 0x04, 0x00, 0x00, 0x00, 0x30, 0xb0, 0x06, 0x00, 0x00, 0x00, 0x00,
  0x54, 0x92, 0x80, 0x00, 0x00, 0x14, 0xce, 0x38, 0x13, 0x00, 0x00, 0x00,
  0x2b, 0x3a, 0x00, 0xb8, 0xb1, 0x9d, 0xce, 0x52, 0x00, 0x00, 0x1f, 0x23,
  0x36, 0x3d, 0x00, 0x00, 0x00, 0x30, 0x3e, 0x09, 0x00, 0x00, 0x00, 0x00,
  0x03, 0x02, 0x00, 0x00, 0x00, 0x00, 0x00, 0x00, 0x00, 0x00, 0x00, 0x00,
  0x00, 0x1a, 0x0f, 0x00, 0x00, 0x00, 0x7a, 0x01, 0x00, 0x00, 0x00, 0x00,
  0x32, 0xa0, 0x86, 0x84, 0x5e, 0x00, 0x81, 0x9c, 0x00, 0x00, 0x00, 0x00,
  0x20, 0xb5, 0x1b, 0x00, 0x00, 0x53, 0x41, 0xc1, 0x08, 0x00, 0x00, 0x00,
  0x00, 0x96, 0x36, 0x00, 0x00, 0x00, 0x00, 0x58, 0xc0, 0x04, 0x00, 0x00,
  0x00, 0x30, 0xb0, 0x03, 0x00, 0x00, 0x00, 0x00, 0x4c, 0x92, 0x80, 0x00,
  0x00, 0x14, 0xcc, 0x34, 0x0b, 0x00, 0x00, 0x00, 0x25, 0x34, 0x00, 0xb8,
  0xb1, 0x9d, 0xce, 0x52, 0x00, 0x00, 0x16, 0x1c, 0x2e, 0x35, 0x00, 0x00,
  0x00, 0x30, 0x3e, 0x09, 0x00, 0x00, 0x00, 0x00, 0x01, 0x00, 0x00, 0x00,
  0x00, 0x00, 0x00, 0x00, 0x00, 0x00, 0x00, 0x00, 0x00, 0x18, 0x0d, 0x00,
  0x00, 0x00, 0x8d, 0x11, 0x00, 0x00, 0x00, 0x00, 0x2f, 0x98, 0x7e, 0x7b,
  0x57, 0x00, 0x81, 0x9d, 0x00, 0x00, 0x00, 0x00, 0x1e, 0xad, 0x19, 0x00,
  0x00, 0x4d, 0x3c, 0xc1, 0x07, 0x00, 0x00, 0x00, 0x00, 0x8f, 0x33, 0x00,
  0x00, 0x00, 0x00, 0x50, 0xc0, 0x04, 0x00, 0x00, 0x00, 0x2d, 0xa6, 0x00,
  0x00, 0x00, 0x00, 0x00, 0x45, 0x92, 0x80, 0x00, 0x00, 0x14, 0xc7, 0x30,
  0x03, 0x00, 0x00, 0x00, 0x20, 0x2e, 0x00, 0xb8, 0xb1, 0x9d, 0xce, 0x51,
  0x00, 0x00, 0x0f, 0x16, 0x27, 0x2e, 0x00, 0x00, 0x00, 0x30, 0x3e, 0x09,
  0x00, 0x00, 0x00, 0x00, 0x00, 0x00, 0x00, 0x00, 0x00, 0x00, 0x00, 0x00,
  0x00, 0x00, 0x00, 0x00, 0x00, 0x16, 0x0c, 0x00, 0x00, 0x00, 0x9a, 0x26,
  0x00, 0x00, 0x00, 0x00, 0x2c, 0x90, 0x76, 0x73, 0x51, 0x00, 0x81, 0x9d,
  0x00, 0x00, 0x00, 0x00, 0x1c, 0xa4, 0x16, 0x00, 0x00, 0x46, 0x36, 0xc1,
  0x07, 0x00, 0x00, 0x00, 0x00, 0x92, 0x32, 0x00, 0x00, 0x00, 0x00, 0x49,
  0xc0, 0x04, 0x00, 0x00, 0x00, 0x32, 0x98, 0x00, 0x00, 0x00, 0x00, 0x00,
  0x3d, 0x92, 0x80, 0x00, 0x00, 0x13, 0xc3, 0x2d, 0x00, 0x00, 0x00, 0x00,
  0x1b, 0x27, 0x00, 0xb8, 0xb1, 0x9d, 0xcd, 0x4e, 0x00, 0x00, 0x06, 0x0f,
  0x1f, 0x27, 0x00, 0x00, 0x00, 0x30, 0x3d, 0x09, 0x00, 0x00, 0x00, 0x00,
  0x00, 0x00, 0x00, 0x00, 0x00, 0x00, 0x00, 0x00, 0x00, 0x00, 0x00, 0x00,
  0x00, 0x14, 0x0a, 0x00, 0x00, 0x00, 0xa2, 0x41, 0x00, 0x00, 0x00, 0x00,
  0x29, 0x87, 0x6f, 0x6b, 0x4a, 0x00, 0x80, 0x9c, 0x00, 0x00, 0x00, 0x00,
  0x19, 0x9b, 0x14, 0x00, 0x00, 0x40, 0x31, 0xc1, 0x07, 0x00, 0x00, 0x00,
  0x00, 0x8f, 0x31, 0x00, 0x00, 0x00, 0x00, 0x42, 0xc0, 0x04, 0x00, 0x00,
  0x00, 0x33, 0x97, 0x00, 0x00, 0x00, 0x00, 0x00, 0x36, 0x92, 0x80, 0x00,
  0x00, 0x11, 0xc0, 0x24, 0x00, 0x00, 0x00, 0x00, 0x16, 0x22, 0x00, 0xb8,
  0xb1, 0x9d, 0xca, 0x4b, 0x00, 0x00, 0x00, 0x08, 0x17, 0x20, 0x00, 0x00,
  0x00, 0x30, 0x3d, 0x08, 0x00, 0x00, 0x00, 0x00, 0x00, 0x00, 0x00, 0x00,
  0x00, 0x00, 0x00, 0x00, 0x00, 0x00, 0x00, 0x00, 0x00, 0x12, 0x08, 0x00,
  0x00, 0x00, 0xa6, 0x60, 0x00, 0x00, 0x00, 0x00, 0x26, 0x7e, 0x67, 0x63,
  0x43, 0x00, 0x81, 0x9c, 0x00, 0x00, 0x00, 0x00, 0x17, 0x92, 0x12, 0x00,
  0x00, 0x3a, 0x2b, 0xc1, 0x07, 0x00, 0x00, 0x00, 0x00, 0x88, 0x2e, 0x00,
  0x00, 0x00, 0x00, 0x39, 0xc0, 0x04, 0x00, 0x00, 0x00, 0x31, 0x92, 0x00,
  0x00, 0x00, 0x00, 0x00, 0x2e, 0x92, 0x80, 0x00, 0x00, 0x10, 0xb8, 0x22,
  0x00, 0x00, 0x00, 0x00, 0x10, 0x1b, 0x00, 0xb8, 0xb1, 0x9c, 0xc5, 0x47,
  0x00, 0x00, 0x00, 0x00, 0x0f, 0x18, 0x00, 0x00, 0x00, 0x30, 0x3d, 0x08,
  0x00, 0x00, 0x00, 0x00, 0x00, 0x00, 0x00, 0x00, 0x00, 0x00, 0x00, 0x00,
  0x00, 0x00, 0x00, 0x00, 0x00, 0x10, 0x07, 0x00, 0x00, 0x00, 0xa6, 0x81,
  0x00, 0x00, 0x00, 0x00, 0x23, 0x76, 0x5f, 0x5b, 0x3d, 0x00, 0x80, 0x9c,
  0x00, 0x00, 0x00, 0x00, 0x15, 0x8a, 0x11, 0x00, 0x00, 0x33, 0x26, 0xc1,
  0x07, 0x00, 0x00, 0x00, 0x00, 0x81, 0x2b, 0x00, 0x00, 0x00, 0x00, 0x32,
  0xc0, 0x04, 0x00, 0x00, 0x00, 0x2e, 0x8b, 0x00, 0x00, 0x00, 0x00, 0x00,
  0x27, 0x91, 0x80, 0x00, 0x00, 0x0f, 0xb0, 0x20, 0x00, 0x00, 0x00, 0x00,
  0x0c, 0x15, 0x00, 0xb7, 0xb0, 0x9c, 0xbf, 0x44, 0x00, 0x00, 0x00, 0x00,
  0x08, 0x11, 0x00, 0x00, 0x00, 0x30, 0x3d, 0x07, 0x00, 0x00, 0x00, 0x00,
  0x00, 0x00, 0x00, 0x00, 0x00, 0x00, 0x09, 0x00, 0x00, 0x00, 0x00, 0x00,
  0x00, 0x0e, 0x05, 0x00, 0x00, 0x00, 0xa4, 0x9f, 0x00, 0x00, 0x00, 0x00,
  0x20, 0x6e, 0x57, 0x52, 0x36, 0x00, 0x80, 0x9c, 0x00, 0x00, 0x00, 0x00,
  0x13, 0x82, 0x0e, 0x00, 0x00, 0x2d, 0x20, 0xc1, 0x07, 0x00, 0x00, 0x00,
  0x00, 0x7a, 0x28, 0x00, 0x00, 0x00, 0x00, 0x2b, 0xc0, 0x04, 0x00, 0x00,
  0x00, 0x2b, 0x84, 0x00, 0x00, 0x00, 0x00, 0x00, 0x1f, 0x91, 0x80, 0x00,
  0x00, 0x0e, 0xa8, 0x1e, 0x00, 0x00, 0x00, 0x00, 0x06, 0x0f, 0x00, 0xb7,
  0xaf, 0x99, 0xb8, 0x40, 0x00, 0x00, 0x00, 0x00, 0x00, 0x09, 0x00, 0x00,
  0x00, 0x2f, 0x3c, 0x06, 0x00, 0x00, 0x00, 0x00, 0x00, 0x00, 0x00, 0x00,
  0x00, 0x00, 0x11, 0x00, 0x00, 0x00, 0x00, 0x00, 0x00, 0x0b, 0x03, 0x00,
  0x00, 0x00, 0xa1, 0xb5, 0x00, 0x00, 0x00, 0x00, 0x1d, 0x66, 0x50, 0x4a,
  0x2f, 0x00, 0x80, 0x9c, 0x00, 0x00, 0x00, 0x00, 0x11, 0x79, 0x0c, 0x00,
  0x00, 0x26, 0x1b, 0xc1, 0x07, 0x00, 0x00, 0x00, 0x00, 0x73, 0x25, 0x00,
  0x00, 0x00, 0x00, 0x22, 0xc0, 0x04, 0x00, 0x00, 0x00, 0x28, 0x7e, 0x00,
  0x00, 0x00, 0x00, 0x00, 0x17, 0x91, 0x7f, 0x00, 0x00, 0x0d, 0xa1, 0x1b,
  0x00, 0x00, 0x00, 0x00, 0x01, 0x08, 0x00, 0xb4, 0xad, 0x95, 0xb0, 0x3d,
  0x00, 0x00, 0x00, 0x00, 0x00, 0x01, 0x00, 0x00, 0x00, 0x2d, 0x3b, 0x05,
  0x00, 0x00, 0x00, 0x00, 0x00, 0x00, 0x00, 0x00, 0x00, 0x00, 0x16, 0x00,
  0x00, 0x00, 0x00, 0x00, 0x00, 0x09, 0x01, 0x00, 0x00, 0x00, 0x9e, 0xbe,
  0x11, 0x00, 0x00, 0x00, 0x1a, 0x5e, 0x48, 0x42, 0x29, 0x00, 0x80, 0x9c,
  0x00, 0x00, 0x00, 0x00, 0x0f, 0x71, 0x0b, 0x00, 0x00, 0x20, 0x15, 0xc1,
  0x07, 0x00, 0x00, 0x00, 0x00, 0x6c, 0x22, 0x00, 0x00, 0x00, 0x00, 0x1b,
  0xc0, 0x04, 0x00, 0x00, 0x00, 0x26, 0x76, 0x00, 0x00, 0x00, 0x00, 0x00,
  0x0f, 0x8e, 0x7c, 0x00, 0x00, 0x0b, 0x99, 0x1a, 0x00, 0x00, 0x00, 0x00,
  0x00, 0x02, 0x00, 0xaf, 0xab, 0x8f, 0xa9, 0x3a, 0x00, 0x00, 0x00, 0x00,
  0x00, 0x00, 0x00, 0x00, 0x00, 0x2c, 0x38, 0x04, 0x00, 0x00, 0x00, 0x00,
  0x00, 0x00, 0x00, 0x00, 0x00, 0x00, 0x19, 0x05, 0x00, 0x00, 0x00, 0x00,
  0x00, 0x07, 0x00, 0x00, 0x00, 0x00, 0x9d, 0xc0, 0x30, 0x00, 0x00, 0x00,
  0x17, 0x55, 0x41, 0x39, 0x22, 0x00, 0x80, 0x9d, 0x00, 0x00, 0x00, 0x00,
  0x0d, 0x69, 0x09, 0x00, 0x00, 0x1a, 0x10, 0xc1, 0x07, 0x00, 0x00, 0x00,
  0x00, 0x65, 0x1f, 0x00, 0x00, 0x00, 0x00, 0x13, 0xbe, 0x04, 0x00, 0x00,
  0x00, 0x23, 0x70, 0x00, 0x00, 0x00, 0x00, 0x00, 0x07, 0x8b, 0x78, 0x00,
  0x00, 0x0a, 0x91, 0x18, 0x00, 0x00, 0x00, 0x00, 0x00, 0x00, 0x00, 0xa9,
  0xa5, 0x88, 0xa1, 0x37, 0x00, 0x00, 0x00, 0x00, 0x00, 0x00, 0x00, 0x00,
  0x00, 0x2a, 0x35, 0x03, 0x00, 0x00, 0x00, 0x00, 0x00, 0x00, 0x00, 0x00,
  0x00, 0x00, 0x1a, 0x10, 0x00, 0x00, 0x00, 0x00, 0x00, 0x05, 0x00, 0x00,
  0x00, 0x00, 0x9d, 0xc2, 0x57, 0x00, 0x00, 0x00, 0x14, 0x4d, 0x39, 0x31,
  0x1c, 0x00, 0x80, 0x9c, 0x00, 0x00, 0x00, 0x00, 0x0b, 0x60, 0x07, 0x00,
  0x00, 0x13, 0x0a, 0xc0, 0x08, 0x00, 0x00, 0x00, 0x00, 0x5d, 0x1c, 0x00,
  0x00, 0x00, 0x00, 0x0b, 0xb9, 0x03, 0x00, 0x00, 0x00, 0x20, 0x68, 0x00,
  0x00, 0x00, 0x00, 0x00, 0x00, 0x86, 0x74, 0x00, 0x00, 0x09, 0x89, 0x15,
  0x00, 0x00, 0x00, 0x00, 0x00, 0x00, 0x00, 0xa2, 0x9e, 0x82, 0x99, 0x33,
  0x00, 0x00, 0x00, 0x00, 0x00, 0x00, 0x00, 0x00, 0x00, 0x28, 0x32, 0x02,
  0x00, 0x00, 0x00, 0x00, 0x00, 0x00, 0x00, 0x00, 0x00, 0x00, 0x1a, 0x1b,
  0x00, 0x00, 0x00, 0x00, 0x00, 0x03, 0x00, 0x00, 0x00, 0x00, 0x9d, 0xc2,
  0x7e, 0x00, 0x00, 0x00, 0x11, 0x44, 0x31, 0x28, 0x14, 0x00, 0x80, 0x9d,
  0x00, 0x00, 0x00, 0x00, 0x09, 0x58, 0x05, 0x00, 0x00, 0x0c, 0x04, 0xbd,
  0x07, 0x00, 0x00, 0x00, 0x00, 0x56, 0x19, 0x00, 0x00, 0x00, 0x00, 0x03,
  0xb3, 0x03, 0x00, 0x00, 0x00, 0x1e, 0x61, 0x00, 0x00, 0x00, 0x00, 0x00,
  0x00, 0x81, 0x70, 0x00, 0x00, 0x08, 0x81, 0x14, 0x00, 0x00, 0x00, 0x00,
  0x00, 0x00, 0x00, 0x9c, 0x97, 0x7c, 0x91, 0x30, 0x00, 0x00, 0x00, 0x00,
  0x00, 0x00, 0x00, 0x00, 0x00, 0x25, 0x2f, 0x01, 0x00, 0x00, 0x00, 0x00,
  0x00, 0x00, 0x00, 0x00, 0x00, 0x00, 0x1a, 0x23, 0x00, 0x00, 0x00, 0x00,
  0x00, 0x01, 0x00, 0x00, 0x00, 0x00, 0x9d, 0xc1, 0xa2, 0x00, 0x00, 0x00,
  0x0e, 0x3c, 0x29, 0x1f, 0x0d, 0x00, 0x7e, 0x9c, 0x00, 0x00, 0x00, 0x00,
  0x07, 0x4f, 0x02, 0x00, 0x00, 0x05, 0x00, 0xb9, 0x06, 0x00, 0x00, 0x00,
  0x00, 0x4f, 0x16, 0x00, 0x00, 0x00, 0x00, 0x00, 0xad, 0x02, 0x00, 0x00,
  0x00, 0x1b, 0x5a, 0x00, 0x00, 0x00, 0x00, 0x00, 0x00, 0x7c, 0x6b, 0x00,
  0x00, 0x07, 0x79, 0x11, 0x00, 0x00, 0x00, 0x00, 0x00, 0x00, 0x00, 0x96,
  0x91, 0x76, 0x8a, 0x2c, 0x00, 0x00, 0x00, 0x00, 0x00, 0x00, 0x00, 0x00,
  0x00, 0x23, 0x2c, 0x00, 0x00, 0x00, 0x00, 0x00, 0x00, 0x00, 0x00, 0x00,
  0x00, 0x00, 0x1a, 0x24, 0x00, 0x00, 0x00, 0x00, 0x00, 0x00, 0x00, 0x00,
  0x00, 0x00, 0x9c, 0xc0, 0xae, 0x16, 0x00, 0x00, 0x0b, 0x32, 0x20, 0x15,
  0x05, 0x00, 0x7b, 0x9a, 0x00, 0x00, 0x00, 0x00, 0x05, 0x45, 0x00, 0x00,
  0x00, 0x00, 0x00, 0xb2, 0x06, 0x00, 0x00, 0x00, 0x00, 0x47, 0x13, 0x00,
  0x00, 0x00, 0x00, 0x00, 0xa7, 0x02, 0x00, 0x00, 0x00, 0x17, 0x52, 0x00,
  0x00, 0x00, 0x00, 0x00, 0x00, 0x77, 0x67, 0x00, 0x00, 0x05, 0x71, 0x0f,
  0x00, 0x00, 0x00, 0x00, 0x00, 0x00, 0x00, 0x90, 0x8a, 0x70, 0x81, 0x29,
  0x00, 0x00, 0x00, 0x00, 0x00, 0x00, 0x00, 0x00, 0x00, 0x21, 0x2a, 0x00,
  0x00, 0x00, 0x00, 0x00, 0x00, 0x00, 0x00, 0x00, 0x00, 0x00, 0x1a, 0x23,
  0x00, 0x00, 0x00, 0x00, 0x00, 0x00, 0x00, 0x00, 0x00, 0x00, 0x9b, 0xc0,
  0xb2, 0x3f, 0x00, 0x00, 0x08, 0x29, 0x17, 0x0c, 0x00, 0x00, 0x78, 0x97,
  0x00, 0x00, 0x00, 0x00, 0x03, 0x3c, 0x00, 0x00, 0x00, 0x00, 0x00, 0xac,
  0x05, 0x00, 0x00, 0x00, 0x00, 0x40, 0x10, 0x00, 0x00, 0x00, 0x00, 0x00,
  0xa0, 0x01, 0x00, 0x00, 0x00, 0x15, 0x4b, 0x00, 0x00, 0x00, 0x00, 0x00,
  0x00, 0x73, 0x63, 0x00, 0x00, 0x04, 0x68, 0x0d, 0x00, 0x00, 0x00, 0x00,
  0x00, 0x00, 0x00, 0x89, 0x84, 0x6a, 0x79, 0x26, 0x00, 0x00, 0x00, 0x00,
  0x00, 0x00, 0x00, 0x00, 0x00, 0x1f, 0x27, 0x00, 0x00, 0x00, 0x00, 0x00,
  0x00, 0x00, 0x00, 0x00, 0x00, 0x00, 0x1a, 0x23, 0x00, 0x00, 0x00, 0x00,
  0x00, 0x00, 0x00, 0x00, 0x00, 0x00, 0x99, 0xbf, 0xb4, 0x70, 0x00, 0x00,
  0x04, 0x20, 0x0f, 0x02, 0x00, 0x00, 0x74, 0x93, 0x00, 0x00, 0x00, 0x00,
  0x01, 0x32, 0x00, 0x00, 0x00, 0x00, 0x00, 0xa6, 0x04, 0x00, 0x00, 0x00,
  0x00, 0x37, 0x0c, 0x00, 0x00, 0x00, 0x00, 0x00, 0x9a, 0x00, 0x00, 0x00,
  0x00, 0x12, 0x43, 0x00, 0x00, 0x00, 0x00, 0x00, 0x00, 0x6d, 0x5f, 0x00,
  0x00, 0x03, 0x60, 0x0b, 0x00, 0x00, 0x00, 0x00, 0x00, 0x00, 0x00, 0x83,
  0x7d, 0x63, 0x71, 0x22, 0x00, 0x00, 0x00, 0x00, 0x00, 0x00, 0x00, 0x00,
  0x00, 0x1d, 0x24, 0x00, 0x00, 0x00, 0x00, 0x00, 0x00, 0x00, 0x00, 0x00,
  0x00, 0x00, 0x1a, 0x23, 0x00, 0x00, 0x00, 0x00, 0x00, 0x00, 0x00, 0x00,
  0x00, 0x00, 0x95, 0xbe, 0xb3, 0x9e, 0x00, 0x00, 0x01, 0x16, 0x06, 0x00,
  0x00, 0x00, 0x70, 0x8f, 0x00, 0x00, 0x01, 0x00, 0x00, 0x28, 0x00, 0x00,
  0x00, 0x00, 0x00, 0xa0, 0x03, 0x00, 0x00, 0x00, 0x00, 0x2f, 0x09, 0x00,
  0x00, 0x00, 0x00, 0x00, 0x94, 0x00, 0x00, 0x00, 0x00, 0x0f, 0x3a, 0x00,
  0x00, 0x00, 0x00, 0x00, 0x00, 0x68, 0x5a, 0x00, 0x00, 0x02, 0x57, 0x09,
  0x00, 0x00, 0x00, 0x00, 0x00, 0x00, 0x00, 0x7c, 0x76, 0x5d, 0x69, 0x1e,
  0x00, 0x00, 0x00, 0x00, 0x00, 0x00, 0x00, 0x00, 0x00, 0x1a, 0x21, 0x00,
  0x00, 0x00, 0x00, 0x00, 0x00, 0x00, 0x00, 0x00, 0x00, 0x00, 0x19, 0x23,
  0x00, 0x00, 0x00, 0x00, 0x00, 0x00, 0x00, 0x00, 0x00, 0x00, 0x91, 0xbd,
  0xb1, 0xbb, 0x04, 0x00, 0x00, 0x0b, 0x00, 0x00, 0x00, 0x00, 0x6c, 0x8a,
  0x00, 0x00, 0x10, 0x00, 0x00, 0x1d, 0x00, 0x00, 0x00, 0x00, 0x00, 0x99,
  0x03, 0x00, 0x00, 0x00, 0x00, 0x26, 0x05, 0x00, 0x00, 0x00, 0x00, 0x00,
  0x8d, 0x00, 0x00, 0x00, 0x00, 0x0b, 0x32, 0x00, 0x00, 0x00, 0x00, 0x00,
  0x00, 0x63, 0x55, 0x00, 0x00, 0x00, 0x4d, 0x06, 0x00, 0x00, 0x00, 0x00,
  0x00, 0x00, 0x00, 0x75, 0x6e, 0x56, 0x5f, 0x1a, 0x00, 0x00, 0x00, 0x00,
  0x00, 0x00, 0x00, 0x00, 0x00, 0x18, 0x1e, 0x00, 0x00, 0x00, 0x00, 0x00,
  0x00, 0x00, 0x00, 0x00, 0x00, 0x00, 0x19, 0x23, 0x00, 0x00, 0x00, 0x00,
  0x00, 0x00, 0x00, 0x00, 0x00, 0x00, 0x8c, 0xbb, 0xb0, 0xc5, 0x20, 0x00,
  0x00, 0x00, 0x00, 0x00, 0x00, 0x00, 0x68, 0x86, 0x00, 0x00, 0x20, 0x0a,
  0x00, 0x13, 0x00, 0x00, 0x00, 0x00, 0x00, 0x93, 0x02, 0x00, 0x00, 0x00,
  0x00, 0x1d, 0x02, 0x00, 0x00, 0x00, 0x00, 0x00, 0x86, 0x00, 0x00, 0x00,
  0x00, 0x08, 0x2a, 0x00, 0x00, 0x00, 0x00, 0x00, 0x00, 0x5e, 0x51, 0x00,
  0x00, 0x00, 0x44, 0x03, 0x00, 0x00, 0x00, 0x00, 0x00, 0x00, 0x00, 0x6f,
  0x67, 0x4e, 0x56, 0x16, 0x00, 0x00, 0x00, 0x00, 0x00, 0x00, 0x00, 0x00,
  0x00, 0x15, 0x1b, 0x00, 0x00, 0x00, 0x00, 0x00, 0x00, 0x00, 0x00, 0x00,
  0x00, 0x00, 0x18, 0x23, 0x00, 0x00, 0x00, 0x00, 0x00, 0x00, 0x00, 0x00,
  0x00, 0x00, 0x88, 0xba, 0xaf, 0xc7, 0x38, 0x00, 0x00, 0x00, 0x00, 0x00,
  0x00, 0x00, 0x63, 0x81, 0x00, 0x00, 0x2b, 0x32, 0x00, 0x07, 0x00, 0x00,
  0x00, 0x00, 0x00, 0x8c, 0x01, 0x00, 0x00, 0x00, 0x00, 0x14, 0x00, 0x00,
  0x00, 0x00, 0x00, 0x00, 0x7f, 0x00, 0x00, 0x00, 0x00, 0x04, 0x20, 0x00,
  0x00, 0x00, 0x00, 0x00, 0x00, 0x58, 0x4b, 0x00, 0x00, 0x00, 0x3a, 0x00,
  0x00, 0x00, 0x00, 0x00, 0x00, 0x00, 0x00, 0x67, 0x5f, 0x47, 0x4d, 0x12,
  0x00, 0x00, 0x00, 0x00, 0x00, 0x00, 0x00, 0x00, 0x00, 0x13, 0x17, 0x00,
  0x00, 0x00, 0x00, 0x00, 0x00, 0x00, 0x00, 0x00, 0x00, 0x00, 0x17, 0x23,
  0x00, 0x00, 0x00, 0x00, 0x00, 0x00, 0x00, 0x00, 0x00, 0x00, 0x83, 0xb7,
  0xaf, 0xc6, 0x43, 0x00, 0x00, 0x00, 0x00, 0x00, 0x00, 0x00, 0x5f, 0x7b,
  0x00, 0x00, 0x2f, 0x6a, 0x00, 0x00, 0x00, 0x00, 0x00, 0x00, 0x00, 0x85,
  0x00, 0x00, 0x00, 0x00, 0x00, 0x0a, 0x00, 0x00, 0x00, 0x00, 0x00, 0x00,
  0x78, 0x00, 0x00, 0x00, 0x00, 0x00, 0x16, 0x00, 0x00, 0x00, 0x00, 0x00,
  0x00, 0x52, 0x46, 0x00, 0x00, 0x00, 0x2f, 0x00, 0x00, 0x00, 0x00, 0x00,
  0x00, 0x00, 0x00, 0x5f, 0x57, 0x3f, 0x42, 0x0e, 0x00, 0x00, 0x00, 0x00,
  0x00, 0x00, 0x00, 0x00, 0x00, 0x10, 0x14, 0x00, 0x00, 0x00, 0x00, 0x00,
  0x00, 0x00, 0x00, 0x00, 0x00, 0x00, 0x16, 0x22, 0x00, 0x00, 0x00, 0x00,
  0x00, 0x00, 0x00, 0x00, 0x00, 0x00, 0x7d, 0xb0, 0xae, 0xc4, 0x43, 0x00,
  0x00, 0x00, 0x00, 0x00, 0x00, 0x00, 0x5a, 0x76, 0x00, 0x00, 0x2c, 0x9f,
  0x00, 0x00, 0x00, 0x00, 0x00, 0x00, 0x00, 0x7e, 0x00, 0x00, 0x00, 0x00,
  0x00, 0x03, 0x00, 0x00, 0x00, 0x00, 0x00, 0x00, 0x70, 0x00, 0x00, 0x00,
  0x00, 0x00, 0x0c, 0x00, 0x00, 0x00, 0x00, 0x00, 0x00, 0x4c, 0x40, 0x00,
  0x00, 0x00, 0x23, 0x00, 0x00, 0x00, 0x00, 0x00, 0x00, 0x00, 0x00, 0x57,
  0x4e, 0x37, 0x37, 0x09, 0x00, 0x00, 0x00, 0x00, 0x00, 0x00, 0x00, 0x00,
  0x00, 0x0d, 0x10, 0x00, 0x00, 0x00, 0x00, 0x00, 0x00, 0x00, 0x00, 0x00,
  0x00, 0x00, 0x15, 0x22, 0x00, 0x00, 0x00, 0x00, 0x00, 0x00, 0x00, 0x00,
  0x00, 0x00, 0x78, 0xaa, 0xab, 0xc2, 0x3f, 0x00, 0x00, 0x00, 0x00, 0x00,
  0x00, 0x00, 0x55, 0x71, 0x00, 0x00, 0x29, 0xbf, 0x0a, 0x00, 0x00, 0x00,
  0x00, 0x00, 0x00, 0x76, 0x00, 0x00, 0x00, 0x00, 0x00, 0x07, 0x00, 0x00,
  0x00, 0x00, 0x00, 0x00, 0x69, 0x00, 0x00, 0x00, 0x00, 0x00, 0x01, 0x00,
  0x00, 0x00, 0x00, 0x00, 0x00, 0x46, 0x3a, 0x00, 0x00, 0x00, 0x17, 0x00,
  0x00, 0x00, 0x00, 0x00, 0x00, 0x00, 0x00, 0x4f, 0x45, 0x2e, 0x2c, 0x04,
  0x00, 0x00, 0x00, 0x00, 0x00, 0x00, 0x00, 0x00, 0x00, 0x0a, 0x0c, 0x00,
  0x00, 0x00, 0x00, 0x00, 0x00, 0x00, 0x00, 0x00, 0x00, 0x00, 0x14, 0x21,
  0x00, 0x00, 0x00, 0x00, 0x00, 0x00, 0x00, 0x00, 0x00, 0x00, 0x72, 0xa3,
  0xa6, 0xbf, 0x3c, 0x00, 0x00, 0x00, 0x00, 0x00, 0x00, 0x00, 0x50, 0x6b,
  0x00, 0x00, 0x26, 0xd2, 0x1d, 0x00, 0x00, 0x00, 0x00, 0x00, 0x00, 0x6f,
  0x00, 0x00, 0x00, 0x00, 0x1a, 0x19, 0x00, 0x00, 0x00, 0x00, 0x00, 0x00,
  0x60, 0x00, 0x00, 0x00, 0x00, 0x00, 0x00, 0x00, 0x00, 0x00, 0x00, 0x00,
  0x00, 0x3f, 0x34, 0x00, 0x00, 0x00, 0x0a, 0x00, 0x00, 0x00, 0x00, 0x00,
  0x00, 0x00, 0x00, 0x45, 0x3b, 0x24, 0x20, 0x00, 0x00, 0x00, 0x00, 0x00,
  0x00, 0x00, 0x00, 0x00, 0x00, 0x07, 0x07, 0x00, 0x00, 0x00, 0x00, 0x00,
  0x00, 0x00, 0x00, 0x00, 0x00, 0x00, 0x12, 0x1f, 0x00, 0x00, 0x00, 0x00,
  0x00, 0x00, 0x00, 0x00, 0x00, 0x00, 0x6b, 0x9b, 0x9f, 0xbb, 0x39, 0x00,
  0x00, 0x00, 0x00, 0x00, 0x00, 0x00, 0x4a, 0x64, 0x00, 0x00, 0x24, 0xd6,
  0x2b, 0x00, 0x00, 0x00, 0x00, 0x00, 0x00, 0x65, 0x00, 0x00, 0x00, 0x00,
  0x38, 0x46, 0x00, 0x00, 0x00, 0x00, 0x00, 0x00, 0x57, 0x00, 0x00, 0x00,
  0x00, 0x00, 0x00, 0x00, 0x00, 0x00, 0x00, 0x00, 0x00, 0x37, 0x2d, 0x00,
  0x00, 0x00, 0x00, 0x00, 0x00, 0x00, 0x00, 0x00, 0x00, 0x00, 0x00, 0x3b,
  0x30, 0x1a, 0x12, 0x00, 0x00, 0x00, 0x00, 0x00, 0x00, 0x00, 0x00, 0x00,
  0x00, 0x03, 0x03, 0x00, 0x00, 0x00, 0x00, 0x00, 0x00, 0x00, 0x00, 0x00,
  0x00, 0x00, 0x11, 0x1d, 0x00, 0x00, 0x00, 0x00, 0x00, 0x00, 0x00, 0x00,
  0x00, 0x00, 0x65, 0x93, 0x98, 0xb5, 0x37, 0x00, 0x00, 0x00, 0x00, 0x00,
  0x00, 0x00, 0x44, 0x5d, 0x00, 0x00, 0x23, 0xd0, 0x28, 0x00, 0x00, 0x00,
  0x00, 0x00, 0x00, 0x5c, 0x00, 0x00, 0x00, 0x00, 0x45, 0x84, 0x00, 0x00,
  0x00, 0x00, 0x00, 0x00, 0x4d, 0x00, 0x00, 0x00, 0x00, 0x00, 0x00, 0x00,
  0x00, 0x00, 0x00, 0x00, 0x00, 0x2f, 0x25, 0x00, 0x00, 0x00, 0x00, 0x00,
  0x00, 0x00, 0x00, 0x00, 0x00, 0x00, 0x00, 0x30, 0x24, 0x0f, 0x04, 0x00,
  0x00, 0x00, 0x00, 0x00, 0x00, 0x00, 0x00, 0x00, 0x00, 0x00, 0x00, 0x00,
  0x00, 0x00, 0x00, 0x00, 0x00, 0x00, 0x00, 0x00, 0x00, 0x00, 0x0f, 0x1b,
  0x00, 0x00, 0x00, 0x00, 0x00, 0x00, 0x00, 0x00, 0x00, 0x00, 0x5e, 0x8a,
  0x91, 0xae, 0x35, 0x00, 0x00, 0x00, 0x00, 0x00, 0x00, 0x00, 0x3e, 0x55,
  0x00, 0x00, 0x21, 0xc9, 0x22, 0x00, 0x00, 0x00, 0x00, 0x00, 0x00, 0x53,
  0x00, 0x00, 0x00, 0x00, 0x46, 0xad, 0x00, 0x00, 0x00, 0x00, 0x00, 0x00,
  0x43, 0x00, 0x00, 0x00, 0x00, 0x00, 0x1f, 0x00, 0x00, 0x00, 0x00, 0x00,
  0x00, 0x26, 0x1d, 0x00, 0x00, 0x00, 0x00, 0x00, 0x00, 0x00, 0x00, 0x00,
  0x00, 0x00, 0x00, 0x25, 0x18, 0x03, 0x00, 0x00, 0x00, 0x00, 0x00, 0x00,
  0x00, 0x00, 0x00, 0x00, 0x00, 0x00, 0x00, 0x00, 0x00, 0x00, 0x00, 0x00,
  0x00, 0x00, 0x00, 0x00, 0x00, 0x00, 0x0d, 0x19, 0x00, 0x00, 0x00, 0x00,
  0x00, 0x00, 0x00, 0x00, 0x00, 0x00, 0x55, 0x81, 0x89, 0xa6, 0x33, 0x00,
  0x00, 0x00, 0x00, 0x00, 0x00, 0x00, 0x37, 0x4d, 0x00, 0x00, 0x1f, 0xc3,
  0x1f, 0x00, 0x00, 0x00, 0x00, 0x00, 0x00, 0x48, 0x00, 0x00, 0x00, 0x00,
  0x43, 0xb8, 0x00, 0x00, 0x00, 0x00, 0x00, 0x00, 0x38, 0x00, 0x00, 0x00,
  0x00, 0x00, 0x5e, 0x00, 0x00, 0x00, 0x00, 0x00, 0x00, 0x1e, 0x15, 0x00,
  0x00, 0x00, 0x00, 0x00, 0x00, 0x00, 0x00, 0x00, 0x00, 0x00, 0x00, 0x19,
  0x0b, 0x00, 0x00, 0x00, 0x00, 0x00, 0x00, 0x00, 0x00, 0x00, 0x00, 0x00,
  0x00, 0x00, 0x00, 0x00, 0x00, 0x00, 0x00, 0x00, 0x00, 0x00, 0x00, 0x00,
  0x00, 0x00, 0x0b, 0x16, 0x00, 0x00, 0x00, 0x00, 0x00, 0x00, 0x00, 0x00,
  0x00, 0x00, 0x4d, 0x76, 0x80, 0x9e, 0x30, 0x00, 0x00, 0x00, 0x00, 0x00,
  0x00, 0x00, 0x2f, 0x44, 0x00, 0x00, 0x1d, 0xbb, 0x1d, 0x00, 0x00, 0x00,
  0x00, 0x00, 0x00, 0x3c, 0x00, 0x00, 0x00, 0x00, 0x41, 0xb1, 0x00, 0x00,
  0x00, 0x00, 0x00, 0x00, 0x2b, 0x00, 0x00, 0x00, 0x00, 0x00, 0x97, 0x18,
  0x00, 0x00, 0x00, 0x00, 0x00, 0x13, 0x0b, 0x00, 0x00, 0x00, 0x00, 0x00,
  0x00, 0x00, 0x00, 0x00, 0x00, 0x00, 0x00, 0x0b, 0x00, 0x00, 0x00, 0x00,
  0x00, 0x00, 0x00, 0x00, 0x00, 0x00, 0x00, 0x00, 0x00, 0x00, 0x00, 0x00,
  0x00, 0x00, 0x00, 0x00, 0x00, 0x00, 0x00, 0x00, 0x00, 0x00, 0x09, 0x14,
  0x00, 0x00, 0x00, 0x00, 0x00, 0x00, 0x00, 0x00, 0x00, 0x00, 0x43, 0x6b,
  0x76, 0x94, 0x2c, 0x00, 0x00, 0x00, 0x00, 0x00, 0x00, 0x00, 0x26, 0x3a,
  0x00, 0x00, 0x1b, 0xb1, 0x1b, 0x00, 0x00, 0x00, 0x00, 0x00, 0x00, 0x30,
  0x00, 0x00, 0x00, 0x00, 0x3e, 0xa8, 0x00, 0x00, 0x00, 0x00, 0x00, 0x00,
  0x1e, 0x00, 0x00, 0x00, 0x00, 0x00, 0xb0, 0x38, 0x00, 0x00, 0x00, 0x00,
  0x00, 0x08, 0x01, 0x00, 0x00, 0x00, 0x00, 0x0b, 0x0a, 0x00, 0x00, 0x00,
  0x00, 0x00, 0x00, 0x00, 0x00, 0x00, 0x00, 0x00, 0x00, 0x00, 0x00, 0x00,
  0x00, 0x00, 0x00, 0x00, 0x00, 0x00, 0x00, 0x00, 0x00, 0x00, 0x00, 0x00,
  0x00, 0x00, 0x00, 0x00, 0x00, 0x00, 0x06, 0x11, 0x00, 0x00, 0x00, 0x00,
  0x00, 0x00, 0x00, 0x00, 0x00, 0x00, 0x39, 0x5f, 0x6b, 0x89, 0x29, 0x00,
  0x00, 0x00, 0x00, 0x00, 0x00, 0x00, 0x1d, 0x2f, 0x00, 0x00, 0x18, 0xa8,
  0x19, 0x00, 0x00, 0x00, 0x00, 0x00, 0x00, 0x21, 0x00, 0x00, 0x00, 0x00,
  0x3b, 0xa1, 0x00, 0x00, 0x00, 0x00, 0x00, 0x00, 0x0f, 0x00, 0x00, 0x00,
  0x00, 0x00, 0xb0, 0x48, 0x00, 0x00, 0x00, 0x00, 0x00, 0x00, 0x00, 0x00,
  0x00, 0x00, 0x00, 0x24, 0x44, 0x00, 0x00, 0x00, 0x00, 0x00, 0x00, 0x00,
  0x00, 0x00, 0x00, 0x00, 0x00, 0x00, 0x00, 0x00, 0x00, 0x00, 0x00, 0x00,
  0x00, 0x00, 0x00, 0x00, 0x00, 0x00, 0x00, 0x00, 0x00, 0x00, 0x00, 0x00,
  0x00, 0x00, 0x04, 0x0e, 0x00, 0x00, 0x00, 0x00, 0x00, 0x00, 0x00, 0x00,
  0x00, 0x00, 0x2e, 0x51, 0x60, 0x7e, 0x26, 0x00, 0x00, 0x00, 0x00, 0x00,
  0x00, 0x00, 0x14, 0x23, 0x00, 0x00, 0x15, 0x9e, 0x17, 0x00, 0x00, 0x00,
  0x00, 0x00, 0x00, 0x13, 0x00, 0x00, 0x00, 0x00, 0x38, 0x99, 0x00, 0x00,
  0x00, 0x00, 0x00, 0x00, 0x00, 0x00, 0x00, 0x00, 0x00, 0x00, 0xa9, 0x45,
  0x00, 0x00, 0x00, 0x00, 0x00, 0x00, 0x00, 0x00, 0x00, 0x00, 0x00, 0x2b,
  0x8f, 0x00, 0x00, 0x00, 0x00, 0x00, 0x00, 0x00, 0x00, 0x00, 0x00, 0x00,
  0x00, 0x00, 0x00, 0x00, 0x00, 0x00, 0x00, 0x00, 0x00, 0x00, 0x00, 0x00,
  0x00, 0x00, 0x00, 0x00, 0x00, 0x00, 0x00, 0x00, 0x00, 0x00, 0x01, 0x0a,
  0x00, 0x00, 0x00, 0x00, 0x00, 0x00, 0x00, 0x00, 0x00, 0x00, 0x20, 0x41,
  0x52, 0x71, 0x22, 0x00, 0x00, 0x00, 0x00, 0x00, 0x00, 0x00, 0x09, 0x16,
  0x00, 0x00, 0x12, 0x92, 0x15, 0x00, 0x00, 0x00, 0x00, 0x00, 0x00, 0x02,
  0x00, 0x00, 0x00, 0x00, 0x34, 0x90, 0x00, 0x00, 0x00, 0x00, 0x00, 0x00,
  0x00, 0x00, 0x00, 0x00, 0x00, 0x00, 0xa2, 0x3d, 0x00, 0x00, 0x00, 0x00,
  0x00, 0x00, 0x00, 0x00, 0x00, 0x00, 0x00, 0x27, 0xc0, 0x00, 0x00, 0x00,
  0x00, 0x00, 0x00, 0x00, 0x00, 0x00, 0x00, 0x00, 0x00, 0x1a, 0x00, 0x00,
  0x00, 0x00, 0x00, 0x00, 0x00, 0x00, 0x00, 0x00, 0x00, 0x00, 0x00, 0x00,
  0x00, 0x00, 0x00, 0x00, 0x00, 0x00, 0x00, 0x05, 0x00, 0x00, 0x00, 0x00,
  0x00, 0x00, 0x00, 0x00, 0x00, 0x00, 0x10, 0x2d, 0x40, 0x5d, 0x1a, 0x00,
  0x00, 0x00, 0x00, 0x00, 0x00, 0x00, 0x00, 0x07, 0x00, 0x00, 0x0d, 0x7e,
  0x10, 0x00, 0x00, 0x00, 0x00, 0x00, 0x00, 0x00, 0x00, 0x00, 0x00, 0x00,
  0x2c, 0x7f, 0x00, 0x00, 0x00, 0x00, 0x00, 0x00, 0x00, 0x00, 0x00, 0x00,
  0x00, 0x00, 0x91, 0x34, 0x00, 0x00, 0x00, 0x00, 0x00, 0x00, 0x00, 0x00,
  0x00, 0x00, 0x00, 0x21, 0xbf, 0x0a, 0x00, 0x00, 0x00, 0x00, 0x00, 0x00,
  0x00, 0x00, 0x00, 0x00, 0x00, 0x42, 0x1c, 0x00, 0x00, 0x00, 0x00, 0x00,
  0x00, 0x00, 0x00, 0x00, 0x00, 0x00, 0x00, 0x00, 0x00, 0x00, 0x00, 0x00,
  0x00, 0x00, 0x00, 0x01, 0x00, 0x00, 0x00, 0x00, 0x00, 0x00, 0x00, 0x00,
  0x00, 0x00, 0x01, 0x19, 0x2d, 0x49, 0x14, 0x00, 0x00, 0x00, 0x00, 0x00,
  0x00, 0x00, 0x00, 0x00, 0x00, 0x00, 0x08, 0x69, 0x0c, 0x00, 0x00, 0x00,
  0x00, 0x00, 0x00, 0x00, 0x00, 0x00, 0x00, 0x00, 0x24, 0x6e, 0x00, 0x00,
  0x00, 0x00, 0x00, 0x00, 0x00, 0x00, 0x00, 0x00, 0x00, 0x00, 0x7f, 0x2d,
  0x00, 0x00, 0x00, 0x00, 0x00, 0x00, 0x00, 0x00, 0x00, 0x00, 0x00, 0x1c,
  0xae, 0x11, 0x00, 0x00, 0x00, 0x00, 0x00, 0x00, 0x00, 0x00, 0x00, 0x00,
  0x00, 0x4b, 0x5d, 0x00, 0x00, 0x00, 0x00, 0x00, 0x00, 0x00, 0x00, 0x00,
  0x00, 0x00, 0x00, 0x00, 0x00, 0x00, 0x00, 0x00, 0x00, 0x00, 0x00, 0x00,
  0x00, 0x00, 0x00, 0x00, 0x00, 0x00, 0x00, 0x00, 0x00, 0x00, 0x00, 0x05,
  0x1a, 0x34, 0x0c, 0x00, 0x00, 0x00, 0x00, 0x00, 0x00, 0x00, 0x00, 0x00,
  0x00, 0x00, 0x03, 0x54, 0x07, 0x00, 0x00, 0x00, 0x00, 0x00, 0x00, 0x00,
  0x00, 0x00, 0x00, 0x00, 0x1d, 0x5c, 0x00, 0x00, 0x00, 0x00, 0x00, 0x00,
  0x00, 0x00, 0x00, 0x00, 0x00, 0x00, 0x6d, 0x26, 0x00, 0x00, 0x00, 0x00,
  0x00, 0x00, 0x00, 0x00, 0x00, 0x00, 0x00, 0x17, 0x9a, 0x0f, 0x00, 0x00,
  0x00, 0x00, 0x00, 0x00, 0x00, 0x00, 0x00, 0x00, 0x00, 0x3f, 0x95, 0x00,
  0x00, 0x00, 0x00, 0x00, 0x00, 0x00, 0x00, 0x00, 0x00, 0x00, 0x00, 0x00,
  0x00, 0x00, 0x00, 0x00, 0x00, 0x00, 0x00, 0x00, 0x00, 0x00, 0x00, 0x00,
  0x00, 0x00, 0x00, 0x00, 0x00, 0x00, 0x00, 0x00, 0x06, 0x20, 0x05, 0x00,
  0x00, 0x00, 0x00, 0x00, 0x00, 0x00, 0x00, 0x00, 0x00, 0x00, 0x00, 0x3e,
  0x03, 0x00, 0x00, 0x00, 0x00, 0x00, 0x00, 0x00, 0x00, 0x00, 0x00, 0x00,
  0x15, 0x4a, 0x00, 0x00, 0x00, 0x00, 0x00, 0x00, 0x00, 0x00, 0x00, 0x00,
  0x00, 0x00, 0x5c, 0x1f, 0x00, 0x00, 0x00, 0x00, 0x00, 0x00, 0x00, 0x00,
  0x00, 0x00, 0x00, 0x12, 0x86, 0x0b, 0x00, 0x00, 0x00, 0x00, 0x00, 0x00,
  0x00, 0x00, 0x00, 0x00, 0x00, 0x33, 0xa3, 0x25, 0x00, 0x00, 0x00, 0x00,
  0x00, 0x00, 0x00, 0x00, 0x00, 0x00, 0x00, 0x02, 0x00, 0x00, 0x00, 0x00,
  0x00, 0x00, 0x00, 0x00, 0x00, 0x00, 0x00, 0x00, 0x00, 0x00, 0x00, 0x00,
  0x00, 0x00, 0x00, 0x00, 0x00, 0x0a, 0x00, 0x00, 0x00, 0x00, 0x00, 0x00,
  0x00, 0x00, 0x00, 0x00, 0x00, 0x00, 0x00, 0x29, 0x00, 0x00, 0x00, 0x00,
  0x00, 0x00, 0x00, 0x00, 0x00, 0x00, 0x00, 0x00, 0x0d, 0x38, 0x00, 0x00,
  0x00, 0x00, 0x00, 0x00, 0x00, 0x00, 0x00, 0x00, 0x00, 0x00, 0x4a, 0x17,
  0x00, 0x00, 0x00, 0x00, 0x00, 0x00, 0x00, 0x00, 0x00, 0x00, 0x00, 0x0d,
  0x72, 0x08, 0x00, 0x00, 0x00, 0x00, 0x00, 0x00, 0x00, 0x00, 0x00, 0x00,
  0x00, 0x2b, 0x91, 0x5a, 0x00, 0x00, 0x00, 0x00, 0x00, 0x00, 0x00, 0x00,
  0x00, 0x00, 0x00, 0x01, 0x14, 0x00, 0x00, 0x00, 0x00, 0x00, 0x00, 0x00,
  0x00, 0x00, 0x00, 0x00, 0x00, 0x00, 0x00, 0x00, 0x00, 0x00, 0x00, 0x00,
  0x00, 0x00, 0x00, 0x00, 0x00, 0x00, 0x00, 0x00, 0x00, 0x00, 0x00, 0x00,
  0x00, 0x00, 0x00, 0x13, 0x00, 0x00, 0x00, 0x00, 0x00, 0x00, 0x00, 0x00,
  0x00, 0x00, 0x00, 0x00, 0x05, 0x26, 0x00, 0x00, 0x00, 0x00, 0x00, 0x00,
  0x00, 0x00, 0x00, 0x00, 0x00, 0x00, 0x38, 0x10, 0x00, 0x00, 0x00, 0x00,
  0x00, 0x00, 0x00, 0x00, 0x00, 0x00, 0x00, 0x08, 0x5d, 0x05, 0x00, 0x00,
  0x00, 0x00, 0x00, 0x00, 0x00, 0x00, 0x00, 0x00, 0x00, 0x22, 0x78, 0x71,
  0x0b, 0x00, 0x00, 0x00, 0x00, 0x00, 0x00, 0x00, 0x00, 0x00, 0x00, 0x00,
  0x20, 0x00, 0x00, 0x00, 0x00, 0x00, 0x00, 0x00, 0x00, 0x00, 0x00, 0x00,
  0x00, 0x00, 0x00, 0x00, 0x00, 0x00, 0x00, 0x00, 0x00, 0x00, 0x00, 0x00,
  0x00, 0x00, 0x00, 0x00, 0x00, 0x00, 0x00, 0x00, 0x00, 0x00, 0x00, 0x00,
  0x00, 0x00, 0x00, 0x00, 0x00, 0x00, 0x00, 0x00, 0x00, 0x00, 0x00, 0x00,
  0x00, 0x14, 0x00, 0x00, 0x00, 0x00, 0x00, 0x00, 0x00, 0x00, 0x00, 0x00,
  0x00, 0x00, 0x26, 0x08, 0x00, 0x00, 0x00, 0x00, 0x00, 0x00, 0x00, 0x00,
  0x00, 0x00, 0x00, 0x03, 0x48, 0x02, 0x00, 0x00, 0x00, 0x00, 0x00, 0x00,
  0x00, 0x00, 0x00, 0x00, 0x00, 0x19, 0x63, 0x68, 0x3d, 0x00, 0x00, 0x00,
  0x00, 0x00, 0x00, 0x00, 0x00, 0x00, 0x00, 0x00, 0x1d, 0x0b, 0x00, 0x00,
  0x00, 0x00, 0x00, 0x00, 0x00, 0x00, 0x00, 0x00, 0x00, 0x00, 0x00, 0x00,
  0x00, 0x00, 0x00, 0x00, 0x00, 0x00, 0x00, 0x00, 0x00, 0x00, 0x00, 0x00,
  0x00, 0x00, 0x00, 0x00, 0x00, 0x00, 0x00, 0x00, 0x00, 0x00, 0x00, 0x00,
  0x00, 0x00, 0x00, 0x00, 0x00, 0x00, 0x00, 0x00, 0x00, 0x01, 0x00, 0x00,
  0x00, 0x00, 0x00, 0x00, 0x00, 0x00, 0x00, 0x00, 0x00, 0x00, 0x13, 0x00,
  0x00, 0x00, 0x00, 0x00, 0x00, 0x00, 0x00, 0x00, 0x00, 0x00, 0x00, 0x00,
  0x33, 0x00, 0x00, 0x00, 0x00, 0x00, 0x00, 0x00, 0x00, 0x00, 0x00, 0x00,
  0x00, 0x11, 0x4e, 0x53, 0x5e, 0x01, 0x00, 0x00, 0x00, 0x00, 0x00, 0x00,
  0x00, 0x00, 0x00, 0x00, 0x15, 0x10, 0x00, 0x00, 0x00, 0x00, 0x00, 0x00,
  0x00, 0x00, 0x00, 0x00, 0x00, 0x00, 0x00, 0x00, 0x00, 0x00, 0x00, 0x00,
  0x00, 0x00, 0x00, 0x00, 0x00, 0x00, 0x00, 0x00, 0x00, 0x00, 0x00, 0x00,
  0x00, 0x00, 0x00, 0x00, 0x00, 0x00, 0x00, 0x00, 0x00, 0x00, 0x00, 0x00,
  0x00, 0x00, 0x00, 0x00, 0x00, 0x00, 0x00, 0x00, 0x00, 0x00, 0x00, 0x00,
  0x00, 0x00, 0x00, 0x00, 0x00, 0x00, 0x01, 0x00, 0x00, 0x00, 0x00, 0x00,
  0x00, 0x00, 0x00, 0x00, 0x00, 0x00, 0x00, 0x00, 0x1f, 0x00, 0x00, 0x00,
  0x00, 0x00, 0x00, 0x00, 0x00, 0x00, 0x00, 0x00, 0x00, 0x08, 0x39, 0x40,
  0x5c, 0x2d, 0x00, 0x00, 0x00, 0x00, 0x00, 0x00, 0x00, 0x00, 0x00, 0x00,
  0x0f, 0x0c, 0x00, 0x00, 0x00, 0x00, 0x00, 0x00, 0x00, 0x00, 0x00, 0x00,
  0x00, 0x00, 0x00, 0x00, 0x00, 0x00, 0x00, 0x00, 0x00, 0x00, 0x00, 0x00,
  0x00, 0x00, 0x00, 0x00, 0x00, 0x00, 0x00, 0x00, 0x00, 0x00, 0x00, 0x00,
  0x00, 0x00, 0x00, 0x00, 0x00, 0x00, 0x00, 0x00, 0x00, 0x00, 0x00, 0x00,
  0x00, 0x00, 0x00, 0x00, 0x00, 0x00, 0x00, 0x00, 0x00, 0x00, 0x00, 0x00,
  0x00, 0x00, 0x00, 0x00, 0x00, 0x00, 0x00, 0x00, 0x00, 0x00, 0x00, 0x00,
  0x00, 0x00, 0x00, 0x00, 0x0a, 0x00, 0x00, 0x00, 0x0a, 0x00, 0x00, 0x00,
  0x00, 0x00, 0x00, 0x00, 0x00, 0x00, 0x25, 0x2f, 0x48, 0x47, 0x00, 0x00,
  0x00, 0x00, 0x00, 0x00, 0x00, 0x00, 0x00, 0x00, 0x08, 0x07, 0x00, 0x00,
  0x00, 0x00, 0x00, 0x00, 0x00, 0x00, 0x00, 0x00, 0x00, 0x00, 0x00, 0x00,
  0x00, 0x00, 0x00, 0x00, 0x00, 0x00, 0x00, 0x00, 0x00, 0x00, 0x00, 0x00,
  0x00, 0x00, 0x00, 0x00, 0x00, 0x00, 0x00, 0x00, 0x00, 0x00, 0x00, 0x00,
  0x00, 0x00, 0x00, 0x00, 0x00, 0x00, 0x00, 0x00, 0x00, 0x00, 0x00, 0x00,
  0x00, 0x00, 0x00, 0x00, 0x00, 0x00, 0x00, 0x00, 0x00, 0x00, 0x00, 0x00,
  0x00, 0x00, 0x00, 0x00, 0x00, 0x00, 0x00, 0x00, 0x00, 0x00, 0x00, 0x00,
  0x00, 0x00, 0x00, 0x00, 0x1f, 0x09, 0x00, 0x00, 0x00, 0x00, 0x00, 0x00,
  0x00, 0x00, 0x11, 0x1e, 0x35, 0x40, 0x00, 0x00, 0x00, 0x00, 0x00, 0x00,
  0x00, 0x00, 0x00, 0x00, 0x01, 0x02, 0x00, 0x00, 0x00, 0x00, 0x00, 0x00,
  0x00, 0x00, 0x00, 0x00, 0x00, 0x00, 0x00, 0x00, 0x00, 0x00, 0x00, 0x00,
  0x00, 0x00, 0x00, 0x00, 0x00, 0x00, 0x00, 0x00, 0x00, 0x00, 0x00, 0x00,
  0x00, 0x00, 0x00, 0x00, 0x00, 0x00, 0x00, 0x00, 0x00, 0x00, 0x00, 0x00,
  0x00, 0x00, 0x00, 0x00, 0x00, 0x00, 0x00, 0x00, 0x00, 0x00, 0x00, 0x00,
  0x00, 0x00, 0x00, 0x00, 0x00, 0x00, 0x00, 0x00, 0x00, 0x00, 0x00, 0x00,
  0x00, 0x00, 0x00, 0x00, 0x00, 0x00, 0x00, 0x00, 0x00, 0x00, 0x00, 0x00,
  0x20, 0x26, 0x00, 0x00, 0x00, 0x00, 0x00, 0x00, 0x00, 0x00, 0x00, 0x0d,
  0x23, 0x2f, 0x00, 0x00, 0x00, 0x00, 0x00, 0x00, 0x00, 0x00, 0x00, 0x00,
  0x00, 0x00, 0x00, 0x00, 0x00, 0x00, 0x00, 0x00, 0x00, 0x00, 0x00, 0x00,
  0x00, 0x00, 0x00, 0x00, 0x00, 0x00, 0x00, 0x00, 0x00, 0x00, 0x00, 0x00,
  0x00, 0x00, 0x00, 0x00, 0x00, 0x00, 0x00, 0x00, 0x00, 0x00, 0x00, 0x00,
  0x00, 0x00, 0x00, 0x00, 0x00, 0x00, 0x00, 0x00, 0x00, 0x00, 0x00, 0x00,
  0x00, 0x00, 0x00, 0x00, 0x00, 0x00, 0x00, 0x00, 0x00, 0x00, 0x00, 0x00,
  0x00, 0x00, 0x00, 0x00, 0x00, 0x00, 0x00, 0x00, 0x13, 0x00, 0x00, 0x00,
  0x00, 0x00, 0x00, 0x00, 0x00, 0x00, 0x00, 0x00, 0x16, 0x26, 0x00, 0x00,
  0x00, 0x00, 0x00, 0x00, 0x00, 0x00, 0x00, 0x00, 0x11, 0x1e, 0x00, 0x00,
  0x00, 0x00, 0x00, 0x00, 0x00, 0x00, 0x00, 0x00, 0x00, 0x00, 0x00, 0x00,
  0x00, 0x00, 0x00, 0x00, 0x00, 0x00, 0x00, 0x00, 0x00, 0x00, 0x00, 0x00,
  0x00, 0x00, 0x00, 0x00, 0x00, 0x00, 0x00, 0x00, 0x00, 0x00, 0x00, 0x00,
  0x00, 0x00, 0x00, 0x00, 0x00, 0x00, 0x00, 0x00, 0x00, 0x00, 0x00, 0x00,
  0x00, 0x00, 0x00, 0x00, 0x00, 0x00, 0x00, 0x00, 0x00, 0x00, 0x00, 0x00,
  0x00, 0x00, 0x00, 0x00, 0x00, 0x00, 0x00, 0x00, 0x00, 0x00, 0x00, 0x00,
  0x00, 0x00, 0x00, 0x00, 0x25, 0x00, 0x00, 0x00, 0x00, 0x00, 0x00, 0x00,
  0x00, 0x00, 0x00, 0x00, 0x0b, 0x17, 0x00, 0x00, 0x00, 0x00, 0x00, 0x00,
  0x00, 0x00, 0x00, 0x00, 0x01, 0x0e, 0x00, 0x00, 0x00, 0x00, 0x00, 0x00,
  0x00, 0x00, 0x00, 0x00, 0x00, 0x00, 0x00, 0x00, 0x00, 0x00, 0x00, 0x00,
  0x00, 0x00, 0x00, 0x00, 0x00, 0x00, 0x00, 0x00, 0x00, 0x00, 0x00, 0x00,
  0x00, 0x00, 0x00, 0x00, 0x00, 0x00, 0x00, 0x00, 0x00, 0x00, 0x00, 0x00,
  0x00, 0x00, 0x00, 0x00, 0x00, 0x00, 0x00, 0x00, 0x00, 0x00, 0x00, 0x00,
  0x00, 0x00, 0x00, 0x00, 0x00, 0x00, 0x00, 0x00, 0x00, 0x00, 0x00, 0x0c,
  0x00, 0x00, 0x00, 0x00, 0x00, 0x00, 0x00, 0x00, 0x00, 0x00, 0x00, 0x00,
  0x1b, 0x00, 0x00, 0x00, 0x00, 0x00, 0x00, 0x00, 0x00, 0x00, 0x00, 0x00,
  0x00, 0x09, 0x00, 0x00, 0x00, 0x00, 0x00, 0x00, 0x00, 0x00, 0x00, 0x00,
  0x00, 0x00, 0x00, 0x00, 0x00, 0x00, 0x00, 0x00, 0x00, 0x00, 0x00, 0x00,
  0x00, 0x00, 0x00, 0x00, 0x00, 0x00, 0x00, 0x00, 0x00, 0x00, 0x00, 0x00,
  0x00, 0x00, 0x00, 0x00, 0x00, 0x00, 0x00, 0x00, 0x00, 0x00, 0x00, 0x00,
  0x00, 0x00, 0x00, 0x00, 0x00, 0x00, 0x00, 0x00, 0x00, 0x00, 0x00, 0x00,
  0x00, 0x00, 0x00, 0x00, 0x00, 0x00, 0x00, 0x00, 0x00, 0x00, 0x00, 0x00,
  0x00, 0x00, 0x00, 0x00, 0x00, 0x00, 0x00, 0x11, 0x00, 0x00, 0x00, 0x00,
  0x00, 0x00, 0x00, 0x00, 0x00, 0x00, 0x00, 0x00, 0x0a, 0x00, 0x00, 0x00,
  0x00, 0x00, 0x00, 0x00, 0x00, 0x00, 0x00, 0x00, 0x00, 0x00, 0x00, 0x00,
  0x00, 0x00, 0x00, 0x00, 0x00, 0x00, 0x00, 0x00, 0x00, 0x00, 0x00, 0x00,
  0x00, 0x00, 0x00, 0x00, 0x00, 0x00, 0x00, 0x00, 0x00, 0x00, 0x00, 0x00,
  0x00, 0x00, 0x00, 0x00, 0x00, 0x00, 0x00, 0x00, 0x00, 0x00, 0x00, 0x00,
  0x00, 0x00, 0x00, 0x00, 0x00, 0x00, 0x00, 0x00, 0x00, 0x00, 0x00, 0x00,
  0x00, 0x00, 0x00, 0x00, 0x00, 0x00, 0x00, 0x00, 0x00, 0x00, 0x00, 0x00,
  0x00, 0x00, 0x00, 0x00, 0x00, 0x00, 0x00, 0x00, 0x00, 0x00, 0x00, 0x00,
  0x00, 0x00, 0x00, 0x06, 0x00, 0x00, 0x00, 0x00, 0x00, 0x00, 0x00, 0x00,
  0x00, 0x00, 0x00, 0x00, 0x00, 0x00, 0x00, 0x00, 0x00, 0x00, 0x00, 0x00,
  0x00, 0x00, 0x00, 0x00, 0x00, 0x00, 0x00, 0x00, 0x00, 0x00, 0x00, 0x00,
  0x00, 0x00, 0x00, 0x00, 0x00, 0x00, 0x00, 0x00, 0x00, 0x00, 0x00, 0x00,
  0x00, 0x00, 0x00, 0x00, 0x00, 0x00, 0x00, 0x00, 0x00, 0x00, 0x00, 0x00,
  0x00, 0x00, 0x00, 0x00, 0x00, 0x00, 0x00, 0x00, 0x00, 0x00, 0x00, 0x00,
  0x00, 0x00, 0x00, 0x00, 0x00, 0x00, 0x00, 0x00, 0x00, 0x00, 0x00, 0x00,
  0x00, 0x00, 0x00, 0x00, 0x00, 0x00, 0x00, 0x00, 0x00, 0x00, 0x00, 0x00,
  0x00, 0x00, 0x00, 0x00, 0x00, 0x00, 0x00, 0x00, 0x00, 0x00, 0x00, 0x00,
  0x00, 0x00, 0x00, 0x00, 0x00, 0x00, 0x00, 0x00, 0x00, 0x00, 0x00, 0x00,
  0x00, 0x00, 0x00, 0x00, 0x00, 0x00, 0x00, 0x00, 0x00, 0x00, 0x00, 0x00,
  0x00, 0x00, 0x00, 0x00, 0x00, 0x00, 0x00, 0x00, 0x00, 0x00, 0x00, 0x00,
  0x00, 0x00, 0x00, 0x00, 0x00, 0x00, 0x00, 0x00, 0x00, 0x00, 0x00, 0x00,
  0x00, 0x00, 0x00, 0x00, 0x00, 0x00, 0x00, 0x00, 0x00, 0x00, 0x00, 0x00,
  0x00, 0x00, 0x00, 0x00, 0x00, 0x00, 0x00, 0x00, 0x00, 0x00, 0x00, 0x00,
  0x00, 0x00, 0x00, 0x00, 0x00, 0x00, 0x00, 0x00, 0x00, 0x00, 0x00, 0x00,
  0x00, 0x00, 0x00, 0x00, 0x00, 0x00, 0x00, 0x00, 0x00, 0x00, 0x00, 0x00,
  0x00, 0x00, 0x00, 0x00, 0x00, 0x00, 0x00, 0x00, 0x00, 0x00, 0x00, 0x00,
  0x00, 0x00, 0x00, 0x00, 0x00, 0x00, 0x00, 0x00, 0x00, 0x00, 0x00, 0x00,
  0x00, 0x00, 0x00, 0x00, 0x00, 0x00, 0x00, 0x00, 0x00, 0x00, 0x00, 0x00,
  0x00, 0x00, 0x00, 0x00, 0x00, 0x00, 0x00, 0x00, 0x00, 0x00, 0x00, 0x00,
  0x00, 0x00, 0x00, 0x00, 0x00, 0x00, 0x00, 0x00, 0x00, 0x00, 0x00, 0x00,
  0x00, 0x00, 0x00, 0x00, 0x00, 0x00, 0x00, 0x00, 0x00, 0x00, 0x00, 0x00,
  0x00, 0x00, 0x00, 0x00, 0x00, 0x00, 0x00, 0x00, 0x00, 0x00, 0x00, 0x00,
  0x00, 0x00, 0x00, 0x00, 0x00, 0x00, 0x00, 0x00, 0x00, 0x00, 0x00, 0x00,
  0x00, 0x00, 0x00, 0x00, 0x00, 0x00, 0x00, 0x00, 0x00, 0x00, 0x00, 0x00,
  0x00, 0x00, 0x00, 0x00, 0x00, 0x00, 0x00, 0x00, 0x00, 0x00, 0x00, 0x00,
  0x00, 0x00, 0x00, 0x00, 0x00, 0x00, 0x00, 0x00, 0x00, 0x00, 0x00, 0x00,
  0x00, 0x00, 0x00, 0x00, 0x00, 0x00, 0x00, 0x00, 0x00, 0x00, 0x00, 0x00,
  0x00, 0x00, 0x00, 0x00, 0x00, 0x00, 0x00, 0x00, 0x00, 0x00, 0x00, 0x00,
  0x00, 0x00, 0x00, 0x00, 0x00, 0x00, 0x00, 0x00, 0x00, 0x00, 0x00, 0x00,
  0x00, 0x00, 0x00, 0x00, 0x00, 0x00, 0x00, 0x00, 0x00, 0x00, 0x00, 0x00,
  0x00, 0x00, 0x00, 0x00, 0x00, 0x00, 0x00, 0x00, 0x00, 0x00, 0x00, 0x00,
  0x00, 0x00, 0x00, 0x00, 0x00, 0x00, 0x00, 0x00, 0x00, 0x00, 0x00, 0x00,
  0x00, 0x00, 0x00, 0x00, 0x00, 0x00, 0x00, 0x00, 0x00, 0x00, 0x00, 0x00,
  0x00, 0x00, 0x00, 0x00, 0x00, 0x00, 0x00, 0x00, 0x00, 0x00, 0x00, 0x00,
  0x00, 0x00, 0x00, 0x00, 0x00, 0x00, 0x00, 0x00, 0x00, 0x00, 0x00, 0x00,
  0x00, 0x00, 0x00, 0x00, 0x00, 0x00, 0x00, 0x00, 0x00, 0x00, 0x00, 0x00,
  0x00, 0x00, 0x00, 0x00, 0x00, 0x00, 0x00, 0x00, 0x00, 0x00, 0x00, 0x00,
  0x00, 0x00, 0x00, 0x00, 0x00, 0x00, 0x00, 0x00, 0x00, 0x00, 0x00, 0x00,
  0x00, 0x00, 0x00, 0x00, 0x00, 0x00, 0x00, 0x00, 0x00, 0x00, 0x00, 0x00,
  0x00, 0x00, 0x00, 0x00, 0x00, 0x00, 0x00, 0x00, 0x00, 0x00, 0x00, 0x00,
  0x00, 0x00, 0x00, 0x00, 0x00, 0x00, 0x00, 0x00, 0x00, 0x00, 0x00, 0x00,
  0x00, 0x00, 0x00, 0x00, 0x00, 0x00, 0x00, 0x00, 0x00, 0x00, 0x00, 0x00,
  0x00, 0x00, 0x00, 0x00, 0x00, 0x00, 0x00, 0x00, 0x00, 0x00, 0x00, 0x00,
  0x00, 0x00, 0x00, 0x00, 0x00, 0x00, 0x00, 0x00, 0x00, 0x00, 0x00, 0x00,
  0x00, 0x00, 0x00, 0x00, 0x00, 0x00, 0x00, 0x00, 0x00, 0x00, 0x00, 0x00,
  0x00, 0x00, 0x00, 0x00, 0x00, 0x00, 0x00, 0x00, 0x00, 0x00, 0x00, 0x00,
  0x00, 0x00, 0x00, 0x00, 0x00, 0x00, 0x00, 0x00, 0x00, 0x00, 0x00, 0x00,
  0x00, 0x00, 0x00, 0x00, 0x00, 0x00, 0x00, 0x00, 0x00, 0x00, 0x00, 0x00,
  0x00, 0x00, 0x00, 0x00, 0x00, 0x00, 0x00, 0x00, 0x00, 0x00, 0x00, 0x00,
  0x00, 0x00, 0x00, 0x00, 0x00, 0x00, 0x00, 0x00, 0x00, 0x00, 0x00, 0x00,
  0x00, 0x00, 0x00, 0x00, 0x00, 0x00, 0x00, 0x00, 0x00, 0x00, 0x00, 0x00,
  0x00, 0x00, 0x00, 0x00, 0x00, 0x00, 0x00, 0x00, 0x00, 0x00, 0x00, 0x00,
  0x00, 0x00, 0x00, 0x00, 0x00, 0x00, 0x00, 0x00, 0x00, 0x00, 0x00, 0x00,
  0x00, 0x00, 0x00, 0x00, 0x00, 0x00, 0x00, 0x00, 0x00, 0x00, 0x00, 0x00,
  0x00, 0x00, 0x00, 0x00, 0x00, 0x00, 0x00, 0x00, 0x00, 0x00, 0x00, 0x00,
  0x00, 0x00, 0x00, 0x00, 0x00, 0x00, 0x00, 0x00, 0x00, 0x00, 0x00, 0x00,
  0x00, 0x00, 0x00, 0x00, 0x00, 0x00, 0x00, 0x00, 0x00, 0x00, 0x00, 0x00,
  0x00, 0x00, 0x00, 0x00, 0x00, 0x00, 0x00, 0x00, 0x00, 0x00, 0x00, 0x00,
  0x00, 0x00, 0x00, 0x00, 0x00, 0x00, 0x00, 0x00, 0x00, 0x00, 0x00, 0x00,
  0x00, 0x00, 0x00, 0x00, 0x00, 0x00, 0x00, 0x00, 0x00, 0x00, 0x00, 0x00,
  0x00, 0x00, 0x00, 0x00, 0x00, 0x00, 0x00, 0x00, 0x00, 0x00, 0x00, 0x00,
  0x00, 0x00, 0x00, 0x00, 0x00, 0x00, 0x00, 0x00, 0x00, 0x00, 0x00, 0x00,
  0x00, 0x00, 0x00, 0x00, 0x00, 0x00, 0x00, 0x00, 0x00, 0x00, 0x00, 0x00,
  0x00, 0x00, 0x00, 0x00, 0x00, 0x00, 0x00, 0x00, 0x00, 0x00, 0x00, 0x00,
  0x00, 0x00, 0x00, 0x00, 0x00, 0x00, 0x00, 0x00, 0x00, 0x00, 0x00, 0x00,
  0x00, 0x00, 0x00, 0x00, 0x00, 0x00, 0x00, 0x00, 0x00, 0x00, 0x00, 0x00,
  0x00, 0x00, 0x00, 0x00, 0x00, 0x00, 0x00, 0x00, 0x00, 0x00, 0x00, 0x00,
  0x00, 0x00, 0x00, 0x00, 0x00, 0x00, 0x00, 0x00, 0x00, 0x00, 0x00, 0x00,
  0x00, 0x00, 0x00, 0x00, 0x00, 0x00, 0x00, 0x00, 0x00, 0x00, 0x00, 0x00,
  0x00, 0x00, 0x00, 0x00, 0x00, 0x00, 0x00, 0x00, 0x00, 0x00, 0x00, 0x00,
  0x00, 0x00, 0x00, 0x00, 0x00, 0x00, 0x00, 0x00, 0x00, 0x00, 0x00, 0x00,
  0x00, 0x00, 0x00, 0x00, 0x00, 0x00, 0x00, 0x00, 0x00, 0x00, 0x00, 0x00,
  0x00, 0x00, 0x00, 0x00, 0x00, 0x00, 0x00, 0x00, 0x00, 0x00, 0x00, 0x00,
  0x00, 0x00, 0x00, 0x00, 0x00, 0x00, 0x00, 0x00, 0x00, 0x00, 0x00, 0x00,
  0x00, 0x00, 0x00, 0x00, 0x00, 0x00, 0x00, 0x00, 0x00, 0x00, 0x00, 0x00,
  0x00, 0x00, 0x00, 0x00, 0x00, 0x00, 0x00, 0x00, 0x00, 0x00, 0x00, 0x00,
  0x00, 0x00, 0x00, 0x00, 0x00, 0x00, 0x00, 0x00, 0x00, 0x00, 0x00, 0x00,
  0x00, 0x00, 0x00, 0x00, 0x00, 0x00, 0x00, 0x00, 0x00, 0x00, 0x00, 0x00,
  0x00, 0x00, 0x00, 0x00, 0x00, 0x00, 0x00, 0x00, 0x00, 0x00, 0x00, 0x00,
  0x00, 0x00, 0x00, 0x00, 0x00, 0x00, 0x00, 0x00, 0x00, 0x00, 0x00, 0x00,
  0x00, 0x00, 0x00, 0x00, 0x00, 0x00, 0x00, 0x00, 0x00, 0x00, 0x00, 0x00,
  0x00, 0x00, 0x00, 0x00, 0x00, 0x00, 0x00, 0x00, 0x00, 0x00, 0x00, 0x00,
  0x00, 0x00, 0x00, 0x00, 0x00, 0x00, 0x00, 0x00, 0x00, 0x00, 0x00, 0x00,
  0x00, 0x00, 0x00, 0x00, 0x00, 0x00, 0x00, 0x00, 0x00, 0x00, 0x00, 0x00,
  0x00, 0x00, 0x00, 0x00, 0x00, 0x00, 0x00, 0x00, 0x00, 0x00, 0x00, 0x00,
  0x00, 0x00, 0x00, 0x00, 0x00, 0x00, 0x00, 0x00, 0x00, 0x00, 0x00, 0x00,
  0x00, 0x00, 0x00, 0x00, 0x00, 0x00, 0x00, 0x00, 0x00, 0x00, 0x00, 0x00,
  0x00, 0x00, 0x00, 0x00, 0x00, 0x00, 0x00, 0x00, 0x00, 0x00, 0x00, 0x00,
  0x00, 0x00, 0x00, 0x00, 0x00, 0x00, 0x00, 0x00, 0x00, 0x00, 0x00, 0x00,
  0x00, 0x00, 0x00, 0x00, 0x00, 0x00, 0x00, 0x00, 0x00, 0x00, 0x00, 0x00,
  0x00, 0x00, 0x00, 0x00, 0x00, 0x00, 0x00, 0x00, 0x00, 0x00, 0x00, 0x00,
  0x00, 0x00, 0x00, 0x00, 0x00, 0x00, 0x00, 0x00, 0x00, 0x00, 0x00, 0x00,
  0x00, 0x00, 0x00, 0x00, 0x00, 0x00, 0x00, 0x00, 0x00, 0x00, 0x00, 0x00,
  0x00, 0x00, 0x00, 0x00, 0x00, 0x00, 0x00, 0x00, 0x00, 0x00, 0x00, 0x00,
  0x00, 0x00, 0x00, 0x00, 0x00, 0x00, 0x00, 0x00, 0x00, 0x00, 0x00, 0x00,
  0x00, 0x00, 0x00, 0x00, 0x00, 0x00, 0x00, 0x00, 0x00, 0x00, 0x00, 0x00,
  0x00, 0x00, 0x00, 0x00, 0x00, 0x00, 0x00, 0x00, 0x00, 0x00, 0x00, 0x00,
  0x00, 0x00, 0x00, 0x00, 0x00, 0x00, 0x00, 0x00, 0x00, 0x00, 0x00, 0x00,
  0x00, 0x00, 0x00, 0x00, 0x00, 0x00, 0x00, 0x00, 0x00, 0x00, 0x00, 0x00,
  0x00, 0x00, 0x00, 0x00, 0x00, 0x00, 0x00, 0x00, 0x00, 0x00, 0x00, 0x00,
  0x00, 0x00, 0x00, 0x00, 0x00, 0x00, 0x00, 0x00, 0x00, 0x00, 0x00, 0x00,
  0x00, 0x00, 0x00, 0x00, 0x00, 0x00, 0x00, 0x00, 0x00, 0x00, 0x00, 0x00,
  0x00, 0x00, 0x00, 0x00, 0x00, 0x00, 0x00, 0x00, 0x00, 0x00, 0x00, 0x00,
  0x00, 0x00, 0x00, 0x00, 0x00, 0x00, 0x00, 0x00, 0x00, 0x00, 0x00, 0x00,
  0x00, 0x00, 0x00, 0x00, 0x00, 0x00, 0x00, 0x00, 0x00, 0x00, 0x00, 0x00,
  0x00, 0x00, 0x00, 0x00, 0x00, 0x00, 0x00, 0x00, 0x00, 0x00, 0x00, 0x00,
  0x00, 0x00, 0x00, 0x00, 0x00, 0x00, 0x00, 0x00, 0x00, 0x00, 0x00, 0x00,
  0x00, 0x00, 0x00, 0x00, 0x00, 0x00, 0x00, 0x00, 0x00, 0x00, 0x00, 0x00,
  0x00, 0x00, 0x00, 0x00, 0x00, 0x00, 0x00, 0x00, 0x00, 0x00, 0x00, 0x00,
  0x00, 0x00, 0x00, 0x00, 0x00, 0x00, 0x00, 0x00, 0x00, 0x00, 0x00, 0x00,
  0x00, 0x00, 0x00, 0x00, 0x00, 0x00, 0x00, 0x00, 0x00, 0x00, 0x00, 0x00,
  0x00, 0x00, 0x00, 0x00, 0x00, 0x00, 0x00, 0x00, 0x00, 0x00, 0x00, 0x00,
  0x00, 0x00, 0x00, 0x00, 0x00, 0x00, 0x00, 0x00, 0x00, 0x00, 0x00, 0x00,
  0x00, 0x00, 0x00, 0x00, 0x00, 0x00, 0x00, 0x00, 0x00, 0x00, 0x00, 0x00,
  0x00, 0x00, 0x00, 0x00, 0x00, 0x00, 0x00, 0x00, 0x00, 0x00, 0x00, 0x00,
  0x00, 0x00, 0x00, 0x00, 0x00, 0x00, 0x00, 0x00, 0x00, 0x00, 0x00, 0x00,
  0x00, 0x00, 0x00, 0x00, 0x00, 0x00, 0x00, 0x00, 0x00, 0x00, 0x00, 0x00,
  0x00, 0x00, 0x00, 0x00, 0x00, 0x00, 0x00, 0x00, 0x00, 0x00, 0x00, 0x00,
  0x00, 0x00, 0x00, 0x00, 0x00, 0x00, 0x00, 0x00, 0x00, 0x00, 0x00, 0x00,
  0x00, 0x00, 0x00, 0x00, 0x00, 0x00, 0x00, 0x00, 0x00, 0x00, 0x00, 0x00,
  0x00, 0x00, 0x00, 0x00, 0x00, 0x00, 0x00, 0x00, 0x00, 0x00, 0x00, 0x00,
  0x00, 0x00, 0x00, 0x00, 0x00, 0x00, 0x00, 0x00, 0x00, 0x00, 0x00, 0x00,
  0x00, 0x00, 0x00, 0x00, 0x00, 0x00, 0x00, 0x00, 0x00, 0x00, 0x00, 0x00,
  0x00, 0x00, 0x00, 0x00, 0x00, 0x00, 0x00, 0x00, 0x00, 0x00, 0x00, 0x00,
  0x00, 0x00, 0x00, 0x00, 0x00, 0x00, 0x00, 0x00, 0x00, 0x00, 0x00, 0x00,
  0x00, 0x00, 0x00, 0x00, 0x00, 0x00, 0x00, 0x00, 0x00, 0x00, 0x00, 0x00,
  0x00, 0x00, 0x00, 0x00, 0x00, 0x00, 0x00, 0x00, 0x00, 0x00, 0x00, 0x00,
  0x00, 0x00, 0x00, 0x00, 0x00, 0x00, 0x00, 0x00, 0x00, 0x00, 0x00, 0x00,
  0x00, 0x00, 0x00, 0x00, 0x00, 0x00, 0x00, 0x00, 0x00, 0x00, 0x00, 0x00,
  0x00, 0x00, 0x00, 0x00, 0x00, 0x00, 0x00, 0x00, 0x00, 0x00, 0x00, 0x00,
  0x00, 0x00, 0x00, 0x00, 0x00, 0x00, 0x00, 0x00, 0x00, 0x00, 0x00, 0x00,
  0x00, 0x00, 0x00, 0x00, 0x00, 0x00, 0x00, 0x00, 0x00, 0x00, 0x00, 0x00,
  0x00, 0x00, 0x00, 0x00, 0x00, 0x00, 0x00, 0x00, 0x00, 0x00, 0x00, 0x00,
  0x00, 0x00, 0x00, 0x00, 0x00, 0x00, 0x00, 0x00, 0x00, 0x00, 0x00, 0x00,
  0x00, 0x00, 0x00, 0x00, 0x00, 0x00, 0x00, 0x00, 0x00, 0x00, 0x00, 0x00,
  0x00, 0x00, 0x00, 0x00, 0x00, 0x00, 0x00, 0x00, 0x00, 0x00, 0x00, 0x00,
  0x00, 0x00, 0x00, 0x00, 0x00, 0x00, 0x00, 0x00, 0x00, 0x00, 0x00, 0x00,
  0x00, 0x00, 0x00, 0x00, 0x00, 0x00, 0x00, 0x00, 0x00, 0x00, 0x00, 0x00,
  0x00, 0x00, 0x00, 0x00, 0x00, 0x00, 0x00, 0x00, 0x00, 0x00, 0x00, 0x00,
  0x00, 0x00, 0x00, 0x00, 0x00, 0x00, 0x00, 0x00, 0x00, 0x00, 0x00, 0x00,
  0x00, 0x00, 0x00, 0x00, 0x00, 0x00, 0x00, 0x00, 0x00, 0x00, 0x00, 0x00,
  0x00, 0x00, 0x00, 0x00, 0x00, 0x00, 0x00, 0x00, 0x00, 0x00, 0x00, 0x00,
  0x00, 0x00, 0x00, 0x00, 0x00, 0x00, 0x00, 0x00, 0x00, 0x00, 0x00, 0x00,
  0x00, 0x00, 0x00, 0x00, 0x00, 0x00, 0x00, 0x00, 0x00, 0x00, 0x00, 0x00,
  0x00, 0x00, 0x00, 0x00, 0x00, 0x00, 0x00, 0x00, 0x00, 0x00, 0x00, 0x00,
  0x00, 0x00, 0x00, 0x00, 0x00, 0x00, 0x00, 0x00, 0x00, 0x00, 0x00, 0x00,
  0x00, 0x00, 0x00, 0x00, 0x00, 0x00, 0x00, 0x00, 0x00, 0x00, 0x00, 0x00,
  0x00, 0x00, 0x00, 0x00, 0x00, 0x00, 0x00, 0x00, 0x00, 0x00, 0x00, 0x00,
  0x00, 0x00, 0x00, 0x00, 0x00, 0x00, 0x00, 0x00, 0x00, 0x00, 0x00, 0x00,
  0x00, 0x00, 0x00, 0x00, 0x00, 0x00, 0x00, 0x00, 0x00, 0x00, 0x00, 0x00,
  0x00, 0x00, 0x00, 0x00, 0x00, 0x00, 0x00, 0x00, 0x00, 0x00, 0x00, 0x00,
  0x00, 0x00, 0x00, 0x00, 0x00, 0x00, 0x00, 0x00, 0x00, 0x00, 0x00, 0x00,
  0x00, 0x00, 0x00, 0x00, 0x00, 0x00, 0x00, 0x00, 0x00, 0x00, 0x00, 0x00,
  0x00, 0x00, 0x00, 0x00, 0x00, 0x00, 0x00, 0x00, 0x00, 0x00, 0x00, 0x00,
  0x00, 0x00, 0x00, 0x00, 0x00, 0x00, 0x00, 0x00, 0x00, 0x00, 0x00, 0x00,
  0x00, 0x00, 0x00, 0x00, 0x00, 0x00, 0x00, 0x00, 0x00, 0x00, 0x00, 0x00,
  0x00, 0x00, 0x00, 0x00, 0x00, 0x00, 0x00, 0x00, 0x00, 0x00, 0x00, 0x00,
  0x00, 0x00, 0x00, 0x00, 0x00, 0x00, 0x00, 0x00, 0x00, 0x00, 0x00, 0x00,
  0x00, 0x00, 0x00, 0x00, 0x00, 0x00, 0x00, 0x00, 0x00, 0x00, 0x00, 0x00,
  0x00, 0x00, 0x00, 0x00, 0x00, 0x00, 0x00, 0x00, 0x00, 0x00, 0x00, 0x00,
  0x00, 0x00, 0x00, 0x00, 0x00, 0x00, 0x00, 0x00, 0x00, 0x00, 0x00, 0x00,
  0x00, 0x00, 0x00, 0x00, 0x00, 0x00, 0x00, 0x00, 0x00, 0x00, 0x00, 0x00,
  0x00, 0x00, 0x00, 0x00, 0x00, 0x00, 0x00, 0x00, 0x00, 0x00, 0x00, 0x00,
  0x00, 0x00, 0x00, 0x00, 0x00, 0x00, 0x00, 0x00, 0x00, 0x00, 0x00, 0x00,
  0x00, 0x00, 0x00, 0x00, 0x00, 0x00, 0x00, 0x00, 0x00, 0x00, 0x00, 0x00,
  0x00, 0x00, 0x00, 0x00, 0x00, 0x00, 0x00, 0x00, 0x00, 0x00, 0x00, 0x00,
  0x00, 0x00, 0x00, 0x00, 0x00, 0x00, 0x00, 0x00, 0x00, 0x00, 0x00, 0x00,
  0x00, 0x00, 0x00, 0x00, 0x00, 0x00, 0x00, 0x00, 0x00, 0x00, 0x00, 0x00,
  0x00, 0x00, 0x00, 0x00, 0x00, 0x00, 0x00, 0x00, 0x00, 0x00, 0x00, 0x00,
  0x00, 0x00, 0x00, 0x00, 0x00, 0x00, 0x00, 0x00, 0x00, 0x00, 0x00, 0x00,
  0x00, 0x00, 0x00, 0x00, 0x00, 0x00, 0x00, 0x00, 0x00, 0x00, 0x00, 0x00,
  0x00, 0x00, 0x00, 0x00, 0x00, 0x00, 0x00, 0x00, 0x00, 0x00, 0x00, 0x00,
  0x00, 0x00, 0x00, 0x00, 0x00, 0x00, 0x00, 0x00, 0x00, 0x00, 0x00, 0x00,
  0x00, 0x00, 0x00, 0x00, 0x00, 0x00, 0x00, 0x00, 0x00, 0x00, 0x00, 0x00,
  0x00, 0x00, 0x00, 0x00, 0x00, 0x00, 0x00, 0x00, 0x00, 0x00, 0x00, 0x00,
  0x00, 0x00, 0x00, 0x00, 0x00, 0x00, 0x00, 0x00, 0x00, 0x00, 0x00, 0x00,
  0x00, 0x00, 0x00, 0x00, 0x00, 0x00, 0x00, 0x00, 0x00, 0x00, 0x00, 0x00,
  0x00, 0x00, 0x00, 0x00, 0x00, 0x00, 0x00, 0x00, 0x00, 0x00, 0x00, 0x00,
  0x00, 0x00, 0x00, 0x00, 0x00, 0x00, 0x00, 0x00, 0x00, 0x00, 0x00, 0x00,
  0x00, 0x00, 0x00, 0x00, 0x00, 0x00, 0x00, 0x00, 0x00, 0x00, 0x00, 0x00,
  0x00, 0x00, 0x00, 0x00, 0x00, 0x00, 0x00, 0x00, 0x00, 0x00, 0x00, 0x00,
  0x00, 0x00, 0x00, 0x00, 0x00, 0x00, 0x00, 0x00, 0x00, 0x00, 0x00, 0x00,
  0x00, 0x00, 0x00, 0x00, 0x00, 0x00, 0x00, 0x00, 0x00, 0x00, 0x00, 0x00,
  0x00, 0x00, 0x00, 0x00, 0x00, 0x00, 0x00, 0x00, 0x00, 0x00, 0x00, 0x00,
  0x00, 0x00, 0x00, 0x00, 0x00, 0x00, 0x00, 0x00, 0x00, 0x00, 0x00, 0x00,
  0x00, 0x00, 0x00, 0x00, 0x00, 0x00, 0x00, 0x00, 0x00, 0x00, 0x00, 0x00,
  0x00, 0x00, 0x00, 0x00, 0x00, 0x00, 0x00, 0x00, 0x00, 0x00, 0x00, 0x00,
  0x00, 0x00, 0x00, 0x00, 0x00, 0x00, 0x00, 0x00, 0x00, 0x00, 0x00, 0x00,
  0x00, 0x00, 0x00, 0x00, 0x00, 0x00, 0x00, 0x00, 0x00, 0x00, 0x00, 0x00,
  0x00, 0x00, 0x00, 0x00, 0x00, 0x00, 0x00, 0x00, 0x00, 0x00, 0x00, 0x00,
  0x00, 0x00, 0x00, 0x00, 0x00, 0x00, 0x00, 0x00, 0x00, 0x00, 0x00, 0x00,
  0x00, 0x00, 0x00, 0x00, 0x00, 0x00, 0x00, 0x00, 0x00, 0x00, 0x00, 0x00,
  0x00, 0x00, 0x00, 0x00, 0x00, 0x00, 0x00, 0x00, 0x00, 0x00, 0x00, 0x00,
  0x00, 0x00, 0x00, 0x00, 0x00, 0x00, 0x00, 0x00, 0x00, 0x00, 0x00, 0x00,
  0x00, 0x00, 0x00, 0x00, 0x00, 0x00, 0x00, 0x00, 0x00, 0x00, 0x00, 0x00,
  0x00, 0x00, 0x00, 0x00, 0x00, 0x00, 0x00, 0x00, 0x00, 0x00, 0x00, 0x00,
  0x00, 0x00, 0x00, 0x00, 0x00, 0x00, 0x00, 0x00, 0x00, 0x00, 0x00, 0x00,
  0x00, 0x00, 0x00, 0x00, 0x00, 0x00, 0x00, 0x00, 0x00, 0x00, 0x00, 0x00,
  0x00, 0x00, 0x00, 0x00, 0x00, 0x00, 0x00, 0x00, 0x00, 0x00, 0x00, 0x00,
  0x00, 0x00, 0x00, 0x00, 0x00, 0x00, 0x00, 0x00, 0x00, 0x00, 0x00, 0x00,
  0x00, 0x00, 0x00, 0x00, 0x00, 0x00, 0x00, 0x00, 0x00, 0x00, 0x00, 0x00,
  0x00, 0x00, 0x00, 0x00, 0x00, 0x00, 0x00, 0x00, 0x00, 0x00, 0x00, 0x00,
  0x00, 0x00, 0x00, 0x00, 0x00, 0x00, 0x00, 0x00, 0x00, 0x00, 0x00, 0x00,
  0x00, 0x00, 0x00, 0x00, 0x00, 0x00, 0x00, 0x00, 0x00, 0x00, 0x00, 0x00,
  0x00, 0x00, 0x00, 0x00, 0x00, 0x00, 0x00, 0x00, 0x00, 0x00, 0x00, 0x00,
  0x00, 0x00, 0x00, 0x00, 0x00, 0x00, 0x00, 0x00, 0x00, 0x00, 0x00, 0x00,
  0x00, 0x00, 0x00, 0x00, 0x00, 0x00, 0x00, 0x00, 0x00, 0x00, 0x00, 0x00,
  0x00, 0x00, 0x00, 0x00, 0x00, 0x00, 0x00, 0x00, 0x00, 0x00, 0x00, 0x00,
  0x00, 0x00, 0x00, 0x00, 0x00, 0x00, 0x00, 0x00, 0x00, 0x00, 0x00, 0x00,
  0x00, 0x00, 0x00, 0x00, 0x00, 0x00, 0x00, 0x00, 0x00, 0x00, 0x00, 0x00,
  0x00, 0x00, 0x00, 0x00, 0x00, 0x00, 0x00, 0x00, 0x00, 0x00, 0x00, 0x00,
  0x00, 0x00, 0x00, 0x00, 0x00, 0x00, 0x00, 0x00, 0x00, 0x00, 0x00, 0x00,
  0x00, 0x00, 0x00, 0x00, 0x00, 0x00, 0x00, 0x00, 0x00, 0x00, 0x00, 0x00,
  0x00, 0x00, 0x00, 0x00, 0x00, 0x00, 0x00, 0x00, 0x00, 0x00, 0x00, 0x00,
  0x00, 0x00, 0x00, 0x00, 0x00, 0x00, 0x00, 0x00, 0x00, 0x00, 0x00, 0x00,
  0x00, 0x00, 0x00, 0x00, 0x00, 0x00, 0x00, 0x00, 0x00, 0x00, 0x00, 0x00,
  0x00, 0x00, 0x00, 0x00, 0x00, 0x00, 0x00, 0x00, 0x00, 0x00, 0x00, 0x00,
  0x00, 0x00, 0x00, 0x00, 0x00, 0x00, 0x00, 0x00, 0x00, 0x00, 0x00, 0x00,
  0x00, 0x00, 0x00, 0x00, 0x00, 0x00, 0x00, 0x00, 0x00, 0x00, 0x00, 0x00,
  0x00, 0x00, 0x00, 0x00, 0x00, 0x00, 0x00, 0x00, 0x00, 0x00, 0x00, 0x00,
  0x00, 0x00, 0x00, 0x00, 0x00, 0x00, 0x00, 0x00, 0x00, 0x00, 0x00, 0x00,
  0x00, 0x00, 0x00, 0x00, 0x00, 0x00, 0x00, 0x00, 0x00, 0x00, 0x00, 0x00,
  0x00, 0x00, 0x00, 0x00, 0x00, 0x00, 0x00, 0x00, 0x00, 0x00, 0x00, 0x00,
  0x00, 0x00, 0x00, 0x00, 0x00, 0x00, 0x00, 0x00, 0x00, 0x00, 0x00, 0x00,
  0x00, 0x00, 0x00, 0x00, 0x00, 0x00, 0x00, 0x00, 0x00, 0x00, 0x00, 0x00,
  0x00, 0x00, 0x00, 0x00, 0x00, 0x00, 0x00, 0x00, 0x00, 0x00, 0x00, 0x00,
  0x00, 0x00, 0x00, 0x00, 0x00, 0x00, 0x00, 0x00, 0x00, 0x00, 0x00, 0x00,
  0x00, 0x00, 0x00, 0x00, 0x00, 0x00, 0x00, 0x00, 0x00, 0x00, 0x00, 0x00,
  0x00, 0x00, 0x00, 0x00, 0x00, 0x00, 0x00, 0x00, 0x00, 0x00, 0x00, 0x00,
  0x00, 0x00, 0x00, 0x00, 0x00, 0x00, 0x00, 0x00, 0x00, 0x00, 0x00, 0x00,
  0x00, 0x00, 0x00, 0x00, 0x00, 0x00, 0x00, 0x00, 0x00, 0x00, 0x00, 0x00,
  0x00, 0x00, 0x00, 0x00, 0x00, 0x00, 0x00, 0x00, 0x00, 0x00, 0x00, 0x00,
  0x00, 0x00, 0x00, 0x00, 0x00, 0x00, 0x00, 0x00, 0x00, 0x00, 0x00, 0x00,
  0x00, 0x00, 0x00, 0x00, 0x00, 0x00, 0x00, 0x00, 0x00, 0x00, 0x00, 0x00,
  0x00, 0x00, 0x00, 0x00, 0x00, 0x00, 0x00, 0x00, 0x00, 0x00, 0x00, 0x00,
  0x00, 0x00, 0x00, 0x00, 0x00, 0x00, 0x00, 0x00, 0x00, 0x00, 0x00, 0x00,
  0x00, 0x00, 0x00, 0x00, 0x00, 0x00, 0x00, 0x00, 0x00, 0x00, 0x00, 0x00,
  0x00, 0x00, 0x00, 0x00, 0x00, 0x00, 0x00, 0x00, 0x00, 0x00, 0x00, 0x00,
  0x00, 0x00, 0x00, 0x00, 0x00, 0x00, 0x00, 0x00, 0x00, 0x00, 0x00, 0x00,
  0x00, 0x00, 0x00, 0x00, 0x00, 0x00, 0x00, 0x00, 0x00, 0x00, 0x00, 0x00,
  0x00, 0x00, 0x00, 0x00, 0x00, 0x00, 0x00, 0x00, 0x00, 0x00, 0x00, 0x00,
  0x00, 0x00, 0x00, 0x00, 0x00, 0x00, 0x00, 0x00, 0x00, 0x00, 0x00, 0x00,
  0x00, 0x00, 0x00, 0x00, 0x00, 0x00, 0x00, 0x00, 0x00, 0x00, 0x00, 0x00,
  0x00, 0x00, 0x00, 0x00, 0x00, 0x00, 0x00, 0x00, 0x00, 0x00, 0x00, 0x00,
  0x00, 0x00, 0x00, 0x00, 0x00, 0x00, 0x00, 0x00, 0x00, 0x00, 0x00, 0x00,
  0x00, 0x00, 0x00, 0x00, 0x00, 0x00, 0x00, 0x00, 0x00, 0x00, 0x00, 0x00,
  0x00, 0x00, 0x00, 0x00, 0x00, 0x00, 0x00, 0x00, 0x00, 0x00, 0x00, 0x00,
  0x00, 0x00, 0x00, 0x00, 0x00, 0x00, 0x00, 0x00, 0x00, 0x00, 0x00, 0x00,
  0x00, 0x00, 0x00, 0x00, 0x00, 0x00, 0x00, 0x00, 0x00, 0x00, 0x00, 0x00,
  0x00, 0x00, 0x00, 0x00, 0x00, 0x00, 0x00, 0x00, 0x00, 0x00, 0x00, 0x00,
  0x00, 0x00, 0x00, 0x00, 0x00, 0x00, 0x00, 0x00, 0x00, 0x00, 0x00, 0x00,
  0x00, 0x00, 0x00, 0x00, 0x00, 0x00, 0x00, 0x00, 0x00, 0x00, 0x00, 0x00,
  0x00, 0x00, 0x00, 0x00, 0x00, 0x00, 0x00, 0x00, 0x00, 0x00, 0x00, 0x00,
  0x00, 0x00, 0x00, 0x00, 0x00, 0x00, 0x00, 0x00, 0x00, 0x00, 0x00, 0x00,
  0x00, 0x00, 0x00, 0x00, 0x00, 0x00, 0x00, 0x00, 0x00, 0x00, 0x00, 0x00,
  0x00, 0x00, 0x00, 0x00, 0x00, 0x00, 0x00, 0x00, 0x00, 0x00, 0x00, 0x00,
  0x00, 0x00, 0x00, 0x00, 0x00, 0x00, 0x00, 0x00, 0x00, 0x00, 0x00, 0x00,
  0x00, 0x00, 0x00, 0x00, 0x00, 0x00, 0x00, 0x00, 0x00, 0x00, 0x00, 0x00,
  0x00, 0x00, 0x00, 0x00, 0x00, 0x00, 0x00, 0x00, 0x00, 0x00, 0x00, 0x00,
  0x00, 0x00, 0x00, 0x00, 0x00, 0x00, 0x00, 0x00, 0x00, 0x00, 0x00, 0x00,
  0x00, 0x00, 0x00, 0x00, 0x00, 0x00, 0x00, 0x00, 0x00, 0x00, 0x00, 0x00,
  0x00, 0x00, 0x00, 0x00, 0x00, 0x00, 0x00, 0x00, 0x00, 0x00, 0x00, 0x00,
  0x00, 0x00, 0x00, 0x00, 0x00, 0x00, 0x00, 0x00, 0x00, 0x00, 0x00, 0x00,
  0x00, 0x00, 0x00, 0x00, 0x00, 0x00, 0x00, 0x00, 0x00, 0x00, 0x00, 0x00,
  0x00, 0x00, 0x00, 0x00, 0x00, 0x00, 0x00, 0x00, 0x00, 0x00, 0x00, 0x00,
  0x00, 0x00, 0x00, 0x00, 0x00, 0x00, 0x00, 0x00, 0x00, 0x00, 0x00, 0x00,
  0x00, 0x00, 0x00, 0x00, 0x00, 0x00, 0x00, 0x00, 0x00, 0x00, 0x00, 0x00,
  0x00, 0x00, 0x00, 0x00, 0x00, 0x00, 0x00, 0x00, 0x00, 0x00, 0x00, 0x00,
  0x00, 0x00, 0x00, 0x00, 0x00, 0x00, 0x00, 0x00, 0x00, 0x00, 0x00, 0x00,
  0x00, 0x00, 0x00, 0x00, 0x00, 0x00, 0x00, 0x00, 0x00, 0x00, 0x00, 0x00,
  0x00, 0x00, 0x00, 0x00, 0x00, 0x00, 0x00, 0x00, 0x00, 0x00, 0x00, 0x00,
  0x00, 0x00, 0x00, 0x00, 0x00, 0x00, 0x00, 0x00, 0x00, 0x00, 0x00, 0x00,
  0x00, 0x00, 0x00, 0x00, 0x00, 0x00, 0x00, 0x00, 0x00, 0x00, 0x00, 0x00,
  0x00, 0x00, 0x00, 0x00, 0x00, 0x00, 0x00, 0x00, 0x00, 0x00, 0x00, 0x00,
  0x00, 0x00, 0x00, 0x00, 0x00, 0x00, 0x00, 0x00, 0x00, 0x00, 0x00, 0x00,
  0x00, 0x00, 0x00, 0x00, 0x00, 0x00, 0x00, 0x00, 0x00, 0x00, 0x00, 0x00,
  0x00, 0x00, 0x00, 0x00, 0x00, 0x00, 0x00, 0x00, 0x00, 0x00, 0x00, 0x00,
  0x00, 0x00, 0x00, 0x00, 0x00, 0x00, 0x00, 0x00, 0x00, 0x00, 0x00, 0x00,
  0x00, 0x00, 0x00, 0x00, 0x00, 0x00, 0x00, 0x00, 0x00, 0x00, 0x00, 0x00,
  0x00, 0x00, 0x00, 0x00, 0x00, 0x00, 0x00, 0x00, 0x00, 0x00, 0x00, 0x00,
  0x00, 0x00, 0x00, 0x00, 0x00, 0x00, 0x00, 0x00, 0x00, 0x00, 0x00, 0x00,
  0x00, 0x00, 0x00, 0x00, 0x00, 0x00, 0x00, 0x00, 0x00, 0x00, 0x00, 0x00,
  0x00, 0x00, 0x00, 0x00, 0x00, 0x00, 0x00, 0x00, 0x00, 0x00, 0x00, 0x00,
  0x00, 0x00, 0x00, 0x00, 0x00, 0x00, 0x00, 0x00, 0x00, 0x00, 0x00, 0x00,
  0x00, 0x00, 0x00, 0x00, 0x00, 0x00, 0x00, 0x00, 0x00, 0x00, 0x00, 0x00,
  0x00, 0x00, 0x00, 0x00, 0x00, 0x00, 0x00, 0x00, 0x00, 0x00, 0x00, 0x00,
  0x00, 0x00, 0x00, 0x00, 0x00, 0x00, 0x00, 0x00, 0x00, 0x00, 0x00, 0x00,
  0x00, 0x00, 0x00, 0x00, 0x00, 0x00, 0x00, 0x00, 0x00, 0x00, 0x00, 0x00,
  0x00, 0x00, 0x00, 0x00, 0x00, 0x00, 0x00, 0x00, 0x00, 0x00, 0x00, 0x00,
  0x00, 0x00, 0x00, 0x00, 0x00, 0x00, 0x00, 0x00, 0x00, 0x00, 0x00, 0x00,
  0x00, 0x00, 0x00, 0x00, 0x00, 0x00, 0x00, 0x00, 0x00, 0x00, 0x00, 0x00,
  0x00, 0x00, 0x00, 0x00, 0x00, 0x00, 0x00, 0x00, 0x00, 0x00, 0x00, 0x00,
  0x00, 0x00, 0x00, 0x00, 0x00, 0x00, 0x00, 0x00, 0x00, 0x00, 0x00, 0x00,
  0x00, 0x00, 0x00, 0x00, 0x00, 0x00, 0x00, 0x00, 0x00, 0x00, 0x00, 0x00,
  0x00, 0x00, 0x00, 0x00, 0x00, 0x00, 0x00, 0x00, 0x00, 0x00, 0x00, 0x00,
  0x00, 0x00, 0x00, 0x00, 0x00, 0x00, 0x00, 0x00, 0x00, 0x00, 0x00, 0x00,
  0x00, 0x00, 0x00, 0x00, 0x00, 0x00, 0x00, 0x00, 0x00, 0x00, 0x00, 0x00,
  0x00, 0x00, 0x00, 0x00, 0x00, 0x00, 0x00, 0x00, 0x00, 0x00, 0x00, 0x00,
  0x00, 0x00, 0x00, 0x00, 0x00, 0x00, 0x00, 0x00, 0x00, 0x00, 0x00, 0x00,
  0x00, 0x00, 0x00, 0x00, 0x00, 0x00, 0x00, 0x00, 0x00, 0x00, 0x00, 0x00,
  0x00, 0x00, 0x00, 0x00, 0x00, 0x00, 0x00, 0x00, 0x00, 0x00, 0x00, 0x00,
  0x00, 0x00, 0x00, 0x00, 0x00, 0x00, 0x00, 0x00, 0x00, 0x00, 0x00, 0x00,
  0x00, 0x00, 0x00, 0x00, 0x00, 0x00, 0x00, 0x00, 0x00, 0x00, 0x00, 0x00,
  0x00, 0x00, 0x00, 0x00, 0x00, 0x00, 0x00, 0x00, 0x00, 0x00, 0x00, 0x00,
  0x00, 0x00, 0x00, 0x00, 0x00, 0x00, 0x00, 0x00, 0x00, 0x00, 0x00, 0x00,
  0x00, 0x00, 0x00, 0x00, 0x00, 0x00, 0x00, 0x00, 0x00, 0x00, 0x00, 0x00,
  0x00, 0x00, 0x00, 0x00, 0x00, 0x00, 0x00, 0x00, 0x00, 0x00, 0x00, 0x00,
  0x00, 0x00, 0x00, 0x00, 0x00, 0x00, 0x00, 0x00, 0x00, 0x00, 0x00, 0x00,
  0x00, 0x00, 0x00, 0x00, 0x00, 0x00, 0x00, 0x00, 0x00, 0x00, 0x00, 0x00,
  0x00, 0x00, 0x00, 0x00, 0x00, 0x00, 0x00, 0x00, 0x00, 0x00, 0x00, 0x00,
  0x00, 0x00, 0x00, 0x00, 0x00, 0x00, 0x00, 0x00, 0x00, 0x00, 0x00, 0x00,
  0x00, 0x00, 0x00, 0x00, 0x00, 0x00, 0x00, 0x00, 0x00, 0x00, 0x00, 0x00,
  0x00, 0x00, 0x00, 0x00, 0x00, 0x00, 0x00, 0x00, 0x00, 0x00, 0x00, 0x00,
  0x00, 0x00, 0x00, 0x00, 0x00, 0x00, 0x00, 0x00, 0x00, 0x00, 0x00, 0x00,
  0x00, 0x00, 0x00, 0x00, 0x00, 0x00, 0x00, 0x00, 0x00, 0x00, 0x00, 0x00,
  0x00, 0x00, 0x00, 0x00, 0x00, 0x00, 0x00, 0x00, 0x00, 0x00, 0x00, 0x00,
  0x00, 0x00, 0x00, 0x00, 0x00, 0x00, 0x00, 0x00, 0x00, 0x00, 0x00, 0x00,
  0x00, 0x00, 0x00, 0x00, 0x00, 0x00, 0x00, 0x00, 0x00, 0x00, 0x00, 0x00,
  0x00, 0x00, 0x00, 0x00, 0x00, 0x00, 0x00, 0x00, 0x00, 0x00, 0x00, 0x00,
  0x00, 0x00, 0x00, 0x00, 0x00, 0x00, 0x00, 0x00, 0x00, 0x00, 0x00, 0x00,
  0x00, 0x00, 0x00, 0x00, 0x00, 0x00, 0x00, 0x00, 0x00, 0x00, 0x00, 0x00,
  0x00, 0x00, 0x00, 0x00, 0x00, 0x00, 0x00, 0x00, 0x00, 0x00, 0x00, 0x00,
  0x00, 0x00, 0x00, 0x00, 0x00, 0x00, 0x00, 0x00, 0x00, 0x00, 0x00, 0x00,
  0x00, 0x00, 0x00, 0x00, 0x00, 0x00, 0x00, 0x00, 0x00, 0x00, 0x00, 0x00,
  0x00, 0x00, 0x00, 0x00, 0x00, 0x00, 0x00, 0x00, 0x00, 0x00, 0x00, 0x00,
  0x00, 0x00, 0x00, 0x00, 0x00, 0x00, 0x00, 0x00, 0x00, 0x00, 0x00, 0x00,
  0x00, 0x00, 0x00, 0x00, 0x00, 0x00, 0x00, 0x00, 0x00, 0x00, 0x00, 0x00,
  0x00, 0x00, 0x00, 0x00, 0x00, 0x00, 0x00, 0x00, 0x00, 0x00, 0x00, 0x00,
  0x00, 0x00, 0x00, 0x00, 0x00, 0x00, 0x00, 0x00, 0x00, 0x00, 0x00, 0x00,
  0x00, 0x00, 0x00, 0x00, 0x00, 0x00, 0x00, 0x00, 0x00, 0x00, 0x00, 0x00,
  0x00, 0x00, 0x00, 0x00, 0x00, 0x00, 0x00, 0x00, 0x00, 0x00, 0x00, 0x00,
  0x00, 0x00, 0x00, 0x00, 0x00, 0x00, 0x00, 0x00, 0x00, 0x00, 0x00, 0x00,
  0x00, 0x00, 0x00, 0x00, 0x00, 0x00, 0x00, 0x00, 0x00, 0x00, 0x00, 0x00,
  0x00, 0x00, 0x00, 0x00, 0x00, 0x00, 0x00, 0x00, 0x00, 0x00, 0x00, 0x00,
  0x00, 0x00, 0x00, 0x00, 0x00, 0x00, 0x00, 0x00, 0x00, 0x00, 0x00, 0x00,
  0x00, 0x00, 0x00, 0x00, 0x00, 0x00, 0x00, 0x00, 0x00, 0x00, 0x00, 0x00,
  0x00, 0x00, 0x00, 0x00, 0x00, 0x00, 0x00, 0x00, 0x00, 0x00, 0x00, 0x00,
  0x00, 0x00, 0x00, 0x00, 0x00, 0x00, 0x00, 0x00, 0x00, 0x00, 0x00, 0x00,
  0x00, 0x00, 0x00, 0x00, 0x00, 0x00, 0x00, 0x00, 0x00, 0x00, 0x00, 0x00,
  0x00, 0x00, 0x00, 0x00, 0x00, 0x00, 0x00, 0x00, 0x00, 0x00, 0x00, 0x00,
  0x00, 0x00, 0x00, 0x00, 0x00, 0x00, 0x00, 0x00, 0x00, 0x00, 0x00, 0x00,
  0x00, 0x00, 0x00, 0x00, 0x00, 0x00, 0x00, 0x00, 0x00, 0x00, 0x00, 0x00,
  0x00, 0x00, 0x00, 0x00, 0x00, 0x00, 0x00, 0x00, 0x00, 0x00, 0x00, 0x00,
  0x00, 0x00, 0x00, 0x00, 0x00, 0x00, 0x00, 0x00, 0x00, 0x00, 0x00, 0x00,
  0x00, 0x00, 0x00, 0x00, 0x00, 0x00, 0x00, 0x00, 0x00, 0x00, 0x00, 0x00,
  0x00, 0x00, 0x00, 0x00, 0x00, 0x00, 0x00, 0x00, 0x00, 0x00, 0x00, 0x00,
  0x00, 0x00, 0x00, 0x00, 0x00, 0x00, 0x00, 0x00, 0x00, 0x00, 0x00, 0x00,
  0x00, 0x00, 0x00, 0x00, 0x00, 0x00, 0x00, 0x00, 0x00, 0x00, 0x00, 0x00,
  0x00, 0x00, 0x00, 0x00, 0x00, 0x00, 0x00, 0x00, 0x00, 0x00, 0x00, 0x00,
  0x00, 0x00, 0x00, 0x00, 0x00, 0x00, 0x00, 0x00, 0x00, 0x00, 0x00, 0x00,
  0x00, 0x00, 0x00, 0x00, 0x00, 0x00, 0x00, 0x00, 0x00, 0x00, 0x00, 0x00,
  0x00, 0x00, 0x00, 0x00, 0x00, 0x00, 0x00, 0x00, 0x00, 0x00, 0x00, 0x00,
  0x00, 0x00, 0x00, 0x00, 0x00, 0x00, 0x00, 0x00, 0x00, 0x00, 0x00, 0x00,
  0x00, 0x00, 0x00, 0x00, 0x00, 0x00, 0x00, 0x00, 0x00, 0x00, 0x00, 0x00,
  0x00, 0x00, 0x00, 0x00, 0x00, 0x00, 0x00, 0x00, 0x00, 0x00, 0x00, 0x00,
  0x00, 0x00, 0x00, 0x00, 0x00, 0x00, 0x00, 0x00, 0x00, 0x00, 0x00, 0x00,
  0x00, 0x00, 0x00, 0x00, 0x00, 0x00, 0x00, 0x00, 0x00, 0x00, 0x00, 0x00,
  0x00, 0x00, 0x00, 0x00, 0x00, 0x00, 0x00, 0x00, 0x00, 0x00, 0x00, 0x00,
  0x00, 0x00, 0x00, 0x00, 0x00, 0x00, 0x00, 0x00, 0x00, 0x00, 0x00, 0x00,
  0x00, 0x00, 0x00, 0x00, 0x00, 0x00, 0x00, 0x00, 0x00, 0x00, 0x00, 0x00,
  0x00, 0x00, 0x00, 0x00, 0x00, 0x00, 0x00, 0x00, 0x00, 0x00, 0x00, 0x00,
  0x00, 0x00, 0x00, 0x00, 0x00, 0x00, 0x00, 0x00, 0x00, 0x00, 0x00, 0x00,
  0x00, 0x00, 0x00, 0x00, 0x00, 0x00, 0x00, 0x00, 0x00, 0x00, 0x00, 0x00,
  0x00, 0x00, 0x00, 0x00, 0x00, 0x00, 0x00, 0x00, 0x00, 0x00, 0x00, 0x00,
  0x00, 0x00, 0x00, 0x00, 0x00, 0x00, 0x00, 0x00, 0x00, 0x00, 0x00, 0x00,
  0x00, 0x00, 0x00, 0x00, 0x00, 0x00, 0x00, 0x00, 0x00, 0x00, 0x00, 0x00,
  0x00, 0x00, 0x00, 0x00, 0x00, 0x00, 0x00, 0x00, 0x00, 0x00, 0x00, 0x00,
  0x00, 0x00, 0x00, 0x00, 0x00, 0x00, 0x00, 0x00, 0x00, 0x00, 0x00, 0x00,
  0x00, 0x00, 0x00, 0x00, 0x00, 0x00, 0x00, 0x00, 0x00, 0x00, 0x00, 0x00,
  0x00, 0x00, 0x00, 0x00, 0x00, 0x00, 0x00, 0x00, 0x00, 0x00, 0x00, 0x00,
  0x00, 0x00, 0x00, 0x00, 0x00, 0x00, 0x00, 0x00, 0x00, 0x00, 0x00, 0x00,
  0x00, 0x00, 0x00, 0x00, 0x00, 0x00, 0x00, 0x00, 0x00, 0x00, 0x00, 0x00,
  0x00, 0x00, 0x00, 0x00, 0x00, 0x00, 0x00, 0x00, 0x00, 0x00, 0x00, 0x00,
  0x00, 0x00, 0x00, 0x00, 0x00, 0x00, 0x00, 0x00, 0x00, 0x00, 0x00, 0x00,
  0x00, 0x00, 0x00, 0x00, 0x00, 0x00, 0x00, 0x00, 0x00, 0x00, 0x00, 0x00,
  0x00, 0x00, 0x00, 0x00
};
unsigned int bootanimation_len = 42640;

static const unsigned char bootanimation_end[] = {
  0x00, 0x00, 0x00, 0x00, 0x00, 0x00, 0x00, 0x00, 0x00, 0x00, 0x00, 0x00,
  0x00, 0x00, 0x00, 0x00, 0x00, 0x00, 0x00, 0x00, 0x00, 0x00, 0x00, 0x00,
  0x00, 0x00, 0x00, 0x00, 0x00, 0x00, 0x00, 0x00, 0x00, 0x00, 0x00, 0x00,
  0x00, 0x00, 0x00, 0x00, 0x00, 0x00, 0x00, 0x00, 0x00, 0x00, 0x00, 0x00,
  0x00, 0x00, 0x00, 0x00, 0x00, 0x00, 0x00, 0x00, 0x00, 0x00, 0x00, 0x00,
  0x00, 0x00, 0x00, 0x00, 0x00, 0x00, 0x00, 0x00, 0x00, 0x00, 0x00, 0x00,
  0x00, 0x00, 0x00, 0x00, 0x00, 0x00, 0x00, 0x00, 0x00, 0x00, 0x00, 0x00,
  0x00, 0x00, 0x00, 0x00, 0x00, 0x00, 0x00, 0x00, 0x00, 0x00, 0x00, 0x00,
  0x00, 0x00, 0x00, 0x00, 0x00, 0x00, 0x00, 0x00, 0x00, 0x00, 0x00, 0x00,
  0x00, 0x00, 0x00, 0x00, 0x00, 0x00, 0x00, 0x00, 0x00, 0x00, 0x00, 0x00,
  0x00, 0x00, 0x00, 0x00, 0x00, 0x00, 0x00, 0x00, 0x00, 0x00, 0x00, 0x00,
  0x00, 0x00, 0x00, 0x00, 0x00, 0x00, 0x00, 0x00, 0x00, 0x00, 0x00, 0x00,
  0x00, 0x00, 0x00, 0x00, 0x00, 0x00, 0x00, 0x00, 0x00, 0x00, 0x00, 0x00,
  0x00, 0x00, 0x00, 0x00, 0x00, 0x00, 0x00, 0x00, 0x00, 0x00, 0x00, 0x00,
  0x00, 0x0b, 0x00, 0x00, 0x00, 0x00, 0x00, 0x00, 0x00, 0x00, 0x00, 0x00,
  0x00, 0x00, 0x00, 0x00, 0x00, 0x00, 0x00, 0x00, 0x00, 0x00, 0x00, 0x00,
  0x00, 0x00, 0x00, 0x00, 0x00, 0x00, 0x00, 0x00, 0x00, 0x00, 0x00, 0x00,
  0x00, 0x00, 0x00, 0x00, 0x00, 0x00, 0x00, 0x00, 0x00, 0x00, 0x00, 0x00,
  0x00, 0x00, 0x00, 0x00, 0x00, 0x00, 0x00, 0x00, 0x00, 0x00, 0x00, 0x00,
  0x00, 0x00, 0x00, 0x00, 0x00, 0x00, 0x00, 0x00, 0x00, 0x00, 0x00, 0x00,
  0x00, 0x00, 0x00, 0x00, 0x00, 0x00, 0x00, 0x00, 0x00, 0x00, 0x00, 0x00,
  0x00, 0x00, 0x00, 0x00, 0x00, 0x00, 0x00, 0x00, 0x00, 0x00, 0x00, 0x00,
  0x00, 0x00, 0x00, 0x00, 0x00, 0x00, 0x00, 0x00, 0x00, 0x0d, 0x00, 0x00,
  0x00, 0x00, 0x00, 0x00, 0x00, 0x00, 0x00, 0x00, 0x00, 0x00, 0x00, 0x00,
  0x00, 0x00, 0x00, 0x00, 0x00, 0x00, 0x00, 0x00, 0x00, 0x00, 0x00, 0x00,
  0x00, 0x00, 0x00, 0x00, 0x00, 0x00, 0x00, 0x00, 0x00, 0x00, 0x00, 0x00,
  0x00, 0x00, 0x00, 0x00, 0x00, 0x00, 0x00, 0x00, 0x00, 0x00, 0x00, 0x00,
  0x00, 0x00, 0x00, 0x00, 0x00, 0x00, 0x00, 0x00, 0x00, 0x00, 0x00, 0x00,
  0x00, 0x00, 0x00, 0x00, 0x00, 0x00, 0x00, 0x00, 0x00, 0x00, 0x00, 0x00,
  0x00, 0x00, 0x00, 0x00, 0x00, 0x00, 0x00, 0x00, 0x00, 0x00, 0x00, 0x00,
  0x00, 0x00, 0x00, 0x00, 0x00, 0x00, 0x00, 0x00, 0x00, 0x00, 0x00, 0x00,
  0x00, 0x00, 0x00, 0x00, 0x00, 0x0e, 0x00, 0x00, 0x00, 0x00, 0x00, 0x00,
  0x00, 0x00, 0x00, 0x00, 0x00, 0x00, 0x00, 0x00, 0x00, 0x00, 0x00, 0x00,
  0x00, 0x00, 0x00, 0x00, 0x00, 0x00, 0x00, 0x00, 0x00, 0x00, 0x00, 0x00,
  0x00, 0x00, 0x00, 0x00, 0x00, 0x00, 0x00, 0x00, 0x00, 0x00, 0x00, 0x00,
  0x00, 0x00, 0x00, 0x00, 0x00, 0x00, 0x00, 0x00, 0x00, 0x00, 0x00, 0x00,
  0x00, 0x00, 0x00, 0x00, 0x00, 0x00, 0x00, 0x00, 0x00, 0x00, 0x00, 0x00,
  0x00, 0x00, 0x00, 0x00, 0x00, 0x00, 0x00, 0x00, 0x00, 0x00, 0x00, 0x00,
  0x00, 0x00, 0x00, 0x00, 0x00, 0x00, 0x00, 0x00, 0x00, 0x00, 0x00, 0x00,
  0x0f, 0x00, 0x00, 0x00, 0x00, 0x00, 0x00, 0x00, 0x00, 0x00, 0x00, 0x00,
  0x00, 0x09, 0x00, 0x00, 0x00, 0x00, 0x00, 0x00, 0x00, 0x00, 0x00, 0x00,
  0x00, 0x00, 0x00, 0x00, 0x00, 0x00, 0x00, 0x00, 0x00, 0x00, 0x00, 0x00,
  0x00, 0x00, 0x00, 0x00, 0x00, 0x00, 0x00, 0x00, 0x00, 0x00, 0x00, 0x00,
  0x00, 0x00, 0x00, 0x00, 0x00, 0x00, 0x00, 0x00, 0x00, 0x00, 0x00, 0x00,
  0x00, 0x00, 0x00, 0x00, 0x00, 0x00, 0x00, 0x00, 0x00, 0x00, 0x00, 0x00,
  0x00, 0x00, 0x00, 0x00, 0x00, 0x00, 0x00, 0x00, 0x00, 0x00, 0x00, 0x00,
  0x00, 0x00, 0x00, 0x00, 0x00, 0x00, 0x00, 0x00, 0x00, 0x00, 0x00, 0x00,
  0x00, 0x00, 0x00, 0x00, 0x00, 0x00, 0x00, 0x00, 0x23, 0x00, 0x00, 0x00,
  0x00, 0x00, 0x00, 0x00, 0x00, 0x00, 0x00, 0x00, 0x00, 0x00, 0x00, 0x00,
  0x00, 0x00, 0x00, 0x00, 0x00, 0x00, 0x00, 0x00, 0x00, 0x00, 0x00, 0x00,
  0x00, 0x00, 0x00, 0x00, 0x00, 0x00, 0x00, 0x00, 0x00, 0x00, 0x00, 0x00,
  0x00, 0x00, 0x00, 0x00, 0x00, 0x00, 0x00, 0x00, 0x00, 0x00, 0x00, 0x00,
  0x00, 0x00, 0x00, 0x00, 0x00, 0x00, 0x00, 0x00, 0x00, 0x00, 0x00, 0x00,
  0x00, 0x00, 0x00, 0x00, 0x00, 0x00, 0x00, 0x00, 0x00, 0x00, 0x00, 0x00,
  0x00, 0x00, 0x00, 0x00, 0x00, 0x00, 0x00, 0x00, 0x00, 0x00, 0x00, 0x00,
  0x00, 0x00, 0x00, 0x00, 0x00, 0x00, 0x00, 0x00, 0x00, 0x00, 0x00, 0x00,
  0x00, 0x00, 0x00, 0x00, 0x30, 0x00, 0x00, 0x00, 0x00, 0x00, 0x00, 0x00,
  0x00, 0x00, 0x00, 0x00, 0x00, 0x00, 0x00, 0x00, 0x00, 0x00, 0x00, 0x00,
  0x00, 0x00, 0x00, 0x00, 0x00, 0x00, 0x00, 0x00, 0x00, 0x00, 0x00, 0x00,
  0x00, 0x00, 0x00, 0x00, 0x00, 0x00, 0x00, 0x00, 0x00, 0x00, 0x00, 0x00,
  0x00, 0x00, 0x00, 0x00, 0x00, 0x00, 0x00, 0x00, 0x00, 0x00, 0x00, 0x00,
  0x00, 0x00, 0x00, 0x00, 0x00, 0x00, 0x00, 0x00, 0x00, 0x00, 0x00, 0x00,
  0x00, 0x00, 0x00, 0x00, 0x00, 0x00, 0x00, 0x00, 0x00, 0x00, 0x00, 0x00,
  0x00, 0x00, 0x00, 0x00, 0x00, 0x00, 0x00, 0x00, 0x00, 0x00, 0x00, 0x14,
  0x00, 0x00, 0x00, 0x00, 0x00, 0x00, 0x00, 0x00, 0x00, 0x00, 0x00, 0x00,
  0x29, 0x00, 0x00, 0x00, 0x00, 0x00, 0x00, 0x00, 0x00, 0x00, 0x00, 0x00,
  0x00, 0x00, 0x00, 0x00, 0x00, 0x00, 0x00, 0x00, 0x00, 0x00, 0x00, 0x00,
  0x00, 0x00, 0x00, 0x00, 0x00, 0x00, 0x00, 0x00, 0x00, 0x00, 0x00, 0x00,
  0x00, 0x00, 0x00, 0x00, 0x00, 0x00, 0x00, 0x00, 0x00, 0x00, 0x00, 0x00,
  0x00, 0x00, 0x00, 0x00, 0x00, 0x00, 0x00, 0x00, 0x00, 0x00, 0x00, 0x00,
  0x00, 0x00, 0x00, 0x00, 0x00, 0x00, 0x00, 0x00, 0x00, 0x00, 0x00, 0x00,
  0x00, 0x00, 0x00, 0x00, 0x00, 0x00, 0x00, 0x00, 0x00, 0x00, 0x00, 0x00,
  0x00, 0x00, 0x00, 0x00, 0x00, 0x00, 0x00, 0x34, 0x00, 0x00, 0x00, 0x00,
  0x00, 0x00, 0x00, 0x00, 0x00, 0x00, 0x00, 0x00, 0x13, 0x00, 0x00, 0x00,
  0x00, 0x00, 0x00, 0x00, 0x00, 0x00, 0x00, 0x00, 0x00, 0x00, 0x00, 0x00,
  0x00, 0x00, 0x00, 0x00, 0x00, 0x00, 0x00, 0x00, 0x00, 0x00, 0x00, 0x00,
  0x00, 0x00, 0x00, 0x00, 0x00, 0x00, 0x00, 0x00, 0x00, 0x00, 0x00, 0x00,
  0x00, 0x00, 0x00, 0x00, 0x00, 0x00, 0x00, 0x00, 0x00, 0x00, 0x00, 0x00,
  0x00, 0x00, 0x00, 0x00, 0x00, 0x00, 0x00, 0x00, 0x00, 0x00, 0x00, 0x00,
  0x00, 0x00, 0x00, 0x00, 0x00, 0x00, 0x00, 0x00, 0x00, 0x00, 0x00, 0x00,
  0x00, 0x00, 0x06, 0x00, 0x00, 0x00, 0x00, 0x00, 0x00, 0x00, 0x00, 0x00,
  0x00, 0x00, 0x00, 0x3c, 0x06, 0x00, 0x00, 0x00, 0x00, 0x00, 0x00, 0x00,
  0x00, 0x00, 0x00, 0x00, 0x00, 0x00, 0x00, 0x00, 0x00, 0x00, 0x00, 0x00,
  0x00, 0x00, 0x00, 0x00, 0x00, 0x00, 0x00, 0x00, 0x00, 0x00, 0x00, 0x00,
  0x00, 0x00, 0x00, 0x00, 0x00, 0x00, 0x00, 0x00, 0x00, 0x00, 0x00, 0x00,
  0x00, 0x00, 0x00, 0x00, 0x00, 0x00, 0x00, 0x00, 0x00, 0x00, 0x00, 0x00,
  0x00, 0x00, 0x00, 0x00, 0x00, 0x00, 0x00, 0x00, 0x00, 0x00, 0x00, 0x00,
  0x00, 0x00, 0x00, 0x00, 0x00, 0x00, 0x00, 0x00, 0x00, 0x00, 0x00, 0x00,
  0x00, 0x00, 0x00, 0x00, 0x00, 0x00, 0x00, 0x00, 0x00, 0x00, 0x25, 0x0c,
  0x00, 0x00, 0x00, 0x00, 0x00, 0x00, 0x00, 0x00, 0x00, 0x00, 0x00, 0x26,
  0x0a, 0x00, 0x00, 0x00, 0x00, 0x00, 0x00, 0x00, 0x00, 0x00, 0x00, 0x00,
  0x00, 0x00, 0x00, 0x00, 0x00, 0x00, 0x00, 0x00, 0x00, 0x00, 0x00, 0x00,
  0x00, 0x00, 0x00, 0x00, 0x00, 0x00, 0x00, 0x00, 0x00, 0x00, 0x00, 0x00,
  0x00, 0x00, 0x00, 0x00, 0x00, 0x00, 0x00, 0x00, 0x00, 0x00, 0x00, 0x00,
  0x00, 0x00, 0x00, 0x00, 0x00, 0x00, 0x00, 0x00, 0x00, 0x00, 0x00, 0x00,
  0x00, 0x00, 0x00, 0x00, 0x00, 0x00, 0x00, 0x00, 0x00, 0x00, 0x00, 0x00,
  0x00, 0x00, 0x00, 0x00, 0x00, 0x00, 0x00, 0x00, 0x00, 0x00, 0x00, 0x00,
  0x00, 0x00, 0x00, 0x00, 0x00, 0x00, 0x23, 0x2d, 0x00, 0x00, 0x00, 0x00,
  0x00, 0x00, 0x00, 0x00, 0x00, 0x00, 0x00, 0x0f, 0x08, 0x00, 0x00, 0x00,
  0x00, 0x00, 0x00, 0x00, 0x00, 0x00, 0x00, 0x00, 0x00, 0x00, 0x00, 0x00,
  0x00, 0x00, 0x00, 0x00, 0x00, 0x00, 0x00, 0x00, 0x00, 0x00, 0x00, 0x00,
  0x00, 0x00, 0x00, 0x00, 0x00, 0x00, 0x00, 0x00, 0x00, 0x00, 0x00, 0x00,
  0x00, 0x00, 0x00, 0x00, 0x00, 0x00, 0x00, 0x00, 0x00, 0x00, 0x00, 0x00,
  0x00, 0x00, 0x00, 0x00, 0x00, 0x00, 0x00, 0x00, 0x00, 0x00, 0x00, 0x00,
  0x00, 0x00, 0x00, 0x00, 0x00, 0x00, 0x00, 0x00, 0x00, 0x00, 0x00, 0x00,
  0x00, 0x00, 0x2d, 0x00, 0x00, 0x00, 0x00, 0x00, 0x00, 0x00, 0x00, 0x00,
  0x00, 0x00, 0x0c, 0x3b, 0x00, 0x00, 0x00, 0x00, 0x00, 0x00, 0x00, 0x00,
  0x00, 0x00, 0x00, 0x01, 0x06, 0x00, 0x00, 0x00, 0x00, 0x00, 0x00, 0x00,
  0x00, 0x00, 0x00, 0x00, 0x00, 0x00, 0x00, 0x00, 0x00, 0x00, 0x00, 0x00,
  0x00, 0x00, 0x00, 0x00, 0x00, 0x00, 0x00, 0x00, 0x00, 0x00, 0x00, 0x00,
  0x00, 0x00, 0x00, 0x00, 0x00, 0x00, 0x00, 0x00, 0x00, 0x00, 0x00, 0x00,
  0x00, 0x00, 0x00, 0x00, 0x00, 0x00, 0x00, 0x00, 0x00, 0x00, 0x00, 0x00,
  0x00, 0x00, 0x00, 0x00, 0x00, 0x00, 0x00, 0x00, 0x00, 0x00, 0x00, 0x00,
  0x00, 0x00, 0x00, 0x00, 0x00, 0x00, 0x00, 0x00, 0x00, 0x00, 0x40, 0x18,
  0x00, 0x00, 0x00, 0x00, 0x00, 0x00, 0x00, 0x00, 0x00, 0x00, 0x00, 0x35,
  0x00, 0x00, 0x00, 0x00, 0x00, 0x00, 0x00, 0x00, 0x00, 0x00, 0x00, 0x00,
  0x03, 0x00, 0x00, 0x00, 0x00, 0x00, 0x00, 0x00, 0x00, 0x00, 0x00, 0x00,
  0x00, 0x00, 0x00, 0x00, 0x00, 0x00, 0x00, 0x00, 0x00, 0x00, 0x00, 0x00,
  0x00, 0x00, 0x00, 0x00, 0x00, 0x00, 0x00, 0x00, 0x00, 0x00, 0x00, 0x00,
  0x00, 0x00, 0x00, 0x00, 0x00, 0x00, 0x00, 0x00, 0x00, 0x00, 0x00, 0x00,
  0x00, 0x00, 0x00, 0x00, 0x00, 0x00, 0x00, 0x00, 0x00, 0x00, 0x00, 0x00,
  0x00, 0x00, 0x00, 0x00, 0x00, 0x00, 0x0b, 0x00, 0x00, 0x00, 0x00, 0x00,
  0x00, 0x00, 0x00, 0x00, 0x00, 0x00, 0x27, 0x4a, 0x00, 0x00, 0x00, 0x00,
  0x00, 0x00, 0x00, 0x00, 0x00, 0x00, 0x00, 0x2b, 0x00, 0x00, 0x00, 0x00,
  0x00, 0x00, 0x00, 0x00, 0x00, 0x00, 0x00, 0x00, 0x00, 0x00, 0x00, 0x00,
  0x00, 0x00, 0x00, 0x00, 0x00, 0x00, 0x00, 0x00, 0x00, 0x00, 0x00, 0x00,
  0x00, 0x00, 0x00, 0x00, 0x00, 0x00, 0x00, 0x00, 0x00, 0x00, 0x00, 0x00,
  0x00, 0x00, 0x00, 0x00, 0x00, 0x00, 0x00, 0x00, 0x00, 0x00, 0x00, 0x00,
  0x00, 0x00, 0x00, 0x00, 0x00, 0x00, 0x00, 0x00, 0x00, 0x00, 0x00, 0x00,
  0x00, 0x00, 0x00, 0x00, 0x00, 0x00, 0x00, 0x00, 0x00, 0x00, 0x00, 0x00,
  0x00, 0x00, 0x14, 0x10, 0x00, 0x00, 0x00, 0x00, 0x00, 0x00, 0x00, 0x00,
  0x00, 0x00, 0x0f, 0x54, 0x0a, 0x00, 0x00, 0x00, 0x00, 0x00, 0x00, 0x00,
  0x00, 0x00, 0x00, 0x1f, 0x00, 0x00, 0x00, 0x00, 0x00, 0x00, 0x00, 0x00,
  0x00, 0x00, 0x00, 0x00, 0x00, 0x00, 0x00, 0x00, 0x00, 0x00, 0x00, 0x00,
  0x00, 0x00, 0x00, 0x00, 0x00, 0x00, 0x00, 0x00, 0x00, 0x00, 0x00, 0x00,
  0x00, 0x00, 0x00, 0x00, 0x00, 0x00, 0x00, 0x00, 0x00, 0x00, 0x00, 0x00,
  0x00, 0x00, 0x00, 0x00, 0x00, 0x00, 0x00, 0x00, 0x00, 0x00, 0x00, 0x00,
  0x00, 0x00, 0x00, 0x00, 0x00, 0x00, 0x00, 0x00, 0x00, 0x00, 0x00, 0x00,
  0x00, 0x00, 0x00, 0x00, 0x00, 0x00, 0x00, 0x00, 0x00, 0x00, 0x05, 0x3a,
  0x00, 0x00, 0x00, 0x00, 0x00, 0x00, 0x00, 0x00, 0x00, 0x00, 0x01, 0x46,
  0x25, 0x00, 0x00, 0x00, 0x00, 0x00, 0x00, 0x00, 0x00, 0x00, 0x00, 0x13,
  0x00, 0x00, 0x00, 0x00, 0x00, 0x00, 0x00, 0x00, 0x00, 0x00, 0x00, 0x00,
  0x00, 0x00, 0x00, 0x00, 0x00, 0x00, 0x00, 0x00, 0x00, 0x00, 0x00, 0x00,
  0x00, 0x00, 0x00, 0x00, 0x00, 0x00, 0x00, 0x00, 0x00, 0x00, 0x00, 0x00,
  0x00, 0x00, 0x00, 0x00, 0x00, 0x00, 0x00, 0x00, 0x00, 0x00, 0x00, 0x00,
  0x00, 0x00, 0x00, 0x00, 0x00, 0x00, 0x00, 0x00, 0x00, 0x00, 0x00, 0x00,
  0x00, 0x00, 0x00, 0x00, 0x00, 0x00, 0x00, 0x00, 0x00, 0x00, 0x00, 0x00,
  0x00, 0x00, 0x00, 0x00, 0x00, 0x00, 0x00, 0x39, 0x26, 0x00, 0x00, 0x00,
  0x00, 0x00, 0x00, 0x00, 0x00, 0x00, 0x00, 0x38, 0x29, 0x0c, 0x00, 0x00,
  0x00, 0x00, 0x00, 0x00, 0x00, 0x00, 0x00, 0x08, 0x00, 0x00, 0x00, 0x00,
  0x00, 0x00, 0x00, 0x00, 0x00, 0x00, 0x00, 0x00, 0x00, 0x00, 0x00, 0x00,
  0x00, 0x00, 0x00, 0x00, 0x00, 0x00, 0x00, 0x00, 0x00, 0x00, 0x00, 0x00,
  0x00, 0x00, 0x00, 0x00, 0x00, 0x00, 0x00, 0x00, 0x00, 0x00, 0x00, 0x00,
  0x00, 0x00, 0x00, 0x00, 0x00, 0x00, 0x00, 0x00, 0x00, 0x00, 0x00, 0x00,
  0x00, 0x00, 0x00, 0x00, 0x00, 0x00, 0x00, 0x00, 0x00, 0x00, 0x00, 0x00,
  0x00, 0x00, 0x00, 0x00, 0x00, 0x00, 0x00, 0x00, 0x00, 0x00, 0x00, 0x00,
  0x00, 0x00, 0x00, 0x27, 0x42, 0x01, 0x00, 0x00, 0x00, 0x00, 0x00, 0x00,
  0x00, 0x00, 0x00, 0x2b, 0x24, 0x23, 0x00, 0x00, 0x00, 0x00, 0x00, 0x00,
  0x00, 0x00, 0x00, 0x00, 0x00, 0x00, 0x00, 0x00, 0x00, 0x00, 0x00, 0x00,
  0x00, 0x00, 0x00, 0x00, 0x00, 0x00, 0x00, 0x00, 0x00, 0x00, 0x00, 0x00,
  0x00, 0x00, 0x00, 0x00, 0x00, 0x00, 0x00, 0x00, 0x00, 0x00, 0x00, 0x00,
  0x00, 0x00, 0x00, 0x00, 0x00, 0x00, 0x00, 0x00, 0x00, 0x00, 0x00, 0x00,
  0x00, 0x00, 0x00, 0x00, 0x00, 0x00, 0x00, 0x00, 0x00, 0x00, 0x00, 0x00,
  0x00, 0x00, 0x00, 0x00, 0x00, 0x00, 0x00, 0x00, 0x00, 0x00, 0x00, 0x00,
  0x00, 0x00, 0x00, 0x00, 0x00, 0x00, 0x00, 0x00, 0x00, 0x00, 0x00, 0x1d,
  0x3a, 0x20, 0x00, 0x00, 0x00, 0x00, 0x00, 0x00, 0x00, 0x00, 0x00, 0x1f,
  0x20, 0x22, 0x2a, 0x00, 0x00, 0x00, 0x00, 0x00, 0x00, 0x00, 0x00, 0x00,
  0x00, 0x00, 0x00, 0x00, 0x00, 0x00, 0x00, 0x00, 0x00, 0x00, 0x00, 0x00,
  0x00, 0x00, 0x00, 0x00, 0x00, 0x00, 0x00, 0x00, 0x00, 0x00, 0x00, 0x00,
  0x00, 0x00, 0x00, 0x00, 0x00, 0x00, 0x00, 0x00, 0x00, 0x00, 0x00, 0x00,
  0x00, 0x00, 0x00, 0x00, 0x00, 0x00, 0x00, 0x00, 0x00, 0x00, 0x00, 0x00,
  0x00, 0x00, 0x00, 0x00, 0x00, 0x00, 0x00, 0x00, 0x00, 0x00, 0x00, 0x00,
  0x00, 0x00, 0x00, 0x00, 0x00, 0x00, 0x00, 0x00, 0x00, 0x00, 0x00, 0x00,
  0x00, 0x00, 0x00, 0x00, 0x00, 0x00, 0x00, 0x13, 0x2f, 0x23, 0x00, 0x00,
  0x00, 0x00, 0x00, 0x00, 0x00, 0x00, 0x00, 0x14, 0x1d, 0x18, 0x49, 0x13,
  0x00, 0x00, 0x00, 0x00, 0x00, 0x00, 0x00, 0x00, 0x00, 0x00, 0x00, 0x00,
  0x00, 0x00, 0x00, 0x00, 0x00, 0x00, 0x00, 0x00, 0x00, 0x00, 0x00, 0x00,
  0x00, 0x00, 0x00, 0x00, 0x00, 0x00, 0x00, 0x00, 0x00, 0x00, 0x00, 0x00,
  0x00, 0x00, 0x00, 0x00, 0x00, 0x00, 0x00, 0x00, 0x00, 0x00, 0x00, 0x00,
  0x00, 0x00, 0x00, 0x00, 0x00, 0x00, 0x00, 0x00, 0x00, 0x00, 0x00, 0x00,
  0x00, 0x00, 0x00, 0x00, 0x00, 0x00, 0x00, 0x00, 0x00, 0x00, 0x00, 0x00,
  0x00, 0x00, 0x00, 0x00, 0x00, 0x00, 0x00, 0x00, 0x00, 0x00, 0x00, 0x00,
  0x00, 0x00, 0x00, 0x0c, 0x27, 0x1d, 0x00, 0x00, 0x00, 0x00, 0x00, 0x00,
  0x00, 0x00, 0x00, 0x0c, 0x1a, 0x14, 0x45, 0x4c, 0x00, 0x00, 0x00, 0x00,
  0x00, 0x00, 0x00, 0x00, 0x00, 0x00, 0x00, 0x00, 0x00, 0x00, 0x00, 0x00,
  0x00, 0x00, 0x00, 0x00, 0x00, 0x00, 0x00, 0x00, 0x00, 0x00, 0x00, 0x00,
  0x00, 0x00, 0x00, 0x00, 0x00, 0x00, 0x00, 0x00, 0x00, 0x00, 0x00, 0x00,
  0x00, 0x00, 0x00, 0x00, 0x00, 0x00, 0x00, 0x00, 0x00, 0x00, 0x00, 0x00,
  0x00, 0x00, 0x00, 0x00, 0x00, 0x00, 0x00, 0x00, 0x00, 0x00, 0x00, 0x00,
  0x00, 0x00, 0x00, 0x00, 0x00, 0x00, 0x00, 0x00, 0x00, 0x00, 0x00, 0x00,
  0x00, 0x00, 0x00, 0x00, 0x00, 0x00, 0x00, 0x00, 0x00, 0x00, 0x00, 0x06,
  0x20, 0x18, 0x00, 0x00, 0x00, 0x00, 0x00, 0x00, 0x00, 0x00, 0x00, 0x05,
  0x16, 0x11, 0x3b, 0x59, 0x00, 0x00, 0x00, 0x00, 0x00, 0x00, 0x00, 0x00,
  0x00, 0x00, 0x00, 0x00, 0x23, 0x02, 0x00, 0x00, 0x00, 0x00, 0x00, 0x00,
  0x00, 0x00, 0x00, 0x00, 0x00, 0x00, 0x00, 0x00, 0x00, 0x00, 0x00, 0x00,
  0x00, 0x00, 0x00, 0x00, 0x00, 0x00, 0x00, 0x00, 0x00, 0x00, 0x00, 0x00,
  0x00, 0x00, 0x00, 0x00, 0x00, 0x00, 0x00, 0x00, 0x00, 0x00, 0x00, 0x00,
  0x00, 0x00, 0x00, 0x00, 0x00, 0x00, 0x00, 0x00, 0x00, 0x00, 0x00, 0x00,
  0x00, 0x00, 0x00, 0x00, 0x00, 0x00, 0x00, 0x00, 0x00, 0x00, 0x00, 0x00,
  0x00, 0x00, 0x00, 0x00, 0x00, 0x00, 0x00, 0x01, 0x1b, 0x14, 0x00, 0x00,
  0x00, 0x00, 0x00, 0x00, 0x00, 0x00, 0x00, 0x00, 0x12, 0x0e, 0x34, 0x4e,
  0x00, 0x00, 0x00, 0x00, 0x00, 0x00, 0x00, 0x00, 0x00, 0x00, 0x00, 0x00,
  0x45, 0x1d, 0x00, 0x00, 0x00, 0x00, 0x00, 0x00, 0x00, 0x00, 0x00, 0x00,
  0x00, 0x00, 0x00, 0x00, 0x00, 0x00, 0x00, 0x00, 0x00, 0x00, 0x00, 0x00,
  0x00, 0x00, 0x00, 0x00, 0x00, 0x00, 0x00, 0x00, 0x00, 0x00, 0x00, 0x00,
  0x00, 0x00, 0x00, 0x00, 0x00, 0x00, 0x00, 0x00, 0x00, 0x00, 0x00, 0x00,
  0x00, 0x00, 0x00, 0x00, 0x00, 0x00, 0x00, 0x00, 0x00, 0x00, 0x00, 0x00,
  0x00, 0x00, 0x00, 0x00, 0x00, 0x00, 0x00, 0x00, 0x00, 0x00, 0x00, 0x00,
  0x00, 0x00, 0x00, 0x00, 0x15, 0x10, 0x00, 0x00, 0x00, 0x00, 0x00, 0x00,
  0x00, 0x00, 0x00, 0x00, 0x0f, 0x0b, 0x2e, 0x44, 0x00, 0x00, 0x00, 0x00,
  0x00, 0x00, 0x00, 0x00, 0x00, 0x00, 0x00, 0x00, 0x51, 0x1d, 0x00, 0x00,
  0x00, 0x00, 0x00, 0x00, 0x00, 0x00, 0x00, 0x00, 0x00, 0x28, 0x00, 0x00,
  0x00, 0x00, 0x00, 0x00, 0x00, 0x00, 0x00, 0x00, 0x00, 0x00, 0x00, 0x00,
  0x00, 0x00, 0x00, 0x00, 0x00, 0x00, 0x00, 0x00, 0x00, 0x00, 0x00, 0x00,
  0x00, 0x00, 0x00, 0x00, 0x00, 0x00, 0x00, 0x00, 0x00, 0x00, 0x00, 0x00,
  0x00, 0x00, 0x00, 0x00, 0x00, 0x00, 0x00, 0x00, 0x00, 0x00, 0x00, 0x00,
  0x00, 0x00, 0x00, 0x00, 0x00, 0x00, 0x00, 0x00, 0x00, 0x00, 0x00, 0x00,
  0x10, 0x0d, 0x00, 0x00, 0x00, 0x00, 0x00, 0x00, 0x00, 0x00, 0x00, 0x00,
  0x0b, 0x09, 0x27, 0x3a, 0x00, 0x00, 0x00, 0x00, 0x00, 0x00, 0x00, 0x00,
  0x00, 0x00, 0x00, 0x00, 0x61, 0x17, 0x00, 0x00, 0x00, 0x00, 0x00, 0x00,
  0x00, 0x00, 0x00, 0x00, 0x00, 0x45, 0x00, 0x00, 0x00, 0x00, 0x00, 0x00,
  0x00, 0x00, 0x00, 0x00, 0x00, 0x00, 0x00, 0x00, 0x00, 0x00, 0x00, 0x00,
  0x00, 0x00, 0x00, 0x00, 0x00, 0x00, 0x00, 0x00, 0x00, 0x00, 0x00, 0x00,
  0x00, 0x00, 0x00, 0x00, 0x00, 0x00, 0x00, 0x00, 0x00, 0x00, 0x00, 0x00,
  0x00, 0x00, 0x00, 0x00, 0x00, 0x00, 0x00, 0x00, 0x00, 0x00, 0x00, 0x00,
  0x00, 0x00, 0x00, 0x00, 0x00, 0x00, 0x00, 0x00, 0x0c, 0x0a, 0x00, 0x00,
  0x00, 0x00, 0x00, 0x00, 0x00, 0x00, 0x00, 0x00, 0x07, 0x06, 0x22, 0x35,
  0x00, 0x00, 0x00, 0x00, 0x00, 0x00, 0x00, 0x00, 0x00, 0x00, 0x00, 0x0c,
  0x83, 0x0e, 0x00, 0x00, 0x00, 0x00, 0x00, 0x00, 0x00, 0x00, 0x00, 0x00,
  0x00, 0x40, 0x00, 0x00, 0x00, 0x00, 0x00, 0x00, 0x00, 0x00, 0x00, 0x00,
  0x00, 0x00, 0x00, 0x00, 0x00, 0x00, 0x00, 0x00, 0x00, 0x00, 0x00, 0x00,
  0x00, 0x00, 0x00, 0x00, 0x00, 0x00, 0x00, 0x00, 0x00, 0x00, 0x00, 0x00,
  0x00, 0x00, 0x00, 0x00, 0x00, 0x00, 0x00, 0x00, 0x00, 0x00, 0x00, 0x00,
  0x00, 0x00, 0x00, 0x00, 0x00, 0x00, 0x00, 0x00, 0x00, 0x00, 0x00, 0x00,
  0x00, 0x00, 0x00, 0x00, 0x09, 0x06, 0x00, 0x00, 0x00, 0x00, 0x00, 0x00,
  0x00, 0x00, 0x00, 0x00, 0x03, 0x04, 0x25, 0x46, 0x00, 0x00, 0x00, 0x00,
  0x00, 0x00, 0x00, 0x00, 0x00, 0x00, 0x00, 0x11, 0x94, 0x09, 0x00, 0x00,
  0x00, 0x00, 0x00, 0x00, 0x00, 0x00, 0x00, 0x00, 0x00, 0x37, 0x00, 0x00,
  0x00, 0x00, 0x00, 0x00, 0x00, 0x00, 0x00, 0x00, 0x00, 0x00, 0x00, 0x00,
  0x00, 0x00, 0x00, 0x00, 0x00, 0x00, 0x00, 0x00, 0x00, 0x00, 0x00, 0x00,
  0x00, 0x00, 0x00, 0x00, 0x00, 0x00, 0x00, 0x00, 0x00, 0x00, 0x00, 0x00,
  0x00, 0x00, 0x00, 0x00, 0x00, 0x00, 0x00, 0x00, 0x00, 0x00, 0x00, 0x00,
  0x00, 0x00, 0x00, 0x00, 0x00, 0x00, 0x00, 0x00, 0x00, 0x00, 0x00, 0x00,
  0x06, 0x04, 0x00, 0x00, 0x00, 0x00, 0x00, 0x00, 0x00, 0x00, 0x00, 0x00,
  0x00, 0x02, 0x1d, 0x66, 0x00, 0x00, 0x00, 0x00, 0x00, 0x00, 0x00, 0x00,
  0x00, 0x00, 0x00, 0x0e, 0x8b, 0x08, 0x00, 0x00, 0x00, 0x00, 0x00, 0x00,
  0x00, 0x00, 0x00, 0x00, 0x00, 0x32, 0x00, 0x00, 0x00, 0x00, 0x00, 0x00,
  0x00, 0x00, 0x00, 0x00, 0x00, 0x00, 0x00, 0x00, 0x00, 0x00, 0x00, 0x00,
  0x00, 0x00, 0x00, 0x00, 0x00, 0x00, 0x00, 0x00, 0x00, 0x00, 0x00, 0x00,
  0x00, 0x00, 0x00, 0x00, 0x00, 0x00, 0x00, 0x00, 0x00, 0x00, 0x00, 0x00,
  0x00, 0x00, 0x00, 0x00, 0x00, 0x00, 0x00, 0x00, 0x00, 0x00, 0x00, 0x00,
  0x00, 0x00, 0x00, 0x00, 0x00, 0x00, 0x00, 0x00, 0x03, 0x01, 0x00, 0x00,
  0x00, 0x00, 0x00, 0x00, 0x00, 0x00, 0x00, 0x00, 0x00, 0x00, 0x16, 0x7b,
  0x17, 0x00, 0x00, 0x00, 0x00, 0x00, 0x00, 0x00, 0x00, 0x00, 0x00, 0x0c,
  0x81, 0x03, 0x00, 0x00, 0x00, 0x00, 0x00, 0x00, 0x00, 0x00, 0x00, 0x00,
  0x00, 0x2e, 0x00, 0x00, 0x00, 0x00, 0x00, 0x00, 0x00, 0x00, 0x00, 0x00,
  0x00, 0x00, 0x00, 0x00, 0x00, 0x00, 0x00, 0x00, 0x00, 0x00, 0x00, 0x00,
  0x00, 0x00, 0x00, 0x00, 0x00, 0x00, 0x00, 0x00, 0x00, 0x00, 0x00, 0x00,
  0x00, 0x00, 0x00, 0x00, 0x00, 0x00, 0x00, 0x00, 0x00, 0x00, 0x00, 0x00,
  0x00, 0x00, 0x00, 0x00, 0x00, 0x00, 0x00, 0x00, 0x00, 0x00, 0x00, 0x00,
  0x00, 0x00, 0x00, 0x00, 0x01, 0x00, 0x00, 0x1a, 0x00, 0x00, 0x00, 0x00,
  0x00, 0x00, 0x00, 0x00, 0x00, 0x00, 0x12, 0x75, 0x3b, 0x00, 0x00, 0x00,
  0x00, 0x00, 0x00, 0x00, 0x00, 0x00, 0x00, 0x0a, 0x78, 0x00, 0x00, 0x00,
  0x00, 0x00, 0x00, 0x00, 0x00, 0x00, 0x00, 0x00, 0x00, 0x29, 0x00, 0x00,
  0x00, 0x00, 0x00, 0x00, 0x00, 0x00, 0x00, 0x00, 0x00, 0x00, 0x00, 0x00,
  0x00, 0x00, 0x00, 0x00, 0x00, 0x00, 0x00, 0x00, 0x00, 0x00, 0x00, 0x00,
  0x00, 0x00, 0x00, 0x00, 0x00, 0x00, 0x00, 0x00, 0x00, 0x00, 0x00, 0x00,
  0x00, 0x00, 0x00, 0x00, 0x00, 0x00, 0x00, 0x00, 0x00, 0x00, 0x00, 0x00,
  0x00, 0x00, 0x00, 0x00, 0x00, 0x00, 0x00, 0x00, 0x00, 0x00, 0x00, 0x00,
  0x00, 0x00, 0x00, 0x28, 0x02, 0x00, 0x00, 0x00, 0x00, 0x00, 0x00, 0x00,
  0x00, 0x00, 0x0f, 0x6b, 0x4d, 0x05, 0x00, 0x00, 0x00, 0x00, 0x00, 0x00,
  0x00, 0x00, 0x00, 0x09, 0x70, 0x00, 0x00, 0x00, 0x00, 0x00, 0x00, 0x00,
  0x00, 0x00, 0x00, 0x00, 0x00, 0x26, 0x00, 0x00, 0x00, 0x00, 0x00, 0x00,
  0x00, 0x00, 0x00, 0x00, 0x00, 0x00, 0x00, 0x00, 0x00, 0x00, 0x00, 0x00,
  0x00, 0x00, 0x00, 0x00, 0x00, 0x00, 0x00, 0x00, 0x00, 0x00, 0x00, 0x00,
  0x00, 0x00, 0x00, 0x00, 0x00, 0x00, 0x00, 0x00, 0x00, 0x00, 0x00, 0x00,
  0x00, 0x00, 0x00, 0x00, 0x00, 0x00, 0x00, 0x00, 0x00, 0x00, 0x00, 0x00,
  0x00, 0x00, 0x00, 0x00, 0x00, 0x00, 0x00, 0x00, 0x00, 0x00, 0x00, 0x26,
  0x0d, 0x00, 0x00, 0x00, 0x00, 0x00, 0x00, 0x00, 0x00, 0x00, 0x0c, 0x65,
  0x4b, 0x36, 0x00, 0x00, 0x00, 0x00, 0x00, 0x00, 0x00, 0x00, 0x00, 0x08,
  0x69, 0x00, 0x00, 0x00, 0x00, 0x00, 0x00, 0x00, 0x00, 0x00, 0x00, 0x00,
  0x00, 0x22, 0x00, 0x00, 0x00, 0x00, 0x00, 0x00, 0x00, 0x00, 0x00, 0x00,
  0x00, 0x00, 0x00, 0x00, 0x00, 0x00, 0x00, 0x00, 0x00, 0x00, 0x00, 0x00,
  0x00, 0x00, 0x00, 0x00, 0x00, 0x00, 0x00, 0x00, 0x00, 0x00, 0x00, 0x00,
  0x00, 0x00, 0x00, 0x00, 0x00, 0x00, 0x00, 0x00, 0x00, 0x00, 0x00, 0x00,
  0x00, 0x00, 0x00, 0x00, 0x00, 0x00, 0x00, 0x00, 0x00, 0x00, 0x00, 0x00,
  0x00, 0x00, 0x00, 0x00, 0x00, 0x00, 0x00, 0x22, 0x0b, 0x00, 0x00, 0x00,
  0x00, 0x00, 0x00, 0x00, 0x00, 0x00, 0x0a, 0x5f, 0x42, 0x5d, 0x02, 0x00,
  0x00, 0x00, 0x00, 0x00, 0x00, 0x00, 0x00, 0x07, 0x62, 0x00, 0x00, 0x00,
  0x00, 0x00, 0x00, 0x00, 0x00, 0x00, 0x00, 0x00, 0x00, 0x1f, 0x00, 0x00,
  0x00, 0x00, 0x00, 0x00, 0x00, 0x00, 0x00, 0x00, 0x00, 0x00, 0x00, 0x00,
  0x00, 0x00, 0x00, 0x00, 0x00, 0x00, 0x00, 0x00, 0x00, 0x00, 0x00, 0x00,
  0x00, 0x00, 0x00, 0x00, 0x00, 0x00, 0x00, 0x00, 0x00, 0x00, 0x00, 0x00,
  0x00, 0x00, 0x00, 0x00, 0x00, 0x00, 0x00, 0x00, 0x00, 0x00, 0x00, 0x00,
  0x00, 0x00, 0x00, 0x00, 0x00, 0x00, 0x00, 0x00, 0x00, 0x00, 0x00, 0x00,
  0x00, 0x00, 0x00, 0x20, 0x07, 0x00, 0x00, 0x00, 0x00, 0x00, 0x00, 0x00,
  0x00, 0x00, 0x07, 0x59, 0x3c, 0x65, 0x1b, 0x00, 0x00, 0x00, 0x00, 0x00,
  0x00, 0x00, 0x00, 0x05, 0x5c, 0x00, 0x00, 0x09, 0x00, 0x00, 0x00, 0x00,
  0x00, 0x00, 0x00, 0x00, 0x00, 0x1c, 0x00, 0x00, 0x00, 0x00, 0x00, 0x00,
  0x00, 0x00, 0x00, 0x00, 0x00, 0x00, 0x00, 0x00, 0x00, 0x00, 0x00, 0x00,
  0x00, 0x00, 0x00, 0x00, 0x00, 0x00, 0x00, 0x00, 0x00, 0x00, 0x00, 0x00,
  0x00, 0x00, 0x00, 0x00, 0x00, 0x00, 0x00, 0x00, 0x00, 0x00, 0x00, 0x00,
  0x00, 0x00, 0x00, 0x00, 0x00, 0x00, 0x00, 0x00, 0x00, 0x00, 0x00, 0x00,
  0x00, 0x00, 0x00, 0x00, 0x00, 0x00, 0x00, 0x00, 0x00, 0x00, 0x00, 0x1e,
  0x06, 0x00, 0x00, 0x00, 0x00, 0x00, 0x00, 0x00, 0x00, 0x00, 0x05, 0x54,
  0x38, 0x61, 0x1d, 0x00, 0x00, 0x00, 0x00, 0x00, 0x00, 0x00, 0x00, 0x04,
  0x55, 0x00, 0x00, 0x39, 0x00, 0x00, 0x00, 0x00, 0x00, 0x00, 0x00, 0x00,
  0x00, 0x1a, 0x00, 0x00, 0x00, 0x00, 0x00, 0x00, 0x00, 0x00, 0x00, 0x00,
  0x00, 0x00, 0x00, 0x00, 0x00, 0x00, 0x00, 0x00, 0x00, 0x00, 0x00, 0x00,
  0x00, 0x00, 0x00, 0x00, 0x00, 0x00, 0x00, 0x00, 0x00, 0x00, 0x00, 0x00,
  0x00, 0x00, 0x00, 0x00, 0x00, 0x00, 0x00, 0x00, 0x00, 0x00, 0x00, 0x00,
  0x00, 0x00, 0x00, 0x00, 0x00, 0x00, 0x00, 0x00, 0x00, 0x00, 0x00, 0x00,
  0x00, 0x00, 0x00, 0x00, 0x00, 0x00, 0x00, 0x1c, 0x04, 0x00, 0x00, 0x00,
  0x00, 0x00, 0x00, 0x00, 0x00, 0x00, 0x03, 0x4f, 0x35, 0x5c, 0x17, 0x00,
  0x00, 0x00, 0x00, 0x00, 0x00, 0x00, 0x00, 0x03, 0x50, 0x00, 0x02, 0x5a,
  0x00, 0x00, 0x00, 0x00, 0x00, 0x00, 0x00, 0x00, 0x00, 0x17, 0x00, 0x00,
  0x06, 0x00, 0x00, 0x00, 0x00, 0x00, 0x00, 0x00, 0x00, 0x00, 0x00, 0x00,
  0x00, 0x00, 0x00, 0x00, 0x00, 0x00, 0x00, 0x00, 0x00, 0x00, 0x00, 0x00,
  0x00, 0x00, 0x00, 0x00, 0x00, 0x00, 0x00, 0x00, 0x00, 0x00, 0x00, 0x00,
  0x00, 0x00, 0x00, 0x00, 0x00, 0x00, 0x00, 0x00, 0x00, 0x00, 0x00, 0x00,
  0x00, 0x00, 0x00, 0x00, 0x00, 0x00, 0x00, 0x00, 0x00, 0x00, 0x00, 0x00,
  0x00, 0x00, 0x00, 0x1a, 0x04, 0x00, 0x00, 0x00, 0x00, 0x00, 0x00, 0x00,
  0x00, 0x00, 0x01, 0x4b, 0x32, 0x58, 0x15, 0x00, 0x00, 0x00, 0x00, 0x00,
  0x00, 0x00, 0x00, 0x02, 0x4b, 0x00, 0x01, 0x5a, 0x00, 0x00, 0x00, 0x00,
  0x00, 0x00, 0x00, 0x00, 0x00, 0x15, 0x00, 0x00, 0x35, 0x00, 0x00, 0x00,
  0x00, 0x00, 0x00, 0x00, 0x00, 0x00, 0x00, 0x00, 0x00, 0x00, 0x00, 0x00,
  0x00, 0x00, 0x00, 0x00, 0x00, 0x00, 0x00, 0x00, 0x00, 0x00, 0x00, 0x00,
  0x00, 0x00, 0x00, 0x00, 0x00, 0x00, 0x00, 0x00, 0x00, 0x00, 0x00, 0x00,
  0x00, 0x00, 0x00, 0x00, 0x00, 0x00, 0x00, 0x00, 0x00, 0x00, 0x00, 0x00,
  0x00, 0x00, 0x00, 0x00, 0x00, 0x00, 0x00, 0x00, 0x00, 0x00, 0x00, 0x18,
  0x03, 0x00, 0x00, 0x00, 0x00, 0x00, 0x00, 0x00, 0x00, 0x00, 0x00, 0x47,
  0x30, 0x53, 0x13, 0x00, 0x00, 0x00, 0x00, 0x00, 0x00, 0x00, 0x00, 0x01,
  0x46, 0x00, 0x00, 0x53, 0x00, 0x00, 0x00, 0x00, 0x00, 0x00, 0x00, 0x00,
  0x00, 0x13, 0x00, 0x00, 0x54, 0x00, 0x00, 0x00, 0x00, 0x00, 0x00, 0x00,
  0x00, 0x00, 0x00, 0x00, 0x00, 0x00, 0x00, 0x00, 0x00, 0x00, 0x00, 0x00,
  0x00, 0x00, 0x00, 0x00, 0x00, 0x00, 0x00, 0x00, 0x00, 0x00, 0x00, 0x00,
  0x00, 0x00, 0x00, 0x00, 0x00, 0x00, 0x00, 0x00, 0x00, 0x00, 0x00, 0x00,
  0x00, 0x00, 0x00, 0x00, 0x00, 0x00, 0x00, 0x00, 0x00, 0x00, 0x00, 0x00,
  0x00, 0x00, 0x00, 0x00, 0x00, 0x00, 0x00, 0x16, 0x02, 0x00, 0x00, 0x00,
  0x00, 0x00, 0x00, 0x00, 0x00, 0x00, 0x00, 0x42, 0x2d, 0x50, 0x11, 0x00,
  0x00, 0x00, 0x00, 0x00, 0x00, 0x00, 0x00, 0x00, 0x42, 0x00, 0x00, 0x4e,
  0x00, 0x00, 0x00, 0x00, 0x00, 0x00, 0x00, 0x00, 0x00, 0x11, 0x00, 0x01,
  0x58, 0x00, 0x00, 0x00, 0x00, 0x00, 0x00, 0x00, 0x00, 0x00, 0x00, 0x00,
  0x09, 0x1e, 0x00, 0x00, 0x00, 0x00, 0x00, 0x00, 0x00, 0x00, 0x00, 0x00,
  0x00, 0x00, 0x00, 0x00, 0x00, 0x00, 0x00, 0x00, 0x00, 0x00, 0x00, 0x00,
  0x00, 0x00, 0x00, 0x00, 0x00, 0x00, 0x00, 0x00, 0x00, 0x00, 0x00, 0x00,
  0x00, 0x00, 0x00, 0x00, 0x00, 0x00, 0x00, 0x00, 0x00, 0x00, 0x00, 0x00,
  0x00, 0x00, 0x00, 0x14, 0x01, 0x00, 0x00, 0x00, 0x00, 0x00, 0x00, 0x00,
  0x00, 0x00, 0x00, 0x3e, 0x2a, 0x4b, 0x10, 0x00, 0x00, 0x00, 0x00, 0x00,
  0x00, 0x00, 0x00, 0x00, 0x3d, 0x00, 0x00, 0x49, 0x00, 0x00, 0x00, 0x00,
  0x00, 0x00, 0x00, 0x00, 0x00, 0x0f, 0x00, 0x00, 0x52, 0x00, 0x00, 0x00,
  0x00, 0x00, 0x00, 0x00, 0x00, 0x00, 0x00, 0x00, 0x29, 0x2e, 0x00, 0x00,
  0x00, 0x00, 0x00, 0x00, 0x00, 0x00, 0x00, 0x00, 0x00, 0x00, 0x00, 0x00,
  0x00, 0x00, 0x00, 0x00, 0x00, 0x00, 0x00, 0x00, 0x00, 0x00, 0x00, 0x00,
  0x00, 0x00, 0x00, 0x00, 0x00, 0x00, 0x00, 0x00, 0x00, 0x00, 0x00, 0x00,
  0x00, 0x00, 0x00, 0x00, 0x00, 0x00, 0x00, 0x00, 0x00, 0x00, 0x00, 0x13,
  0x00, 0x00, 0x00, 0x00, 0x00, 0x00, 0x00, 0x00, 0x00, 0x00, 0x00, 0x3a,
  0x27, 0x48, 0x0e, 0x00, 0x00, 0x00, 0x00, 0x00, 0x00, 0x00, 0x00, 0x00,
  0x39, 0x00, 0x00, 0x46, 0x00, 0x00, 0x00, 0x00, 0x00, 0x00, 0x00, 0x00,
  0x00, 0x0d, 0x00, 0x00, 0x4e, 0x00, 0x00, 0x00, 0x00, 0x00, 0x00, 0x00,
  0x00, 0x00, 0x00, 0x00, 0x3f, 0x2f, 0x00, 0x00, 0x00, 0x00, 0x00, 0x00,
  0x00, 0x00, 0x00, 0x00, 0x00, 0x12, 0x00, 0x00, 0x00, 0x00, 0x00, 0x00,
  0x00, 0x00, 0x00, 0x00, 0x00, 0x00, 0x00, 0x00, 0x00, 0x00, 0x00, 0x00,
  0x00, 0x00, 0x00, 0x00, 0x00, 0x00, 0x00, 0x00, 0x00, 0x00, 0x00, 0x00,
  0x00, 0x00, 0x00, 0x00, 0x00, 0x00, 0x00, 0x11, 0x00, 0x00, 0x00, 0x00,
  0x00, 0x00, 0x00, 0x00, 0x00, 0x00, 0x00, 0x37, 0x25, 0x45, 0x0d, 0x00,
  0x00, 0x00, 0x00, 0x00, 0x00, 0x00, 0x00, 0x00, 0x36, 0x00, 0x00, 0x43,
  0x00, 0x00, 0x00, 0x00, 0x00, 0x00, 0x00, 0x00, 0x00, 0x0c, 0x00, 0x00,
  0x4b, 0x00, 0x00, 0x00, 0x00, 0x00, 0x00, 0x00, 0x00, 0x00, 0x00, 0x00,
  0x42, 0x2d, 0x00, 0x00, 0x00, 0x00, 0x00, 0x00, 0x00, 0x00, 0x00, 0x00,
  0x00, 0x3b, 0x00, 0x00, 0x00, 0x00, 0x00, 0x00, 0x00, 0x00, 0x00, 0x00,
  0x00, 0x00, 0x00, 0x00, 0x00, 0x00, 0x00, 0x00, 0x00, 0x00, 0x00, 0x00,
  0x00, 0x00, 0x00, 0x00, 0x00, 0x00, 0x00, 0x00, 0x00, 0x00, 0x00, 0x00,
  0x00, 0x00, 0x00, 0x10, 0x00, 0x00, 0x00, 0x00, 0x00, 0x00, 0x00, 0x00,
  0x00, 0x00, 0x00, 0x34, 0x23, 0x42, 0x0c, 0x00, 0x00, 0x00, 0x00, 0x00,
  0x00, 0x00, 0x00, 0x00, 0x33, 0x00, 0x00, 0x40, 0x00, 0x00, 0x00, 0x00,
  0x00, 0x00, 0x00, 0x00, 0x00, 0x0b, 0x00, 0x00, 0x48, 0x00, 0x00, 0x00,
  0x00, 0x00, 0x00, 0x00, 0x00, 0x00, 0x00, 0x00, 0x3d, 0x2b, 0x00, 0x00,
  0x00, 0x00, 0x00, 0x00, 0x00, 0x00, 0x00, 0x00, 0x08, 0x55, 0x00, 0x00,
  0x00, 0x00, 0x00, 0x00, 0x00, 0x00, 0x00, 0x00, 0x00, 0x00, 0x00, 0x00,
  0x00, 0x00, 0x00, 0x00, 0x00, 0x00, 0x00, 0x00, 0x00, 0x00, 0x00, 0x00,
  0x00, 0x00, 0x00, 0x00, 0x00, 0x00, 0x00, 0x00, 0x00, 0x00, 0x00, 0x0f,
  0x00, 0x00, 0x00, 0x00, 0x00, 0x00, 0x00, 0x00, 0x00, 0x00, 0x00, 0x30,
  0x20, 0x3f, 0x0b, 0x00, 0x00, 0x00, 0x00, 0x00, 0x00, 0x00, 0x00, 0x00,
  0x2f, 0x00, 0x00, 0x3d, 0x00, 0x00, 0x00, 0x00, 0x00, 0x00, 0x00, 0x00,
  0x00, 0x0a, 0x00, 0x00, 0x45, 0x00, 0x00, 0x00, 0x00, 0x00, 0x00, 0x00,
  0x00, 0x00, 0x00, 0x00, 0x3a, 0x28, 0x00, 0x00, 0x00, 0x00, 0x00, 0x00,
  0x00, 0x00, 0x00, 0x00, 0x1e, 0x5b, 0x00, 0x00, 0x00, 0x00, 0x00, 0x00,
  0x00, 0x00, 0x00, 0x00, 0x00, 0x08, 0x00, 0x00, 0x00, 0x00, 0x00, 0x00,
  0x00, 0x00, 0x00, 0x00, 0x00, 0x00, 0x00, 0x00, 0x00, 0x00, 0x00, 0x00,
  0x00, 0x00, 0x00, 0x00, 0x00, 0x00, 0x00, 0x0d, 0x00, 0x00, 0x00, 0x00,
  0x00, 0x00, 0x00, 0x00, 0x00, 0x00, 0x00, 0x2d, 0x1e, 0x3c, 0x0a, 0x00,
  0x00, 0x00, 0x00, 0x00, 0x00, 0x00, 0x00, 0x00, 0x2c, 0x00, 0x00, 0x3b,
  0x00, 0x00, 0x00, 0x00, 0x00, 0x00, 0x00, 0x00, 0x00, 0x08, 0x00, 0x00,
  0x42, 0x00, 0x00, 0x00, 0x00, 0x00, 0x00, 0x00, 0x00, 0x00, 0x00, 0x00,
  0x38, 0x26, 0x00, 0x00, 0x00, 0x00, 0x00, 0x00, 0x00, 0x00, 0x00, 0x00,
  0x28, 0x58, 0x00, 0x00, 0x00, 0x00, 0x00, 0x00, 0x00, 0x00, 0x00, 0x00,
  0x00, 0x2d, 0x00, 0x00, 0x00, 0x00, 0x00, 0x00, 0x00, 0x00, 0x00, 0x00,
  0x00, 0x00, 0x00, 0x00, 0x00, 0x00, 0x00, 0x00, 0x00, 0x00, 0x00, 0x00,
  0x00, 0x00, 0x00, 0x0c, 0x00, 0x00, 0x00, 0x00, 0x00, 0x00, 0x00, 0x00,
  0x00, 0x00, 0x00, 0x2a, 0x1d, 0x39, 0x09, 0x00, 0x00, 0x00, 0x00, 0x00,
  0x00, 0x00, 0x00, 0x00, 0x29, 0x00, 0x00, 0x38, 0x00, 0x00, 0x00, 0x00,
  0x00, 0x00, 0x00, 0x00, 0x00, 0x07, 0x00, 0x00, 0x3f, 0x00, 0x00, 0x00,
  0x00, 0x00, 0x00, 0x00, 0x00, 0x00, 0x00, 0x00, 0x35, 0x24, 0x00, 0x00,
  0x00, 0x00, 0x00, 0x00, 0x00, 0x00, 0x00, 0x00, 0x27, 0x55, 0x00, 0x00,
  0x00, 0x00, 0x00, 0x00, 0x00, 0x00, 0x00, 0x00, 0x00, 0x4f, 0x00, 0x00,
  0x00, 0x00, 0x00, 0x00, 0x00, 0x00, 0x00, 0x00, 0x00, 0x00, 0x00, 0x00,
  0x00, 0x00, 0x00, 0x00, 0x00, 0x00, 0x00, 0x00, 0x00, 0x00, 0x00, 0x0b,
  0x00, 0x00, 0x00, 0x00, 0x00, 0x00, 0x00, 0x00, 0x00, 0x00, 0x00, 0x27,
  0x1b, 0x37, 0x08, 0x00, 0x00, 0x00, 0x00, 0x00, 0x00, 0x00, 0x00, 0x00,
  0x27, 0x00, 0x00, 0x36, 0x00, 0x00, 0x00, 0x00, 0x00, 0x00, 0x00, 0x00,
  0x00, 0x06, 0x00, 0x00, 0x3d, 0x00, 0x00, 0x00, 0x00, 0x00, 0x00, 0x00,
  0x00, 0x00, 0x00, 0x00, 0x33, 0x23, 0x00, 0x00, 0x00, 0x00, 0x00, 0x00,
  0x00, 0x00, 0x00, 0x00, 0x23, 0x53, 0x00, 0x00, 0x00, 0x00, 0x00, 0x00,
  0x00, 0x00, 0x00, 0x00, 0x13, 0x5e, 0x00, 0x00, 0x00, 0x00, 0x00, 0x00,
  0x00, 0x00, 0x00, 0x00, 0x00, 0x00, 0x00, 0x00, 0x00, 0x00, 0x00, 0x00,
  0x00, 0x00, 0x00, 0x00, 0x00, 0x00, 0x00, 0x0a, 0x00, 0x00, 0x00, 0x00,
  0x00, 0x00, 0x00, 0x00, 0x00, 0x00, 0x00, 0x25, 0x19, 0x34, 0x07, 0x00,
  0x00, 0x00, 0x00, 0x00, 0x00, 0x00, 0x00, 0x00, 0x24, 0x00, 0x00, 0x33,
  0x00, 0x00, 0x00, 0x00, 0x00, 0x00, 0x00, 0x00, 0x00, 0x05, 0x00, 0x00,
  0x3a, 0x00, 0x00, 0x00, 0x00, 0x00, 0x00, 0x00, 0x00, 0x00, 0x00, 0x00,
  0x31, 0x21, 0x00, 0x00, 0x00, 0x00, 0x00, 0x00, 0x00, 0x00, 0x00, 0x00,
  0x20, 0x50, 0x00, 0x00, 0x00, 0x00, 0x00, 0x00, 0x00, 0x00, 0x00, 0x00,
  0x2a, 0x5f, 0x00, 0x00, 0x00, 0x00, 0x00, 0x00, 0x00, 0x00, 0x00, 0x00,
  0x00, 0x0b, 0x00, 0x00, 0x00, 0x00, 0x00, 0x00, 0x00, 0x00, 0x00, 0x00,
  0x00, 0x00, 0x00, 0x09, 0x00, 0x00, 0x00, 0x00, 0x00, 0x00, 0x00, 0x00,
  0x00, 0x00, 0x00, 0x23, 0x18, 0x31, 0x06, 0x00, 0x00, 0x00, 0x00, 0x00,
  0x00, 0x00, 0x00, 0x00, 0x21, 0x00, 0x00, 0x31, 0x00, 0x00, 0x00, 0x00,
  0x00, 0x00, 0x00, 0x00, 0x00, 0x04, 0x00, 0x00, 0x38, 0x00, 0x00, 0x00,
  0x00, 0x00, 0x00, 0x00, 0x00, 0x00, 0x00, 0x00, 0x30, 0x20, 0x00, 0x00,
  0x00, 0x00, 0x00, 0x00, 0x00, 0x00, 0x00, 0x00, 0x1e, 0x4d, 0x00, 0x00,
  0x00, 0x00, 0x00, 0x00, 0x00, 0x00, 0x00, 0x00, 0x37, 0x5b, 0x00, 0x00,
  0x00, 0x00, 0x00, 0x00, 0x00, 0x00, 0x00, 0x00, 0x00, 0x28, 0x00, 0x00,
  0x00, 0x00, 0x00, 0x00, 0x00, 0x00, 0x00, 0x00, 0x00, 0x00, 0x00, 0x08,
  0x00, 0x00, 0x00, 0x00, 0x00, 0x00, 0x00, 0x00, 0x00, 0x00, 0x00, 0x20,
  0x17, 0x2f, 0x05, 0x00, 0x00, 0x00, 0x00, 0x00, 0x00, 0x00, 0x00, 0x00,
  0x1f, 0x00, 0x00, 0x2f, 0x00, 0x00, 0x00, 0x00, 0x00, 0x00, 0x00, 0x00,
  0x00, 0x03, 0x00, 0x00, 0x36, 0x00, 0x00, 0x00, 0x00, 0x00, 0x00, 0x00,
  0x00, 0x00, 0x00, 0x00, 0x2d, 0x1f, 0x00, 0x00, 0x00, 0x00, 0x00, 0x00,
  0x00, 0x00, 0x00, 0x00, 0x1c, 0x4a, 0x00, 0x00, 0x00, 0x00, 0x00, 0x00,
  0x00, 0x00, 0x00, 0x00, 0x3f, 0x57, 0x00, 0x00, 0x00, 0x00, 0x00, 0x00,
  0x00, 0x00, 0x00, 0x00, 0x02, 0x35, 0x00, 0x00, 0x00, 0x00, 0x00, 0x00,
  0x00, 0x00, 0x00, 0x00, 0x00, 0x00, 0x00, 0x08, 0x00, 0x00, 0x00, 0x00,
  0x00, 0x00, 0x00, 0x00, 0x00, 0x00, 0x00, 0x1e, 0x16, 0x2d, 0x05, 0x00,
  0x00, 0x00, 0x00, 0x00, 0x00, 0x00, 0x00, 0x00, 0x1d, 0x00, 0x00, 0x2d,
  0x00, 0x00, 0x00, 0x00, 0x00, 0x00, 0x00, 0x00, 0x00, 0x02, 0x00, 0x00,
  0x34, 0x00, 0x00, 0x00, 0x00, 0x00, 0x00, 0x00, 0x00, 0x00, 0x00, 0x00,
  0x2b, 0x1d, 0x00, 0x00, 0x00, 0x00, 0x00, 0x00, 0x00, 0x00, 0x00, 0x00,
  0x1a, 0x48, 0x00, 0x00, 0x00, 0x00, 0x00, 0x00, 0x00, 0x00, 0x00, 0x13,
  0x42, 0x54, 0x00, 0x00, 0x00, 0x00, 0x00, 0x00, 0x00, 0x00, 0x00, 0x00,
  0x0e, 0x36, 0x00, 0x00, 0x00, 0x00, 0x00, 0x00, 0x00, 0x00, 0x00, 0x00,
  0x00, 0x00, 0x00, 0x07, 0x00, 0x00, 0x00, 0x00, 0x00, 0x00, 0x00, 0x00,
  0x00, 0x00, 0x00, 0x1c, 0x14, 0x2b, 0x04, 0x00, 0x00, 0x00, 0x00, 0x00,
  0x00, 0x00, 0x00, 0x00, 0x1c, 0x00, 0x00, 0x2b, 0x00, 0x00, 0x00, 0x00,
  0x00, 0x00, 0x00, 0x00, 0x00, 0x02, 0x00, 0x00, 0x32, 0x00, 0x00, 0x00,
  0x00, 0x00, 0x00, 0x00, 0x00, 0x00, 0x00, 0x00, 0x29, 0x1b, 0x00, 0x00,
  0x00, 0x00, 0x00, 0x00, 0x00, 0x00, 0x00, 0x00, 0x19, 0x46, 0x00, 0x00,
  0x00, 0x00, 0x00, 0x00, 0x00, 0x00, 0x00, 0x35, 0x3e, 0x52, 0x00, 0x00,
  0x00, 0x00, 0x00, 0x00, 0x00, 0x00, 0x00, 0x00, 0x11, 0x35, 0x00, 0x00,
  0x00, 0x00, 0x00, 0x00, 0x00, 0x00, 0x00, 0x00, 0x00, 0x00, 0x00, 0x06,
  0x00, 0x00, 0x00, 0x00, 0x00, 0x00, 0x00, 0x00, 0x00, 0x00, 0x00, 0x1a,
  0x13, 0x29, 0x03, 0x00, 0x00, 0x00, 0x00, 0x00, 0x00, 0x00, 0x00, 0x00,
  0x19, 0x00, 0x00, 0x29, 0x00, 0x00, 0x00, 0x00, 0x00, 0x00, 0x00, 0x00,
  0x00, 0x01, 0x00, 0x00, 0x2f, 0x00, 0x00, 0x00, 0x00, 0x00, 0x00, 0x00,
  0x00, 0x00, 0x00, 0x00, 0x28, 0x1a, 0x00, 0x00, 0x00, 0x00, 0x00, 0x00,
  0x00, 0x00, 0x00, 0x00, 0x17, 0x43, 0x00, 0x00, 0x00, 0x00, 0x00, 0x00,
  0x00, 0x00, 0x00, 0x51, 0x39, 0x4f, 0x00, 0x00, 0x00, 0x00, 0x00, 0x00,
  0x00, 0x00, 0x00, 0x00, 0x0e, 0x33, 0x00, 0x00, 0x00, 0x00, 0x00, 0x00,
  0x00, 0x00, 0x00, 0x00, 0x00, 0x00, 0x00, 0x06, 0x00, 0x00, 0x00, 0x00,
  0x00, 0x00, 0x00, 0x00, 0x00, 0x00, 0x00, 0x18, 0x13, 0x27, 0x03, 0x00,
  0x00, 0x00, 0x00, 0x00, 0x00, 0x00, 0x00, 0x00, 0x17, 0x00, 0x00, 0x28,
  0x00, 0x00, 0x00, 0x00, 0x00, 0x00, 0x00, 0x00, 0x00, 0x00, 0x00, 0x00,
  0x2d, 0x00, 0x00, 0x00, 0x00, 0x00, 0x00, 0x00, 0x00, 0x00, 0x00, 0x00,
  0x26, 0x19, 0x00, 0x00, 0x00, 0x00, 0x00, 0x00, 0x00, 0x00, 0x00, 0x00,
  0x16, 0x41, 0x00, 0x00, 0x00, 0x00, 0x00, 0x00, 0x00, 0x00, 0x08, 0x5e,
  0x35, 0x4d, 0x00, 0x00, 0x00, 0x00, 0x00, 0x00, 0x00, 0x00, 0x00, 0x00,
  0x0a, 0x32, 0x00, 0x00, 0x00, 0x00, 0x00, 0x00, 0x00, 0x00, 0x00, 0x00,
  0x00, 0x00, 0x00, 0x05, 0x00, 0x00, 0x00, 0x00, 0x00, 0x00, 0x00, 0x00,
  0x00, 0x00, 0x00, 0x16, 0x11, 0x26, 0x02, 0x00, 0x00, 0x00, 0x00, 0x00,
  0x00, 0x00, 0x00, 0x00, 0x15, 0x00, 0x00, 0x26, 0x00, 0x00, 0x00, 0x00,
  0x00, 0x00, 0x00, 0x00, 0x00, 0x00, 0x00, 0x00, 0x2c, 0x00, 0x00, 0x00,
  0x00, 0x00, 0x00, 0x00, 0x00, 0x00, 0x00, 0x00, 0x24, 0x18, 0x00, 0x00,
  0x00, 0x00, 0x00, 0x00, 0x00, 0x0e, 0x00, 0x00, 0x14, 0x3f, 0x00, 0x00,
  0x00, 0x00, 0x00, 0x00, 0x00, 0x00, 0x14, 0x5f, 0x33, 0x4b, 0x00, 0x00,
  0x00, 0x00, 0x00, 0x00, 0x00, 0x00, 0x00, 0x00, 0x07, 0x31, 0x00, 0x00,
  0x00, 0x00, 0x00, 0x00, 0x00, 0x00, 0x00, 0x00, 0x00, 0x00, 0x00, 0x04,
  0x00, 0x00, 0x00, 0x00, 0x00, 0x00, 0x00, 0x00, 0x00, 0x00, 0x00, 0x14,
  0x10, 0x24, 0x01, 0x00, 0x00, 0x00, 0x00, 0x00, 0x00, 0x00, 0x00, 0x00,
  0x13, 0x00, 0x00, 0x24, 0x00, 0x00, 0x00, 0x00, 0x00, 0x00, 0x00, 0x00,
  0x00, 0x00, 0x00, 0x00, 0x2a, 0x00, 0x00, 0x00, 0x00, 0x00, 0x00, 0x00,
  0x00, 0x00, 0x00, 0x00, 0x23, 0x17, 0x00, 0x00, 0x00, 0x00, 0x00, 0x00,
  0x00, 0x2d, 0x00, 0x00, 0x13, 0x3d, 0x00, 0x00, 0x00, 0x00, 0x00, 0x00,
  0x00, 0x00, 0x16, 0x5d, 0x31, 0x48, 0x00, 0x00, 0x00, 0x00, 0x00, 0x00,
  0x00, 0x00, 0x00, 0x00, 0x06, 0x2f, 0x00, 0x00, 0x00, 0x00, 0x00, 0x00,
  0x00, 0x00, 0x00, 0x00, 0x00, 0x00, 0x00, 0x04, 0x00, 0x00, 0x00, 0x00,
  0x00, 0x00, 0x00, 0x00, 0x00, 0x00, 0x00, 0x12, 0x0f, 0x23, 0x01, 0x00,
  0x00, 0x00, 0x00, 0x00, 0x00, 0x00, 0x00, 0x00, 0x12, 0x00, 0x00, 0x23,
  0x00, 0x00, 0x00, 0x00, 0x00, 0x00, 0x00, 0x00, 0x00, 0x00, 0x00, 0x00,
  0x29, 0x00, 0x00, 0x00, 0x00, 0x00, 0x00, 0x00, 0x00, 0x00, 0x00, 0x00,
  0x21, 0x15, 0x00, 0x00, 0x00, 0x00, 0x00, 0x00, 0x00, 0x4a, 0x00, 0x00,
  0x11, 0x3b, 0x00, 0x00, 0x00, 0x00, 0x00, 0x00, 0x00, 0x00, 0x12, 0x5a,
  0x2f, 0x46, 0x00, 0x00, 0x00, 0x00, 0x00, 0x00, 0x00, 0x00, 0x00, 0x00,
  0x04, 0x2e, 0x00, 0x00, 0x00, 0x00, 0x00, 0x00, 0x00, 0x00, 0x00, 0x00,
  0x00, 0x00, 0x00, 0x03, 0x00, 0x00, 0x00, 0x00, 0x00, 0x00, 0x00, 0x00,
  0x00, 0x00, 0x00, 0x10, 0x0e, 0x21, 0x00, 0x00, 0x00, 0x00, 0x00, 0x00,
  0x00, 0x00, 0x00, 0x00, 0x10, 0x00, 0x00, 0x21, 0x00, 0x00, 0x00, 0x00,
  0x00, 0x00, 0x00, 0x00, 0x00, 0x00, 0x00, 0x00, 0x27, 0x00, 0x00, 0x00,
  0x00, 0x00, 0x00, 0x00, 0x00, 0x00, 0x00, 0x00, 0x20, 0x14, 0x00, 0x00,
  0x00, 0x00, 0x00, 0x00, 0x00, 0x5c, 0x00, 0x00, 0x10, 0x39, 0x00, 0x00,
  0x00, 0x00, 0x00, 0x00, 0x00, 0x00, 0x0d, 0x59, 0x2e, 0x44, 0x00, 0x00,
  0x00, 0x00, 0x00, 0x00, 0x00, 0x00, 0x00, 0x00, 0x03, 0x2d, 0x00, 0x00,
  0x00, 0x00, 0x00, 0x00, 0x00, 0x00, 0x00, 0x00, 0x00, 0x00, 0x00, 0x03,
  0x00, 0x00, 0x00, 0x00, 0x00, 0x00, 0x00, 0x00, 0x00, 0x00, 0x00, 0x0f,
  0x0d, 0x20, 0x00, 0x00, 0x00, 0x00, 0x00, 0x00, 0x00, 0x00, 0x00, 0x00,
  0x0e, 0x00, 0x00, 0x20, 0x00, 0x00, 0x00, 0x00, 0x00, 0x00, 0x00, 0x00,
  0x00, 0x00, 0x00, 0x00, 0x26, 0x00, 0x00, 0x00, 0x00, 0x00, 0x00, 0x01,
  0x0a, 0x00, 0x00, 0x00, 0x1f, 0x13, 0x00, 0x00, 0x00, 0x00, 0x00, 0x00,
  0x00, 0x61, 0x00, 0x00, 0x0f, 0x37, 0x00, 0x00, 0x00, 0x00, 0x00, 0x00,
  0x00, 0x00, 0x0a, 0x57, 0x2c, 0x42, 0x00, 0x00, 0x00, 0x00, 0x00, 0x00,
  0x00, 0x00, 0x00, 0x00, 0x01, 0x2c, 0x00, 0x00, 0x00, 0x00, 0x00, 0x00,
  0x00, 0x00, 0x00, 0x00, 0x00, 0x00, 0x00, 0x02, 0x00, 0x00, 0x00, 0x00,
  0x00, 0x00, 0x00, 0x00, 0x00, 0x00, 0x00, 0x0e, 0x0c, 0x1e, 0x00, 0x00,
  0x00, 0x00, 0x00, 0x00, 0x00, 0x00, 0x00, 0x00, 0x0d, 0x00, 0x00, 0x1f,
  0x00, 0x00, 0x00, 0x00, 0x00, 0x00, 0x00, 0x00, 0x00, 0x00, 0x00, 0x00,
  0x24, 0x00, 0x00, 0x00, 0x00, 0x00, 0x00, 0x15, 0x18, 0x00, 0x00, 0x00,
  0x1d, 0x12, 0x00, 0x00, 0x00, 0x00, 0x00, 0x00, 0x00, 0x60, 0x00, 0x00,
  0x0e, 0x36, 0x00, 0x00, 0x00, 0x00, 0x00, 0x00, 0x00, 0x00, 0x08, 0x55,
  0x2b, 0x41, 0x00, 0x00, 0x00, 0x00, 0x00, 0x00, 0x00, 0x00, 0x00, 0x00,
  0x00, 0x2b, 0x00, 0x00, 0x00, 0x00, 0x00, 0x00, 0x00, 0x00, 0x00, 0x00,
  0x00, 0x00, 0x00, 0x02, 0x00, 0x00, 0x00, 0x00, 0x00, 0x00, 0x00, 0x00,
  0x00, 0x00, 0x00, 0x0c, 0x0b, 0x1d, 0x00, 0x00, 0x00, 0x00, 0x00, 0x00,
  0x00, 0x00, 0x00, 0x00, 0x0c, 0x00, 0x00, 0x1d, 0x00, 0x00, 0x00, 0x00,
  0x00, 0x00, 0x00, 0x00, 0x00, 0x00, 0x00, 0x00, 0x23, 0x00, 0x00, 0x00,
  0x00, 0x00, 0x00, 0x2a, 0x20, 0x00, 0x00, 0x00, 0x1d, 0x11, 0x00, 0x00,
  0x00, 0x00, 0x00, 0x00, 0x00, 0x5d, 0x00, 0x00, 0x0d, 0x34, 0x00, 0x00,
  0x00, 0x00, 0x00, 0x00, 0x00, 0x00, 0x06, 0x53, 0x2a, 0x3f, 0x00, 0x00,
  0x00, 0x00, 0x00, 0x00, 0x00, 0x00, 0x00, 0x00, 0x00, 0x29, 0x00, 0x00,
  0x00, 0x00, 0x00, 0x00, 0x00, 0x00, 0x00, 0x00, 0x00, 0x00, 0x00, 0x01,
  0x00, 0x00, 0x00, 0x00, 0x00, 0x00, 0x00, 0x00, 0x00, 0x00, 0x00, 0x0b,
  0x0a, 0x1c, 0x00, 0x00, 0x00, 0x00, 0x00, 0x00, 0x00, 0x00, 0x00, 0x00,
  0x0a, 0x00, 0x00, 0x1d, 0x00, 0x00, 0x00, 0x00, 0x00, 0x00, 0x00, 0x00,
  0x00, 0x00, 0x00, 0x00, 0x22, 0x00, 0x00, 0x00, 0x00, 0x00, 0x00, 0x39,
  0x24, 0x00, 0x00, 0x00, 0x1b, 0x10, 0x00, 0x00, 0x00, 0x00, 0x00, 0x00,
  0x00, 0x5a, 0x00, 0x00, 0x0c, 0x33, 0x00, 0x00, 0x00, 0x00, 0x00, 0x00,
  0x00, 0x00, 0x04, 0x51, 0x29, 0x3e, 0x00, 0x00, 0x00, 0x00, 0x00, 0x00,
  0x00, 0x00, 0x00, 0x00, 0x00, 0x28, 0x00, 0x00, 0x00, 0x00, 0x00, 0x00,
  0x00, 0x00, 0x00, 0x00, 0x00, 0x00, 0x00, 0x01, 0x00, 0x00, 0x00, 0x00,
  0x00, 0x00, 0x00, 0x00, 0x00, 0x00, 0x00, 0x0a, 0x09, 0x1b, 0x00, 0x00,
  0x00, 0x00, 0x00, 0x00, 0x00, 0x00, 0x00, 0x00, 0x09, 0x00, 0x00, 0x1c,
  0x00, 0x00, 0x00, 0x00, 0x00, 0x00, 0x19, 0x00, 0x00, 0x00, 0x00, 0x00,
  0x21, 0x00, 0x00, 0x00, 0x00, 0x00, 0x00, 0x3e, 0x26, 0x00, 0x00, 0x00,
  0x1b, 0x10, 0x00, 0x00, 0x00, 0x00, 0x00, 0x00, 0x00, 0x58, 0x01, 0x00,
  0x0b, 0x31, 0x00, 0x00, 0x00, 0x00, 0x00, 0x00, 0x00, 0x00, 0x03, 0x4f,
  0x28, 0x3c, 0x00, 0x00, 0x00, 0x00, 0x00, 0x00, 0x00, 0x00, 0x00, 0x00,
  0x00, 0x28, 0x00, 0x00, 0x00, 0x00, 0x00, 0x00, 0x00, 0x00, 0x00, 0x00,
  0x00, 0x00, 0x00, 0x00, 0x00, 0x00, 0x00, 0x00, 0x00, 0x00, 0x00, 0x00,
  0x00, 0x00, 0x00, 0x09, 0x09, 0x1a, 0x00, 0x00, 0x00, 0x00, 0x00, 0x00,
  0x00, 0x00, 0x00, 0x00, 0x08, 0x00, 0x00, 0x1b, 0x00, 0x00, 0x00, 0x00,
  0x00, 0x00, 0x33, 0x00, 0x00, 0x00, 0x00, 0x00, 0x20, 0x00, 0x00, 0x00,
  0x00, 0x00, 0x00, 0x3b, 0x26, 0x00, 0x00, 0x00, 0x1a, 0x0f, 0x00, 0x00,
  0x00, 0x00, 0x00, 0x00, 0x00, 0x56, 0x02, 0x00, 0x0a, 0x30, 0x00, 0x00,
  0x00, 0x00, 0x00, 0x00, 0x00, 0x00, 0x01, 0x4e, 0x27, 0x3b, 0x00, 0x00,
  0x00, 0x00, 0x00, 0x00, 0x00, 0x00, 0x00, 0x00, 0x00, 0x27, 0x00, 0x00,
  0x00, 0x00, 0x00, 0x00, 0x00, 0x00, 0x00, 0x00, 0x00, 0x00, 0x00, 0x00,
  0x00, 0x00, 0x00, 0x00, 0x00, 0x00, 0x00, 0x00, 0x00, 0x00, 0x00, 0x08,
  0x09, 0x1a, 0x00, 0x00, 0x00, 0x00, 0x00, 0x00, 0x00, 0x00, 0x00, 0x00,
  0x07, 0x00, 0x00, 0x1a, 0x00, 0x00, 0x00, 0x00, 0x00, 0x00, 0x49, 0x00,
  0x00, 0x00, 0x00, 0x00, 0x1f, 0x00, 0x00, 0x00, 0x00, 0x00, 0x00, 0x37,
  0x27, 0x00, 0x00, 0x00, 0x19, 0x0f, 0x00, 0x00, 0x00, 0x00, 0x00, 0x00,
  0x00, 0x55, 0x03, 0x00, 0x0a, 0x30, 0x00, 0x00, 0x00, 0x00, 0x00, 0x00,
  0x00, 0x00, 0x00, 0x4d, 0x26, 0x3a, 0x00, 0x00, 0x00, 0x00, 0x00, 0x00,
  0x00, 0x00, 0x00, 0x00, 0x00, 0x26, 0x00, 0x00, 0x00, 0x00, 0x00, 0x00,
  0x00, 0x00, 0x00, 0x00, 0x00, 0x00, 0x00, 0x00, 0x00, 0x00, 0x00, 0x00,
  0x00, 0x00, 0x00, 0x00, 0x00, 0x00, 0x00, 0x08, 0x08, 0x19, 0x00, 0x00,
  0x00, 0x00, 0x00, 0x00, 0x00, 0x07, 0x00, 0x00, 0x05, 0x00, 0x00, 0x1a,
  0x00, 0x00, 0x00, 0x00, 0x00, 0x00, 0x55, 0x00, 0x00, 0x00, 0x00, 0x00,
  0x1f, 0x00, 0x00, 0x00, 0x00, 0x00, 0x00, 0x34, 0x28, 0x00, 0x00, 0x00,
  0x19, 0x0f, 0x00, 0x00, 0x00, 0x00, 0x00, 0x00, 0x00, 0x53, 0x03, 0x00,
  0x0a, 0x2f, 0x00, 0x00, 0x00, 0x00, 0x00, 0x00, 0x00, 0x00, 0x00, 0x4c,
  0x26, 0x3a, 0x00, 0x00, 0x00, 0x00, 0x00, 0x00, 0x00, 0x00, 0x00, 0x00,
  0x00, 0x26, 0x00, 0x00, 0x00, 0x00, 0x00, 0x00, 0x00, 0x00, 0x00, 0x00,
  0x00, 0x00, 0x00, 0x00, 0x00, 0x00, 0x00, 0x00, 0x00, 0x00, 0x00, 0x00,
  0x00, 0x00, 0x00, 0x07, 0x08, 0x19, 0x00, 0x00, 0x00, 0x00, 0x00, 0x00,
  0x00, 0x21, 0x00, 0x00, 0x05, 0x00, 0x00, 0x1a, 0x00, 0x00, 0x00, 0x00,
  0x00, 0x00, 0x58, 0x00, 0x00, 0x00, 0x00, 0x00, 0x1f, 0x00, 0x00, 0x00,
  0x00, 0x00, 0x00, 0x31, 0x29, 0x00, 0x00, 0x00, 0x18, 0x0f, 0x00, 0x00,
  0x00, 0x00, 0x00, 0x00, 0x00, 0x53, 0x04, 0x00, 0x09, 0x2e, 0x00, 0x00,
  0x00, 0x00, 0x00, 0x00, 0x00, 0x00, 0x00, 0x4c, 0x26, 0x39, 0x00, 0x00,
  0x00, 0x00, 0x00, 0x00, 0x00, 0x00, 0x00, 0x00, 0x00, 0x26, 0x00, 0x00,
  0x00, 0x00, 0x00, 0x00, 0x00, 0x00, 0x00, 0x00, 0x00, 0x00, 0x00, 0x00,
  0x00, 0x00, 0x00, 0x00, 0x00, 0x00, 0x00, 0x00, 0x00, 0x00, 0x00, 0x06,
  0x08, 0x19, 0x00, 0x00, 0x00, 0x00, 0x00, 0x00, 0x00, 0x39, 0x00, 0x00,
  0x04, 0x00, 0x00, 0x19, 0x00, 0x00, 0x00, 0x00, 0x00, 0x00, 0x56, 0x00,
  0x00, 0x00, 0x00, 0x00, 0x1e, 0x00, 0x00, 0x00, 0x00, 0x00, 0x00, 0x30,
  0x29, 0x00, 0x00, 0x00, 0x18, 0x0e, 0x00, 0x00, 0x00, 0x00, 0x00, 0x00,
  0x00, 0x52, 0x05, 0x00, 0x09, 0x2e, 0x00, 0x00, 0x00, 0x00, 0x00, 0x00,
  0x00, 0x00, 0x00, 0x4b, 0x26, 0x39, 0x00, 0x00, 0x00, 0x00, 0x00, 0x00,
  0x00, 0x00, 0x00, 0x00, 0x00, 0x26, 0x00, 0x00, 0x00, 0x00, 0x00, 0x00,
  0x00, 0x00, 0x00, 0x00, 0x00, 0x00, 0x00, 0x00, 0x00, 0x00, 0x00, 0x00,
  0x00, 0x00, 0x00, 0x00, 0x00, 0x00, 0x00, 0x06, 0x07, 0x18, 0x00, 0x00,
  0x00, 0x00, 0x00, 0x00, 0x00, 0x4c, 0x00, 0x00, 0x03, 0x00, 0x00, 0x19,
  0x00, 0x00, 0x00, 0x00, 0x00, 0x00, 0x54, 0x00, 0x00, 0x00, 0x00, 0x00,
  0x1e, 0x00, 0x00, 0x00, 0x00, 0x00, 0x00, 0x30, 0x2a, 0x00, 0x00, 0x00,
  0x18, 0x0e, 0x00, 0x00, 0x00, 0x00, 0x00, 0x00, 0x00, 0x52, 0x06, 0x00,
  0x09, 0x2e, 0x00, 0x00, 0x00, 0x00, 0x00, 0x00, 0x00, 0x00, 0x00, 0x4b,
  0x26, 0x39, 0x00, 0x00, 0x00, 0x00, 0x00, 0x00, 0x00, 0x00, 0x00, 0x00,
  0x00, 0x26, 0x00, 0x00, 0x00, 0x00, 0x00, 0x00, 0x00, 0x00, 0x00, 0x00,
  0x00, 0x00, 0x00, 0x00, 0x00, 0x00, 0x00, 0x00, 0x00, 0x00, 0x00, 0x00,
  0x05, 0x00, 0x00, 0x06, 0x07, 0x18, 0x00, 0x00, 0x00, 0x00, 0x00, 0x00,
  0x00, 0x57, 0x00, 0x00, 0x02, 0x00, 0x00, 0x19, 0x00, 0x00, 0x00, 0x00,
  0x00, 0x00, 0x52, 0x00, 0x00, 0x00, 0x00, 0x00, 0x1e, 0x00, 0x00, 0x00,
  0x00, 0x00, 0x00, 0x2f, 0x2b, 0x00, 0x00, 0x00, 0x18, 0x0e, 0x00, 0x00,
  0x00, 0x00, 0x00, 0x00, 0x00, 0x51, 0x06, 0x00, 0x09, 0x2e, 0x00, 0x00,
  0x00, 0x00, 0x00, 0x00, 0x00, 0x00, 0x00, 0x4b, 0x26, 0x39, 0x00, 0x00,
  0x00, 0x00, 0x00, 0x00, 0x00, 0x00, 0x00, 0x00, 0x00, 0x26, 0x00, 0x00,
  0x00, 0x00, 0x00, 0x00, 0x00, 0x00, 0x00, 0x00, 0x00, 0x00, 0x00, 0x00,
  0x00, 0x00, 0x00, 0x00, 0x00, 0x00, 0x00, 0x00, 0x14, 0x01, 0x00, 0x06,
  0x07, 0x18, 0x00, 0x00, 0x00, 0x00, 0x00, 0x00, 0x00, 0x5b, 0x00, 0x00,
  0x01, 0x00, 0x00, 0x19, 0x00, 0x00, 0x00, 0x00, 0x00, 0x00, 0x52, 0x00,
  0x00, 0x00, 0x00, 0x00, 0x1e, 0x00, 0x00, 0x00, 0x00, 0x00, 0x00, 0x2e,
  0x2d, 0x00, 0x00, 0x00, 0x18, 0x0e, 0x00, 0x00, 0x00, 0x00, 0x00, 0x00,
  0x00, 0x51, 0x07, 0x00, 0x09, 0x2e, 0x00, 0x00, 0x00, 0x00, 0x00, 0x00,
  0x00, 0x00, 0x00, 0x4b, 0x26, 0x39, 0x00, 0x00, 0x00, 0x00, 0x00, 0x00,
  0x00, 0x00, 0x00, 0x00, 0x00, 0x26, 0x00, 0x00, 0x00, 0x00, 0x00, 0x00,
  0x00, 0x00, 0x00, 0x00, 0x00, 0x00, 0x00, 0x00, 0x00, 0x00, 0x00, 0x00,
  0x00, 0x00, 0x00, 0x00, 0x20, 0x13, 0x00, 0x06, 0x07, 0x18, 0x00, 0x00,
  0x00, 0x00, 0x00, 0x00, 0x00, 0x5c, 0x00, 0x00, 0x00, 0x00, 0x00, 0x19,
  0x00, 0x00, 0x00, 0x00, 0x00, 0x00, 0x52, 0x00, 0x00, 0x00, 0x00, 0x00,
  0x1e, 0x00, 0x00, 0x00, 0x00, 0x00, 0x00, 0x2d, 0x2e, 0x00, 0x00, 0x00,
  0x18, 0x0e, 0x00, 0x00, 0x00, 0x00, 0x00, 0x00, 0x00, 0x51, 0x08, 0x00,
  0x09, 0x2e, 0x00, 0x00, 0x00, 0x00, 0x00, 0x00, 0x00, 0x00, 0x00, 0x4b,
  0x26, 0x39, 0x00, 0x00, 0x00, 0x00, 0x00, 0x00, 0x00, 0x00, 0x00, 0x00,
  0x00, 0x26, 0x00, 0x00, 0x00, 0x00, 0x00, 0x00, 0x00, 0x00, 0x00, 0x00,
  0x00, 0x00, 0x00, 0x00, 0x00, 0x00, 0x00, 0x00, 0x00, 0x00, 0x00, 0x00,
  0x26, 0x29, 0x00, 0x05, 0x06, 0x17, 0x00, 0x00, 0x00, 0x00, 0x00, 0x00,
  0x00, 0x5c, 0x00, 0x00, 0x00, 0x00, 0x00, 0x19, 0x00, 0x00, 0x00, 0x00,
  0x00, 0x00, 0x52, 0x00, 0x00, 0x00, 0x00, 0x00, 0x1e, 0x00, 0x00, 0x00,
  0x00, 0x00, 0x00, 0x2d, 0x2f, 0x00, 0x00, 0x00, 0x18, 0x0e, 0x00, 0x00,
  0x00, 0x00, 0x00, 0x00, 0x00, 0x51, 0x09, 0x00, 0x09, 0x2f, 0x00, 0x00,
  0x00, 0x00, 0x00, 0x00, 0x00, 0x00, 0x00, 0x4c, 0x27, 0x39, 0x00, 0x00,
  0x00, 0x00, 0x00, 0x00, 0x00, 0x00, 0x00, 0x00, 0x00, 0x26, 0x00, 0x00,
  0x00, 0x00, 0x00, 0x00, 0x00, 0x00, 0x00, 0x00, 0x00, 0x00, 0x00, 0x00,
  0x00, 0x00, 0x00, 0x00, 0x00, 0x00, 0x00, 0x00, 0x28, 0x40, 0x00, 0x05,
  0x06, 0x17, 0x00, 0x00, 0x00, 0x00, 0x00, 0x00, 0x00, 0x5c, 0x00, 0x00,
  0x00, 0x00, 0x00, 0x19, 0x00, 0x00, 0x00, 0x00, 0x00, 0x00, 0x53, 0x00,
  0x00, 0x00, 0x00, 0x00, 0x1e, 0x00, 0x00, 0x00, 0x00, 0x00, 0x00, 0x2d,
  0x30, 0x00, 0x00, 0x00, 0x18, 0x0e, 0x00, 0x00, 0x00, 0x00, 0x00, 0x00,
  0x00, 0x52, 0x09, 0x00, 0x09, 0x2f, 0x00, 0x00, 0x00, 0x00, 0x00, 0x00,
  0x00, 0x00, 0x00, 0x4c, 0x27, 0x3a, 0x00, 0x00, 0x00, 0x00, 0x00, 0x00,
  0x00, 0x00, 0x00, 0x00, 0x00, 0x27, 0x00, 0x00, 0x00, 0x00, 0x00, 0x00,
  0x00, 0x00, 0x00, 0x00, 0x00, 0x00, 0x00, 0x00, 0x00, 0x00, 0x00, 0x00,
  0x00, 0x00, 0x00, 0x00, 0x27, 0x53, 0x00, 0x05, 0x06, 0x17, 0x00, 0x00,
  0x00, 0x00, 0x00, 0x00, 0x00, 0x5d, 0x00, 0x00, 0x00, 0x00, 0x00, 0x19,
  0x00, 0x00, 0x00, 0x00, 0x00, 0x00, 0x53, 0x00, 0x00, 0x00, 0x00, 0x00,
  0x1e, 0x00, 0x00, 0x00, 0x00, 0x00, 0x00, 0x2c, 0x31, 0x00, 0x00, 0x00,
  0x18, 0x0f, 0x00, 0x00, 0x00, 0x00, 0x00, 0x00, 0x00, 0x52, 0x0a, 0x00,
  0x09, 0x2f, 0x00, 0x00, 0x00, 0x00, 0x00, 0x00, 0x00, 0x00, 0x00, 0x4d,
  0x28, 0x3a, 0x00, 0x00, 0x00, 0x00, 0x00, 0x00, 0x00, 0x00, 0x00, 0x00,
  0x00, 0x27, 0x00, 0x00, 0x00, 0x00, 0x00, 0x00, 0x00, 0x00, 0x00, 0x00,
  0x07, 0x00, 0x00, 0x00, 0x00, 0x00, 0x00, 0x00, 0x00, 0x00, 0x00, 0x00,
  0x25, 0x62, 0x00, 0x05, 0x06, 0x18, 0x00, 0x00, 0x00, 0x00, 0x00, 0x00,
  0x00, 0x5e, 0x00, 0x00, 0x00, 0x00, 0x00, 0x19, 0x00, 0x00, 0x00, 0x00,
  0x00, 0x00, 0x54, 0x00, 0x00, 0x00, 0x00, 0x00, 0x1e, 0x00, 0x00, 0x00,
  0x00, 0x00, 0x00, 0x2d, 0x32, 0x00, 0x00, 0x00, 0x19, 0x0f, 0x00, 0x00,
  0x00, 0x00, 0x00, 0x00, 0x00, 0x52, 0x0b, 0x00, 0x09, 0x30, 0x00, 0x00,
  0x00, 0x00, 0x00, 0x00, 0x00, 0x00, 0x00, 0x4e, 0x28, 0x3b, 0x00, 0x00,
  0x00, 0x00, 0x00, 0x00, 0x00, 0x00, 0x00, 0x00, 0x00, 0x28, 0x00, 0x00,
  0x00, 0x00, 0x00, 0x00, 0x00, 0x00, 0x00, 0x00, 0x0e, 0x00, 0x00, 0x00,
  0x00, 0x00, 0x00, 0x00, 0x00, 0x00, 0x00, 0x00, 0x24, 0x6d, 0x00, 0x03,
  0x06, 0x18, 0x00, 0x00, 0x00, 0x00, 0x00, 0x00, 0x00, 0x5e, 0x00, 0x00,
  0x00, 0x00, 0x00, 0x19, 0x00, 0x00, 0x00, 0x00, 0x00, 0x00, 0x55, 0x00,
  0x00, 0x00, 0x00, 0x00, 0x1f, 0x00, 0x00, 0x00, 0x00, 0x00, 0x00, 0x2d,
  0x33, 0x00, 0x00, 0x00, 0x19, 0x0f, 0x00, 0x00, 0x00, 0x00, 0x00, 0x00,
  0x00, 0x53, 0x0c, 0x00, 0x09, 0x30, 0x00, 0x00, 0x00, 0x00, 0x00, 0x00,
  0x00, 0x00, 0x00, 0x4e, 0x29, 0x3b, 0x00, 0x00, 0x00, 0x00, 0x00, 0x00,
  0x00, 0x00, 0x00, 0x00, 0x00, 0x28, 0x00, 0x00, 0x00, 0x00, 0x00, 0x00,
  0x00, 0x00, 0x00, 0x00, 0x11, 0x05, 0x00, 0x00, 0x00, 0x00, 0x00, 0x00,
  0x00, 0x00, 0x00, 0x00, 0x24, 0x73, 0x07, 0x02, 0x06, 0x18, 0x00, 0x00,
  0x00, 0x00, 0x00, 0x00, 0x00, 0x5f, 0x00, 0x00, 0x00, 0x00, 0x00, 0x1a,
  0x00, 0x00, 0x00, 0x00, 0x00, 0x00, 0x56, 0x00, 0x00, 0x00, 0x00, 0x00,
  0x1f, 0x00, 0x00, 0x00, 0x00, 0x00, 0x00, 0x2d, 0x35, 0x00, 0x00, 0x00,
  0x19, 0x0f, 0x00, 0x00, 0x00, 0x00, 0x00, 0x00, 0x00, 0x54, 0x0d, 0x00,
  0x09, 0x31, 0x00, 0x00, 0x00, 0x00, 0x00, 0x00, 0x00, 0x00, 0x00, 0x4f,
  0x29, 0x3c, 0x00, 0x00, 0x00, 0x00, 0x00, 0x00, 0x00, 0x00, 0x00, 0x00,
  0x00, 0x29, 0x00, 0x00, 0x00, 0x00, 0x00, 0x00, 0x00, 0x00, 0x00, 0x00,
  0x13, 0x0f, 0x00, 0x00, 0x00, 0x00, 0x00, 0x00, 0x00, 0x00, 0x00, 0x00,
  0x24, 0x77, 0x17, 0x01, 0x06, 0x18, 0x00, 0x00, 0x00, 0x00, 0x00, 0x00,
  0x00, 0x61, 0x00, 0x00, 0x00, 0x00, 0x00, 0x1a, 0x00, 0x00, 0x00, 0x00,
  0x00, 0x00, 0x57, 0x00, 0x00, 0x00, 0x00, 0x00, 0x1f, 0x00, 0x00, 0x00,
  0x00, 0x00, 0x00, 0x2e, 0x36, 0x00, 0x00, 0x00, 0x19, 0x0f, 0x00, 0x00,
  0x00, 0x00, 0x00, 0x00, 0x00, 0x55, 0x0d, 0x00, 0x0a, 0x31, 0x00, 0x00,
  0x00, 0x00, 0x00, 0x00, 0x00, 0x00, 0x00, 0x50, 0x2a, 0x3d, 0x00, 0x00,
  0x00, 0x00, 0x00, 0x00, 0x00, 0x00, 0x00, 0x00, 0x00, 0x29, 0x00, 0x00,
  0x00, 0x00, 0x00, 0x00, 0x00, 0x00, 0x00, 0x00, 0x13, 0x19, 0x00, 0x00,
  0x00, 0x00, 0x00, 0x00, 0x00, 0x00, 0x00, 0x00, 0x24, 0x78, 0x29, 0x01,
  0x06, 0x18, 0x00, 0x00, 0x00, 0x00, 0x00, 0x00, 0x00, 0x62, 0x00, 0x00,
  0x00, 0x00, 0x00, 0x1a, 0x00, 0x00, 0x00, 0x00, 0x00, 0x00, 0x58, 0x00,
  0x00, 0x00, 0x00, 0x00, 0x20, 0x00, 0x00, 0x00, 0x00, 0x00, 0x00, 0x2e,
  0x38, 0x00, 0x00, 0x00, 0x1a, 0x10, 0x00, 0x00, 0x00, 0x00, 0x00, 0x00,
  0x00, 0x56, 0x0e, 0x00, 0x0a, 0x32, 0x00, 0x00, 0x00, 0x00, 0x00, 0x00,
  0x00, 0x00, 0x00, 0x51, 0x2b, 0x3e, 0x00, 0x00, 0x00, 0x00, 0x00, 0x00,
  0x00, 0x00, 0x00, 0x00, 0x00, 0x2a, 0x00, 0x00, 0x00, 0x00, 0x00, 0x00,
  0x00, 0x00, 0x00, 0x00, 0x12, 0x20, 0x00, 0x00, 0x00, 0x00, 0x00, 0x00,
  0x00, 0x00, 0x00, 0x00, 0x25, 0x78, 0x39, 0x06, 0x05, 0x18, 0x00, 0x00,
  0x00, 0x00, 0x00, 0x00, 0x00, 0x64, 0x00, 0x00, 0x00, 0x00, 0x00, 0x1a,
  0x00, 0x00, 0x00, 0x00, 0x00, 0x00, 0x5a, 0x00, 0x00, 0x00, 0x00, 0x00,
  0x20, 0x00, 0x00, 0x00, 0x00, 0x00, 0x00, 0x2f, 0x39, 0x00, 0x00, 0x00,
  0x1b, 0x10, 0x00, 0x00, 0x00, 0x00, 0x00, 0x00, 0x00, 0x57, 0x0f, 0x00,
  0x0a, 0x33, 0x00, 0x00, 0x00, 0x00, 0x00, 0x00, 0x00, 0x00, 0x00, 0x53,
  0x2c, 0x3f, 0x00, 0x00, 0x00, 0x00, 0x00, 0x00, 0x00, 0x00, 0x00, 0x00,
  0x00, 0x2b, 0x00, 0x00, 0x00, 0x00, 0x00, 0x00, 0x00, 0x00, 0x00, 0x00,
  0x12, 0x24, 0x00, 0x00, 0x00, 0x00, 0x00, 0x00, 0x00, 0x00, 0x00, 0x00,
  0x26, 0x79, 0x46, 0x0e, 0x05, 0x19, 0x00, 0x00, 0x00, 0x00, 0x00, 0x00,
  0x00, 0x66, 0x00, 0x00, 0x00, 0x00, 0x00, 0x1b, 0x00, 0x00, 0x00, 0x00,
  0x00, 0x00, 0x5c, 0x00, 0x00, 0x00, 0x00, 0x00, 0x21, 0x00, 0x00, 0x00,
  0x00, 0x00, 0x00, 0x2f, 0x3b, 0x00, 0x00, 0x00, 0x1b, 0x10, 0x00, 0x00,
  0x00, 0x00, 0x00, 0x00, 0x00, 0x59, 0x10, 0x00, 0x0a, 0x34, 0x00, 0x00,
  0x00, 0x00, 0x00, 0x00, 0x00, 0x00, 0x00, 0x54, 0x2d, 0x40, 0x00, 0x00,
  0x00, 0x00, 0x00, 0x00, 0x00, 0x00, 0x00, 0x00, 0x00, 0x2c, 0x00, 0x00,
  0x00, 0x00, 0x00, 0x00, 0x00, 0x00, 0x00, 0x00, 0x13, 0x25, 0x00, 0x00,
  0x00, 0x00, 0x00, 0x00, 0x00, 0x00, 0x00, 0x00, 0x26, 0x79, 0x4f, 0x1c,
  0x03, 0x19, 0x00, 0x00, 0x00, 0x00, 0x00, 0x00, 0x00, 0x68, 0x00, 0x00,
  0x00, 0x00, 0x00, 0x1b, 0x00, 0x00, 0x00, 0x00, 0x00, 0x00, 0x5e, 0x00,
  0x00, 0x00, 0x00, 0x00, 0x21, 0x00, 0x00, 0x00, 0x00, 0x00, 0x00, 0x30,
  0x3d, 0x00, 0x00, 0x00, 0x1c, 0x11, 0x00, 0x00, 0x00, 0x00, 0x00, 0x00,
  0x00, 0x5b, 0x11, 0x00, 0x0a, 0x35, 0x00, 0x00, 0x00, 0x00, 0x00, 0x00,
  0x00, 0x00, 0x00, 0x56, 0x2e, 0x42, 0x00, 0x00, 0x00, 0x00, 0x00, 0x00,
  0x00, 0x00, 0x00, 0x00, 0x00, 0x2d, 0x00, 0x00, 0x00, 0x00, 0x00, 0x00,
  0x00, 0x00, 0x00, 0x00, 0x13, 0x26, 0x00, 0x00, 0x00, 0x00, 0x00, 0x00,
  0x00, 0x00, 0x00, 0x00, 0x27, 0x7a, 0x56, 0x2d, 0x01, 0x1a, 0x00, 0x00,
  0x00, 0x00, 0x00, 0x00, 0x00, 0x6a, 0x00, 0x00, 0x00, 0x00, 0x00, 0x1c,
  0x00, 0x00, 0x00, 0x00, 0x00, 0x00, 0x60, 0x00, 0x00, 0x00, 0x00, 0x00,
  0x23, 0x00, 0x00, 0x00, 0x00, 0x00, 0x00, 0x32, 0x3f, 0x00, 0x00, 0x00,
  0x1c, 0x11, 0x00, 0x00, 0x00, 0x00, 0x00, 0x00, 0x00, 0x5e, 0x12, 0x00,
  0x0b, 0x37, 0x00, 0x00, 0x00, 0x00, 0x00, 0x00, 0x00, 0x00, 0x00, 0x58,
  0x2f, 0x43, 0x00, 0x00, 0x00, 0x00, 0x00, 0x00, 0x00, 0x00, 0x00, 0x00,
  0x00, 0x2e, 0x00, 0x00, 0x00, 0x00, 0x00, 0x00, 0x00, 0x00, 0x00, 0x00,
  0x13, 0x26, 0x00, 0x00, 0x00, 0x00, 0x00, 0x00, 0x00, 0x00, 0x00, 0x00,
  0x28, 0x7b, 0x5b, 0x41, 0x00, 0x1a, 0x00, 0x00, 0x00, 0x00, 0x00, 0x00,
  0x00, 0x6d, 0x00, 0x00, 0x00, 0x00, 0x00, 0x1c, 0x00, 0x00, 0x00, 0x00,
  0x00, 0x00, 0x62, 0x00, 0x00, 0x00, 0x00, 0x00, 0x23, 0x00, 0x00, 0x00,
  0x00, 0x00, 0x00, 0x33, 0x41, 0x00, 0x00, 0x00, 0x1d, 0x12, 0x00, 0x00,
  0x00, 0x00, 0x00, 0x00, 0x00, 0x60, 0x13, 0x00, 0x0c, 0x38, 0x00, 0x00,
  0x00, 0x00, 0x00, 0x00, 0x00, 0x00, 0x00, 0x5a, 0x31, 0x45, 0x00, 0x00,
  0x00, 0x00, 0x00, 0x00, 0x00, 0x00, 0x00, 0x00, 0x00, 0x30, 0x00, 0x00,
  0x00, 0x00, 0x00, 0x00, 0x00, 0x00, 0x00, 0x00, 0x14, 0x27, 0x00, 0x00,
  0x00, 0x00, 0x00, 0x00, 0x00, 0x00, 0x00, 0x00, 0x28, 0x7d, 0x5d, 0x51,
  0x00, 0x1b, 0x00, 0x00, 0x00, 0x00, 0x00, 0x00, 0x00, 0x6f, 0x00, 0x00,
  0x00, 0x00, 0x00, 0x1d, 0x00, 0x00, 0x00, 0x00, 0x00, 0x00, 0x65, 0x00,
  0x00, 0x00, 0x00, 0x00, 0x24, 0x00, 0x00, 0x00, 0x00, 0x00, 0x00, 0x34,
  0x43, 0x00, 0x00, 0x00, 0x1e, 0x13, 0x00, 0x00, 0x00, 0x00, 0x00, 0x00,
  0x00, 0x63, 0x14, 0x00, 0x0c, 0x3a, 0x00, 0x00, 0x00, 0x00, 0x00, 0x00,
  0x00, 0x00, 0x00, 0x5d, 0x33, 0x47, 0x00, 0x00, 0x00, 0x00, 0x00, 0x00,
  0x00, 0x00, 0x00, 0x00, 0x00, 0x32, 0x00, 0x00, 0x00, 0x00, 0x00, 0x00,
  0x00, 0x00, 0x00, 0x00, 0x14, 0x28, 0x00, 0x00, 0x00, 0x00, 0x00, 0x00,
  0x00, 0x00, 0x00, 0x00, 0x29, 0x7f, 0x5f, 0x60, 0x01, 0x1c, 0x00, 0x00,
  0x00, 0x00, 0x00, 0x00, 0x00, 0x72, 0x00, 0x00, 0x01, 0x00, 0x00, 0x1e,
  0x00, 0x00, 0x00, 0x00, 0x00, 0x00, 0x69, 0x00, 0x00, 0x00, 0x00, 0x00,
  0x25, 0x00, 0x00, 0x00, 0x00, 0x00, 0x00, 0x36, 0x45, 0x00, 0x00, 0x00,
  0x20, 0x14, 0x00, 0x00, 0x00, 0x00, 0x00, 0x00, 0x00, 0x66, 0x15, 0x00,
  0x0d, 0x3b, 0x00, 0x00, 0x00, 0x00, 0x00, 0x00, 0x00, 0x00, 0x00, 0x60,
  0x35, 0x4a, 0x00, 0x00, 0x00, 0x00, 0x00, 0x00, 0x00, 0x00, 0x00, 0x00,
  0x00, 0x33, 0x00, 0x00, 0x00, 0x00, 0x00, 0x00, 0x00, 0x00, 0x00, 0x00,
  0x15, 0x29, 0x00, 0x00, 0x00, 0x00, 0x00, 0x00, 0x00, 0x00, 0x00, 0x00,
  0x2a, 0x81, 0x5f, 0x6e, 0x04, 0x1c, 0x00, 0x00, 0x00, 0x00, 0x00, 0x00,
  0x00, 0x73, 0x00, 0x00, 0x09, 0x00, 0x00, 0x1f, 0x00, 0x00, 0x00, 0x00,
  0x00, 0x00, 0x6c, 0x00, 0x00, 0x00, 0x00, 0x00, 0x27, 0x00, 0x00, 0x00,
  0x00, 0x00, 0x00, 0x39, 0x48, 0x00, 0x00, 0x00, 0x21, 0x15, 0x00, 0x00,
  0x00, 0x00, 0x00, 0x00, 0x00, 0x69, 0x16, 0x00, 0x0e, 0x3e, 0x00, 0x00,
  0x00, 0x00, 0x00, 0x00, 0x00, 0x00, 0x00, 0x64, 0x37, 0x4c, 0x00, 0x00,
  0x00, 0x00, 0x00, 0x00, 0x00, 0x00, 0x00, 0x00, 0x00, 0x36, 0x00, 0x00,
  0x00, 0x00, 0x00, 0x00, 0x00, 0x00, 0x00, 0x00, 0x16, 0x2a, 0x00, 0x00,
  0x00, 0x00, 0x00, 0x00, 0x00, 0x00, 0x00, 0x00, 0x2a, 0x82, 0x60, 0x7a,
  0x07, 0x1d, 0x00, 0x00, 0x00, 0x00, 0x00, 0x00, 0x00, 0x75, 0x01, 0x00,
  0x14, 0x00, 0x00, 0x20, 0x00, 0x00, 0x00, 0x00, 0x00, 0x00, 0x6f, 0x01,
  0x00, 0x00, 0x00, 0x00, 0x28, 0x00, 0x00, 0x00, 0x00, 0x00, 0x00, 0x3c,
  0x4b, 0x00, 0x00, 0x00, 0x23, 0x16, 0x00, 0x00, 0x00, 0x00, 0x00, 0x00,
  0x00, 0x6d, 0x18, 0x00, 0x0f, 0x41, 0x00, 0x00, 0x00, 0x00, 0x00, 0x00,
  0x00, 0x00, 0x00, 0x68, 0x39, 0x50, 0x00, 0x00, 0x00, 0x00, 0x00, 0x00,
  0x00, 0x00, 0x00, 0x00, 0x00, 0x38, 0x00, 0x00, 0x00, 0x00, 0x00, 0x00,
  0x00, 0x00, 0x00, 0x00, 0x16, 0x2a, 0x00, 0x00, 0x00, 0x00, 0x00, 0x00,
  0x00, 0x00, 0x00, 0x00, 0x2b, 0x84, 0x60, 0x81, 0x0a, 0x1e, 0x00, 0x00,
  0x00, 0x00, 0x00, 0x00, 0x00, 0x77, 0x01, 0x00, 0x20, 0x00, 0x00, 0x22,
  0x00, 0x00, 0x00, 0x00, 0x00, 0x00, 0x72, 0x02, 0x00, 0x00, 0x00, 0x00,
  0x2b, 0x00, 0x00, 0x00, 0x00, 0x00, 0x00, 0x3f, 0x4e, 0x00, 0x00, 0x00,
  0x25, 0x18, 0x00, 0x00, 0x00, 0x00, 0x00, 0x00, 0x00, 0x72, 0x1a, 0x00,
  0x11, 0x44, 0x00, 0x00, 0x00, 0x00, 0x00, 0x00, 0x00, 0x00, 0x00, 0x6d,
  0x3c, 0x54, 0x00, 0x00, 0x00, 0x00, 0x00, 0x00, 0x00, 0x00, 0x00, 0x00,
  0x00, 0x3b, 0x00, 0x00, 0x00, 0x00, 0x00, 0x00, 0x00, 0x00, 0x00, 0x00,
  0x16, 0x2b, 0x00, 0x00, 0x00, 0x00, 0x00, 0x00, 0x00, 0x00, 0x00, 0x00,
  0x2c, 0x86, 0x61, 0x86, 0x0d, 0x1f, 0x01, 0x00, 0x00, 0x00, 0x00, 0x00,
  0x00, 0x78, 0x01, 0x00, 0x2f, 0x00, 0x00, 0x24, 0x00, 0x00, 0x00, 0x00,
  0x00, 0x00, 0x74, 0x02, 0x00, 0x00, 0x00, 0x00, 0x2c, 0x00, 0x00, 0x00,
  0x00, 0x00, 0x00, 0x41, 0x52, 0x00, 0x00, 0x00, 0x27, 0x19, 0x00, 0x00,
  0x00, 0x00, 0x00, 0x00, 0x00, 0x78, 0x1c, 0x00, 0x12, 0x47, 0x00, 0x00,
  0x00, 0x00, 0x00, 0x00, 0x00, 0x00, 0x00, 0x72, 0x3f, 0x58, 0x00, 0x00,
  0x00, 0x00, 0x00, 0x00, 0x00, 0x00, 0x00, 0x00, 0x00, 0x3e, 0x00, 0x00,
  0x00, 0x00, 0x00, 0x00, 0x00, 0x00, 0x00, 0x00, 0x17, 0x2b, 0x00, 0x00,
  0x00, 0x00, 0x00, 0x00, 0x00, 0x00, 0x00, 0x00, 0x2d, 0x87, 0x62, 0x88,
  0x0e, 0x21, 0x01, 0x00, 0x00, 0x00, 0x00, 0x00, 0x00, 0x79, 0x01, 0x00,
  0x3c, 0x00, 0x00, 0x26, 0x00, 0x00, 0x00, 0x00, 0x00, 0x00, 0x75, 0x02,
  0x00, 0x00, 0x00, 0x00, 0x2f, 0x00, 0x00, 0x00, 0x00, 0x00, 0x00, 0x43,
  0x55, 0x00, 0x00, 0x00, 0x2a, 0x1b, 0x00, 0x00, 0x00, 0x00, 0x00, 0x00,
  0x00, 0x7e, 0x1e, 0x00, 0x14, 0x4b, 0x00, 0x00, 0x00, 0x00, 0x00, 0x00,
  0x00, 0x00, 0x00, 0x78, 0x43, 0x5d, 0x00, 0x00, 0x00, 0x00, 0x00, 0x00,
  0x00, 0x00, 0x00, 0x00, 0x00, 0x42, 0x00, 0x00, 0x00, 0x00, 0x00, 0x00,
  0x00, 0x00, 0x00, 0x00, 0x18, 0x2c, 0x00, 0x00, 0x00, 0x00, 0x00, 0x00,
  0x00, 0x00, 0x00, 0x00, 0x2d, 0x89, 0x63, 0x8a, 0x10, 0x24, 0x02, 0x00,
  0x00, 0x00, 0x00, 0x00, 0x00, 0x7c, 0x02, 0x00, 0x4a, 0x09, 0x00, 0x29,
  0x00, 0x00, 0x00, 0x00, 0x00, 0x00, 0x77, 0x02, 0x00, 0x00, 0x00, 0x00,
  0x33, 0x00, 0x00, 0x00, 0x00, 0x00, 0x00, 0x44, 0x57, 0x00, 0x00, 0x00,
  0x2c, 0x1e, 0x00, 0x00, 0x00, 0x00, 0x00, 0x00, 0x00, 0x84, 0x21, 0x00,
  0x16, 0x50, 0x00, 0x00, 0x00, 0x00, 0x00, 0x00, 0x00, 0x00, 0x00, 0x7e,
  0x47, 0x62, 0x00, 0x00, 0x00, 0x00, 0x00, 0x00, 0x00, 0x00, 0x00, 0x00,
  0x00, 0x46, 0x00, 0x00, 0x00, 0x00, 0x00, 0x00, 0x00, 0x00, 0x00, 0x00,
  0x18, 0x2d, 0x00, 0x00, 0x00, 0x00, 0x00, 0x00, 0x00, 0x00, 0x00, 0x00,
  0x2e, 0x8a, 0x65, 0x8b, 0x10, 0x26, 0x03, 0x00, 0x00, 0x00, 0x00, 0x00,
  0x00, 0x7d, 0x02, 0x00, 0x55, 0x12, 0x00, 0x2b, 0x00, 0x00, 0x00, 0x00,
  0x00, 0x00, 0x78, 0x02, 0x00, 0x00, 0x00, 0x00, 0x37, 0x00, 0x00, 0x00,
  0x00, 0x00, 0x00, 0x45, 0x58, 0x00, 0x00, 0x00, 0x30, 0x21, 0x00, 0x00,
  0x00, 0x00, 0x00, 0x00, 0x00, 0x86, 0x24, 0x00, 0x19, 0x56, 0x00, 0x00,
  0x00, 0x00, 0x00, 0x00, 0x00, 0x00, 0x02, 0x86, 0x4c, 0x69, 0x00, 0x00,
  0x00, 0x00, 0x00, 0x00, 0x00, 0x00, 0x00, 0x00, 0x00, 0x4b, 0x00, 0x00,
  0x00, 0x00, 0x00, 0x00, 0x00, 0x00, 0x00, 0x00, 0x19, 0x2e, 0x00, 0x02,
  0x00, 0x00, 0x00, 0x00, 0x00, 0x00, 0x00, 0x00, 0x2f, 0x8c, 0x66, 0x8d,
  0x11, 0x2a, 0x05, 0x00, 0x00, 0x00, 0x00, 0x00, 0x00, 0x7e, 0x03, 0x00,
  0x60, 0x1a, 0x00, 0x30, 0x00, 0x00, 0x00, 0x00, 0x00, 0x00, 0x7a, 0x03,
  0x00, 0x00, 0x00, 0x00, 0x3b, 0x00, 0x00, 0x00, 0x00, 0x00, 0x00, 0x46,
  0x59, 0x00, 0x00, 0x00, 0x34, 0x24, 0x00, 0x00, 0x00, 0x00, 0x00, 0x00,
  0x00, 0x88, 0x24, 0x00, 0x1b, 0x5c, 0x00, 0x00, 0x00, 0x00, 0x00, 0x00,
  0x00, 0x00, 0x02, 0x8e, 0x52, 0x71, 0x00, 0x00, 0x00, 0x00, 0x00, 0x00,
  0x00, 0x00, 0x00, 0x00, 0x00, 0x51, 0x00, 0x00, 0x00, 0x00, 0x00, 0x00,
  0x00, 0x00, 0x00, 0x00, 0x1a, 0x2e, 0x00, 0x03, 0x00, 0x00, 0x00, 0x00,
  0x00, 0x00, 0x00, 0x00, 0x30, 0x8d, 0x67, 0x8e, 0x12, 0x2d, 0x06, 0x00,
  0x00, 0x00, 0x00, 0x00, 0x00, 0x80, 0x03, 0x00, 0x69, 0x1f, 0x00, 0x34,
  0x00, 0x00, 0x00, 0x00, 0x00, 0x00, 0x7b, 0x03, 0x00, 0x00, 0x00, 0x00,
  0x41, 0x00, 0x00, 0x00, 0x00, 0x00, 0x00, 0x47, 0x5a, 0x00, 0x00, 0x00,
  0x3a, 0x28, 0x00, 0x00, 0x00, 0x00, 0x00, 0x00, 0x00, 0x8a, 0x25, 0x00,
  0x1e, 0x64, 0x00, 0x00, 0x00, 0x00, 0x00, 0x00, 0x00, 0x00, 0x03, 0x91,
  0x57, 0x7a, 0x00, 0x00, 0x00, 0x00, 0x00, 0x00, 0x00, 0x00, 0x00, 0x00,
  0x02, 0x56, 0x00, 0x00, 0x00, 0x00, 0x00, 0x00, 0x00, 0x00, 0x00, 0x00,
  0x1a, 0x2f, 0x00, 0x04, 0x00, 0x00, 0x00, 0x00, 0x00, 0x00, 0x00, 0x00,
  0x31, 0x8f, 0x68, 0x8f, 0x14, 0x32, 0x08, 0x00, 0x00, 0x00, 0x00, 0x00,
  0x00, 0x81, 0x03, 0x00, 0x70, 0x23, 0x00, 0x3a, 0x00, 0x00, 0x00, 0x00,
  0x00, 0x00, 0x7c, 0x03, 0x00, 0x00, 0x00, 0x00, 0x47, 0x00, 0x00, 0x00,
  0x00, 0x00, 0x00, 0x49, 0x5b, 0x00, 0x00, 0x00, 0x40, 0x2c, 0x00, 0x00,
  0x00, 0x00, 0x00, 0x00, 0x00, 0x8b, 0x26, 0x00, 0x23, 0x6d, 0x00, 0x00,
  0x00, 0x00, 0x00, 0x00, 0x00, 0x00, 0x03, 0x92, 0x5a, 0x85, 0x00, 0x00,
  0x00, 0x00, 0x00, 0x00, 0x00, 0x00, 0x00, 0x00, 0x02, 0x5a, 0x00, 0x00,
  0x00, 0x00, 0x00, 0x00, 0x00, 0x00, 0x00, 0x00, 0x1b, 0x30, 0x00, 0x05,
  0x00, 0x00, 0x00, 0x00, 0x00, 0x00, 0x00, 0x00, 0x31, 0x90, 0x69, 0x91,
  0x16, 0x38, 0x0a, 0x00, 0x00, 0x00, 0x00, 0x00, 0x00, 0x83, 0x04, 0x00,
  0x76, 0x25, 0x00, 0x40, 0x00, 0x00, 0x00, 0x00, 0x00, 0x00, 0x7e, 0x04,
  0x00, 0x06, 0x00, 0x00, 0x4f, 0x00, 0x00, 0x00, 0x00, 0x00, 0x00, 0x49,
  0x5d, 0x00, 0x00, 0x00, 0x47, 0x32, 0x00, 0x00, 0x00, 0x00, 0x00, 0x00,
  0x00, 0x8d, 0x27, 0x00, 0x29, 0x78, 0x00, 0x00, 0x00, 0x00, 0x00, 0x00,
  0x00, 0x00, 0x03, 0x94, 0x5c, 0x8f, 0x00, 0x00, 0x00, 0x00, 0x00, 0x00,
  0x00, 0x00, 0x00, 0x00, 0x02, 0x5b, 0x00, 0x00, 0x00, 0x00, 0x00, 0x00,
  0x00, 0x00, 0x00, 0x00, 0x1b, 0x30, 0x00, 0x07, 0x00, 0x00, 0x00, 0x00,
  0x00, 0x00, 0x00, 0x00, 0x32, 0x92, 0x6a, 0x93, 0x19, 0x3e, 0x0d, 0x00,
  0x00, 0x00, 0x00, 0x00, 0x00, 0x84, 0x04, 0x00, 0x7c, 0x26, 0x00, 0x48,
  0x00, 0x00, 0x00, 0x00, 0x00, 0x00, 0x7f, 0x05, 0x00, 0x11, 0x00, 0x00,
  0x58, 0x00, 0x00, 0x00, 0x00, 0x00, 0x00, 0x4b, 0x5d, 0x00, 0x00, 0x00,
  0x4f, 0x38, 0x00, 0x00, 0x00, 0x00, 0x00, 0x00, 0x00, 0x8e, 0x28, 0x00,
  0x2e, 0x83, 0x00, 0x00, 0x00, 0x00, 0x00, 0x00, 0x00, 0x00, 0x04, 0x95,
  0x5d, 0x93, 0x00, 0x00, 0x00, 0x00, 0x00, 0x00, 0x00, 0x00, 0x00, 0x00,
  0x02, 0x5c, 0x00, 0x00, 0x00, 0x00, 0x00, 0x00, 0x00, 0x00, 0x00, 0x00,
  0x1c, 0x31, 0x00, 0x0a, 0x00, 0x00, 0x00, 0x00, 0x00, 0x00, 0x00, 0x00,
  0x33, 0x93, 0x6b, 0x95, 0x1c, 0x45, 0x0f, 0x00, 0x00, 0x00, 0x00, 0x00,
  0x00, 0x86, 0x05, 0x00, 0x82, 0x27, 0x00, 0x50, 0x00, 0x00, 0x00, 0x00,
  0x00, 0x00, 0x81, 0x05, 0x00, 0x1d, 0x03, 0x00, 0x62, 0x00, 0x00, 0x00,
  0x00, 0x00, 0x00, 0x4b, 0x5f, 0x00, 0x00, 0x00, 0x58, 0x3f, 0x00, 0x00,
  0x00, 0x00, 0x00, 0x00, 0x00, 0x90, 0x29, 0x00, 0x2f, 0x8c, 0x00, 0x00,
  0x00, 0x00, 0x00, 0x00, 0x00, 0x00, 0x04, 0x97, 0x5e, 0x95, 0x00, 0x00,
  0x00, 0x00, 0x00, 0x00, 0x00, 0x00, 0x00, 0x00, 0x03, 0x5d, 0x00, 0x00,
  0x00, 0x00, 0x00, 0x00, 0x00, 0x00, 0x00, 0x00, 0x1c, 0x32, 0x00, 0x0c,
  0x00, 0x00, 0x00, 0x00, 0x00, 0x00, 0x00, 0x00, 0x34, 0x96, 0x6c, 0x98,
  0x20, 0x4d, 0x13, 0x00, 0x00, 0x00, 0x00, 0x00, 0x00, 0x88, 0x05, 0x00,
  0x87, 0x27, 0x00, 0x59, 0x00, 0x00, 0x00, 0x00, 0x00, 0x00, 0x83, 0x05,
  0x00, 0x2b, 0x03, 0x00, 0x6c, 0x00, 0x00, 0x00, 0x00, 0x00, 0x00, 0x4c,
  0x60, 0x00, 0x00, 0x00, 0x61, 0x47, 0x00, 0x00, 0x00, 0x00, 0x00, 0x00,
  0x00, 0x92, 0x29, 0x00, 0x30, 0x8f, 0x00, 0x00, 0x00, 0x00, 0x00, 0x00,
  0x00, 0x00, 0x05, 0x99, 0x5f, 0x96, 0x00, 0x00, 0x00, 0x00, 0x00, 0x00,
  0x00, 0x00, 0x00, 0x00, 0x03, 0x5e, 0x00, 0x00, 0x00, 0x00, 0x00, 0x00,
  0x00, 0x00, 0x00, 0x00, 0x1d, 0x33, 0x00, 0x0f, 0x02, 0x00, 0x00, 0x00,
  0x00, 0x00, 0x00, 0x00, 0x35, 0x97, 0x6d, 0x9a, 0x24, 0x56, 0x17, 0x00,
  0x00, 0x00, 0x00, 0x00, 0x00, 0x88, 0x05, 0x00, 0x8c, 0x26, 0x00, 0x64,
  0x00, 0x00, 0x00, 0x00, 0x00, 0x00, 0x84, 0x05, 0x00, 0x37, 0x03, 0x02,
  0x79, 0x00, 0x00, 0x00, 0x00, 0x00, 0x00, 0x4e, 0x61, 0x00, 0x00, 0x00,
  0x64, 0x4d, 0x00, 0x00, 0x00, 0x00, 0x00, 0x00, 0x00, 0x93, 0x2a, 0x00,
  0x30, 0x91, 0x00, 0x00, 0x00, 0x00, 0x00, 0x00, 0x00, 0x00, 0x05, 0x9a,
  0x60, 0x98, 0x00, 0x00, 0x00, 0x00, 0x00, 0x00, 0x00, 0x00, 0x00, 0x00,
  0x04, 0x5f, 0x00, 0x00, 0x00, 0x00, 0x00, 0x00, 0x00, 0x00, 0x00, 0x00,
  0x1e, 0x33, 0x00, 0x12, 0x03, 0x00, 0x00, 0x00, 0x00, 0x00, 0x00, 0x00,
  0x35, 0x98, 0x6e, 0x9d, 0x29, 0x61, 0x1b, 0x00, 0x00, 0x00, 0x00, 0x00,
  0x00, 0x8a, 0x05, 0x00, 0x91, 0x25, 0x00, 0x71, 0x00, 0x00, 0x00, 0x00,
  0x00, 0x00, 0x86, 0x06, 0x00, 0x42, 0x03, 0x03, 0x84, 0x00, 0x00, 0x00,
  0x00, 0x00, 0x00, 0x4e, 0x63, 0x00, 0x00, 0x00, 0x65, 0x4e, 0x00, 0x00,
  0x00, 0x00, 0x00, 0x00, 0x00, 0x95, 0x2b, 0x00, 0x31, 0x92, 0x00, 0x00,
  0x00, 0x00, 0x00, 0x00, 0x00, 0x00, 0x05, 0x9c, 0x61, 0x99, 0x00, 0x00,
  0x00, 0x00, 0x00, 0x00, 0x00, 0x00, 0x00, 0x00, 0x04, 0x60, 0x00, 0x00,
  0x00, 0x00, 0x00, 0x00, 0x00, 0x00, 0x00, 0x00, 0x1e, 0x34, 0x00, 0x16,
  0x06, 0x00, 0x00, 0x00, 0x00, 0x00, 0x00, 0x00, 0x36, 0x9a, 0x6f, 0xa0,
  0x2f, 0x6d, 0x20, 0x00, 0x00, 0x00, 0x00, 0x00, 0x00, 0x8c, 0x06, 0x00,
  0x95, 0x25, 0x03, 0x7e, 0x00, 0x00, 0x00, 0x00, 0x00, 0x00, 0x87, 0x06,
  0x00, 0x4a, 0x02, 0x03, 0x88, 0x00, 0x00, 0x00, 0x00, 0x00, 0x00, 0x4f,
  0x64, 0x00, 0x00, 0x00, 0x67, 0x4e, 0x00, 0x00, 0x00, 0x00, 0x00, 0x00,
  0x00, 0x97, 0x2b, 0x00, 0x32, 0x94, 0x00, 0x00, 0x00, 0x00, 0x00, 0x00,
  0x00, 0x00, 0x06, 0x9d, 0x62, 0x9b, 0x01, 0x00, 0x00, 0x00, 0x00, 0x00,
  0x00, 0x00, 0x00, 0x00, 0x04, 0x61, 0x01, 0x00, 0x00, 0x00, 0x00, 0x00,
  0x00, 0x00, 0x00, 0x00, 0x1f, 0x35, 0x00, 0x1a, 0x09, 0x00, 0x00, 0x00,
  0x00, 0x00, 0x00, 0x00, 0x37, 0x9b, 0x70, 0xa3, 0x35, 0x79, 0x27, 0x00,
  0x00, 0x00, 0x00, 0x00, 0x00, 0x8d, 0x06, 0x00, 0x9b, 0x24, 0x06, 0x87,
  0x00, 0x00, 0x00, 0x00, 0x00, 0x00, 0x88, 0x06, 0x00, 0x55, 0x01, 0x04,
  0x89, 0x00, 0x00, 0x00, 0x00, 0x00, 0x00, 0x50, 0x65, 0x00, 0x00, 0x00,
  0x67, 0x50, 0x00, 0x00, 0x00, 0x00, 0x00, 0x00, 0x00, 0x98, 0x2c, 0x00,
  0x32, 0x95, 0x00, 0x00, 0x00, 0x00, 0x00, 0x00, 0x00, 0x00, 0x06, 0x9f,
  0x63, 0x9d, 0x01, 0x00, 0x00, 0x00, 0x00, 0x00, 0x00, 0x00, 0x00, 0x00,
  0x05, 0x62, 0x01, 0x00, 0x00, 0x00, 0x00, 0x00, 0x00, 0x00, 0x00, 0x00,
  0x1f, 0x35, 0x00, 0x1e, 0x0c, 0x00, 0x00, 0x00, 0x00, 0x00, 0x00, 0x00,
  0x38, 0x9c, 0x72, 0xa7, 0x3c, 0x87, 0x2e, 0x00, 0x00, 0x00, 0x00, 0x00,
  0x00, 0x8f, 0x06, 0x00, 0xa0, 0x23, 0x08, 0x8a, 0x00, 0x00, 0x00, 0x00,
  0x00, 0x00, 0x8a, 0x05, 0x00, 0x5b, 0x01, 0x04, 0x8a, 0x00, 0x00, 0x00,
  0x00, 0x00, 0x00, 0x51, 0x66, 0x00, 0x00, 0x00, 0x69, 0x51, 0x00, 0x00,
  0x00, 0x00, 0x00, 0x00, 0x00, 0x9a, 0x2c, 0x00, 0x33, 0x97, 0x00, 0x00,
  0x00, 0x00, 0x00, 0x00, 0x00, 0x00, 0x06, 0xa0, 0x65, 0x9e, 0x02, 0x00,
  0x00, 0x00, 0x00, 0x00, 0x00, 0x00, 0x00, 0x00, 0x05, 0x63, 0x01, 0x00,
  0x00, 0x00, 0x00, 0x00, 0x00, 0x00, 0x00, 0x00, 0x20, 0x36, 0x00, 0x24,
  0x10, 0x00, 0x00, 0x00, 0x00, 0x00, 0x00, 0x00, 0x39, 0x9e, 0x72, 0xaa,
  0x45, 0x95, 0x30, 0x00, 0x00, 0x00, 0x00, 0x00, 0x00, 0x90, 0x06, 0x00,
  0xa7, 0x22, 0x09, 0x8c, 0x00, 0x00, 0x00, 0x00, 0x00, 0x00, 0x8b, 0x05,
  0x00, 0x62, 0x01, 0x04, 0x8c, 0x00, 0x00, 0x00, 0x00, 0x00, 0x00, 0x52,
  0x67, 0x00, 0x00, 0x00, 0x6a, 0x52, 0x00, 0x00, 0x00, 0x00, 0x00, 0x00,
  0x00, 0x9c, 0x2d, 0x00, 0x34, 0x98, 0x00, 0x00, 0x00, 0x00, 0x00, 0x00,
  0x00, 0x00, 0x06, 0xa2, 0x65, 0xa0, 0x02, 0x00, 0x00, 0x00, 0x00, 0x00,
  0x00, 0x00, 0x00, 0x00, 0x05, 0x64, 0x02, 0x00, 0x00, 0x00, 0x00, 0x00,
  0x00, 0x00, 0x00, 0x00, 0x21, 0x37, 0x00, 0x2a, 0x15, 0x00, 0x00, 0x00,
  0x00, 0x00, 0x00, 0x00, 0x3a, 0xa0, 0x73, 0xad, 0x4e, 0x9e, 0x31, 0x00,
  0x00, 0x00, 0x00, 0x00, 0x00, 0x92, 0x06, 0x00, 0xad, 0x22, 0x09, 0x8d,
  0x00, 0x00, 0x00, 0x00, 0x00, 0x00, 0x8d, 0x06, 0x00, 0x67, 0x00, 0x04,
  0x8e, 0x00, 0x00, 0x00, 0x00, 0x00, 0x00, 0x53, 0x69, 0x00, 0x00, 0x00,
  0x6b, 0x53, 0x00, 0x00, 0x00, 0x00, 0x00, 0x00, 0x00, 0x9d, 0x2e, 0x00,
  0x35, 0x9a, 0x00, 0x00, 0x00, 0x00, 0x00, 0x00, 0x00, 0x00, 0x07, 0xa3,
  0x67, 0xa2, 0x02, 0x00, 0x00, 0x00, 0x00, 0x00, 0x00, 0x00, 0x00, 0x00,
  0x06, 0x65, 0x02, 0x00, 0x00, 0x00, 0x00, 0x00, 0x00, 0x00, 0x00, 0x00,
  0x21, 0x37, 0x00, 0x31, 0x19, 0x00, 0x00, 0x00, 0x00, 0x00, 0x00, 0x00,
  0x3b, 0xa0, 0x74, 0xb1, 0x57, 0xa4, 0x31, 0x00, 0x00, 0x00, 0x00, 0x00,
  0x00, 0x93, 0x06, 0x00, 0xb2, 0x22, 0x09, 0x8f, 0x00, 0x00, 0x00, 0x00,
  0x00, 0x00, 0x8e, 0x05, 0x00, 0x6b, 0x00, 0x05, 0x8f, 0x00, 0x00, 0x00,
  0x00, 0x00, 0x00, 0x54, 0x6a, 0x00, 0x00, 0x00, 0x6c, 0x53, 0x00, 0x00,
  0x00, 0x00, 0x00, 0x00, 0x00, 0x9e, 0x2e, 0x00, 0x36, 0x9c, 0x00, 0x00,
  0x00, 0x00, 0x00, 0x00, 0x00, 0x00, 0x07, 0xa4, 0x68, 0xa3, 0x03, 0x00,
  0x00, 0x00, 0x00, 0x00, 0x00, 0x00, 0x00, 0x00, 0x06, 0x67, 0x02, 0x00,
  0x00, 0x00, 0x00, 0x00, 0x00, 0x00, 0x00, 0x00, 0x21, 0x38, 0x00, 0x38,
  0x1b, 0x00, 0x00, 0x00, 0x00, 0x00, 0x00, 0x00, 0x3c, 0xa2, 0x74, 0xb6,
  0x62, 0xa7, 0x32, 0x00, 0x00, 0x00, 0x00, 0x00, 0x00, 0x94, 0x06, 0x00,
  0xb8, 0x21, 0x09, 0x90, 0x00, 0x00, 0x00, 0x00, 0x00, 0x00, 0x8f, 0x05,
  0x00, 0x6c, 0x00, 0x05, 0x90, 0x00, 0x00, 0x00, 0x00, 0x00, 0x00, 0x55,
  0x6b, 0x00, 0x00, 0x00, 0x6d, 0x54, 0x00, 0x00, 0x00, 0x00, 0x00, 0x00,
  0x00, 0x9f, 0x2f, 0x00, 0x36, 0x9d, 0x00, 0x00, 0x00, 0x00, 0x00, 0x00,
  0x00, 0x00, 0x08, 0xa6, 0x69, 0xa5, 0x03, 0x00, 0x00, 0x00, 0x00, 0x00,
  0x00, 0x00, 0x00, 0x00, 0x06, 0x67, 0x03, 0x00, 0x00, 0x00, 0x00, 0x00,
  0x00, 0x00, 0x00, 0x00, 0x22, 0x38, 0x00, 0x3f, 0x1c, 0x00, 0x00, 0x00,
  0x00, 0x00, 0x00, 0x00, 0x3c, 0xa3, 0x75, 0xbb, 0x6b, 0xa8, 0x33, 0x00,
  0x00, 0x00, 0x00, 0x00, 0x00, 0x96, 0x06, 0x00, 0xbf, 0x20, 0x0a, 0x91,
  0x00, 0x00, 0x00, 0x00, 0x00, 0x00, 0x91, 0x06, 0x00, 0x6f, 0x00, 0x06,
  0x91, 0x00, 0x00, 0x00, 0x00, 0x00, 0x00, 0x56, 0x6c, 0x00, 0x00, 0x00,
  0x6f, 0x55, 0x00, 0x00, 0x00, 0x00, 0x00, 0x00, 0x00, 0xa2, 0x30, 0x00,
  0x37, 0x9f, 0x00, 0x00, 0x00, 0x00, 0x00, 0x00, 0x00, 0x00, 0x08, 0xa7,
  0x6a, 0xa6, 0x03, 0x00, 0x00, 0x00, 0x00, 0x00, 0x00, 0x00, 0x00, 0x00,
  0x07, 0x68, 0x03, 0x00, 0x00, 0x00, 0x00, 0x00, 0x00, 0x00, 0x00, 0x00,
  0x23, 0x39, 0x00, 0x42, 0x1c, 0x00, 0x00, 0x00, 0x00, 0x00, 0x00, 0x00,
  0x3d, 0xa5, 0x76, 0xc0, 0x71, 0xa9, 0x33, 0x00, 0x00, 0x00, 0x00, 0x00,
  0x00, 0x97, 0x06, 0x00, 0xc5, 0x20, 0x0a, 0x93, 0x00, 0x00, 0x00, 0x00,
  0x00, 0x00, 0x92, 0x06, 0x01, 0x70, 0x00, 0x06, 0x92, 0x00, 0x00, 0x00,
  0x00, 0x00, 0x00, 0x57, 0x6d, 0x00, 0x00, 0x00, 0x70, 0x57, 0x00, 0x00,
  0x00, 0x00, 0x00, 0x00, 0x00, 0xa3, 0x30, 0x00, 0x38, 0xa0, 0x00, 0x00,
  0x00, 0x00, 0x00, 0x00, 0x00, 0x00, 0x09, 0xa9, 0x6b, 0xa8, 0x04, 0x00,
  0x00, 0x00, 0x00, 0x00, 0x00, 0x00, 0x00, 0x00, 0x07, 0x6a, 0x03, 0x00,
  0x00, 0x00, 0x00, 0x00, 0x00, 0x00, 0x00, 0x00, 0x23, 0x39, 0x00, 0x43,
  0x1c, 0x00, 0x00, 0x00, 0x00, 0x00, 0x00, 0x00, 0x3e, 0xa7, 0x76, 0xc5,
  0x75, 0xaa, 0x34, 0x00, 0x00, 0x00, 0x00, 0x00, 0x00, 0x99, 0x05, 0x00,
  0xcc, 0x20, 0x0a, 0x94, 0x00, 0x00, 0x00, 0x00, 0x00, 0x00, 0x93, 0x06,
  0x02, 0x72, 0x00, 0x06, 0x94, 0x00, 0x00, 0x00, 0x00, 0x00, 0x00, 0x58,
  0x6e, 0x00, 0x00, 0x00, 0x71, 0x58, 0x00, 0x00, 0x00, 0x00, 0x00, 0x00,
  0x00, 0xa4, 0x31, 0x00, 0x39, 0xa1, 0x00, 0x00, 0x00, 0x00, 0x00, 0x00,
  0x00, 0x00, 0x09, 0xaa, 0x6c, 0xa9, 0x04, 0x00, 0x00, 0x00, 0x00, 0x00,
  0x00, 0x00, 0x00, 0x00, 0x08, 0x6b, 0x04, 0x00, 0x00, 0x00, 0x00, 0x00,
  0x00, 0x00, 0x00, 0x00, 0x24, 0x3a, 0x03, 0x44, 0x1d, 0x00, 0x00, 0x00,
  0x00, 0x00, 0x00, 0x00, 0x3e, 0xa8, 0x77, 0xcb, 0x78, 0xab, 0x35, 0x00,
  0x00, 0x00, 0x00, 0x00, 0x00, 0x9a, 0x05, 0x00, 0xd2, 0x20, 0x0b, 0x95,
  0x00, 0x00, 0x00, 0x00, 0x00, 0x00, 0x95, 0x06, 0x03, 0x73, 0x01, 0x06,
  0x95, 0x00, 0x00, 0x00, 0x00, 0x00, 0x00, 0x59, 0x6f, 0x00, 0x00, 0x00,
  0x72, 0x58, 0x00, 0x00, 0x00, 0x00, 0x00, 0x00, 0x00, 0xa5, 0x32, 0x00,
  0x3a, 0xa3, 0x00, 0x00, 0x00, 0x00, 0x00, 0x00, 0x00, 0x00, 0x09, 0xab,
  0x6d, 0xab, 0x04, 0x00, 0x00, 0x00, 0x00, 0x00, 0x00, 0x00, 0x00, 0x00,
  0x08, 0x6b, 0x04, 0x00, 0x00, 0x00, 0x00, 0x00, 0x00, 0x00, 0x00, 0x00,
  0x25, 0x3b, 0x04, 0x44, 0x1d, 0x00, 0x00, 0x00, 0x00, 0x00, 0x00, 0x00,
  0x3f, 0xa9, 0x78, 0xcf, 0x7a, 0xac, 0x35, 0x00, 0x00, 0x00, 0x00, 0x00,
  0x00, 0x9b, 0x05, 0x02, 0xd9, 0x20, 0x0b, 0x96, 0x00, 0x00, 0x00, 0x00,
  0x00, 0x00, 0x96, 0x06, 0x03, 0x74, 0x01, 0x07, 0x96, 0x00, 0x00, 0x00,
  0x00, 0x00, 0x00, 0x5a, 0x70, 0x00, 0x00, 0x00, 0x73, 0x59, 0x00, 0x00,
  0x00, 0x00, 0x00, 0x00, 0x00, 0xa7, 0x32, 0x00, 0x3a, 0xa4, 0x00, 0x00,
  0x00, 0x00, 0x00, 0x00, 0x00, 0x00, 0x0a, 0xad, 0x6e, 0xac, 0x05, 0x00,
  0x00, 0x00, 0x00, 0x00, 0x00, 0x00, 0x00, 0x00, 0x08, 0x6c, 0x05, 0x00,
  0x00, 0x00, 0x00, 0x00, 0x00, 0x00, 0x00, 0x00, 0x25, 0x3c, 0x04, 0x45,
  0x1e, 0x00, 0x00, 0x00, 0x00, 0x00, 0x00, 0x00, 0x40, 0xaa, 0x7a, 0xd2,
  0x7b, 0xad, 0x36, 0x00, 0x00, 0x00, 0x00, 0x00, 0x00, 0x9d, 0x05, 0x06,
  0xe1, 0x21, 0x0c, 0x98, 0x00, 0x00, 0x00, 0x00, 0x00, 0x00, 0x97, 0x07,
  0x03, 0x75, 0x01, 0x07, 0x97, 0x00, 0x00, 0x00, 0x00, 0x00, 0x00, 0x5b,
  0x71, 0x00, 0x00, 0x00, 0x74, 0x5a, 0x00, 0x00, 0x00, 0x00, 0x00, 0x00,
  0x00, 0xa8, 0x33, 0x00, 0x3b, 0xa5, 0x00, 0x00, 0x00, 0x00, 0x00, 0x00,
  0x00, 0x00, 0x0a, 0xaf, 0x6e, 0xad, 0x05, 0x00, 0x00, 0x00, 0x00, 0x00,
  0x00, 0x00, 0x00, 0x00, 0x09, 0x6d, 0x05, 0x00, 0x00, 0x00, 0x00, 0x00,
  0x00, 0x00, 0x00, 0x00, 0x26, 0x3c, 0x04, 0x46, 0x1e, 0x00, 0x00, 0x00,
  0x00, 0x00, 0x00, 0x00, 0x41, 0xab, 0x7b, 0xd4, 0x7c, 0xae, 0x37, 0x00,
  0x00, 0x00, 0x00, 0x00, 0x00, 0x9e, 0x05, 0x0a, 0xe7, 0x21, 0x0c, 0x99,
  0x00, 0x00, 0x00, 0x00, 0x00, 0x00, 0x98, 0x08, 0x04, 0x76, 0x02, 0x07,
  0x99, 0x00, 0x00, 0x00, 0x00, 0x00, 0x00, 0x5c, 0x72, 0x00, 0x00, 0x00,
  0x75, 0x5c, 0x00, 0x00, 0x00, 0x00, 0x00, 0x00, 0x00, 0xaa, 0x34, 0x00,
  0x3c, 0xa7, 0x00, 0x00, 0x00, 0x00, 0x00, 0x00, 0x00, 0x00, 0x0b, 0xb0,
  0x6f, 0xaf, 0x05, 0x00, 0x00, 0x00, 0x00, 0x00, 0x00, 0x00, 0x00, 0x00,
  0x09, 0x6e, 0x05, 0x00, 0x00, 0x00, 0x00, 0x00, 0x00, 0x00, 0x00, 0x00,
  0x26, 0x3d, 0x05, 0x47, 0x1f, 0x00, 0x00, 0x00, 0x00, 0x00, 0x00, 0x00,
  0x42, 0xad, 0x7e, 0xd7, 0x7d, 0xaf, 0x38, 0x00, 0x00, 0x00, 0x00, 0x00,
  0x00, 0xa0, 0x05, 0x0e, 0xee, 0x21, 0x0c, 0x9a, 0x00, 0x00, 0x00, 0x00,
  0x00, 0x00, 0x9a, 0x07, 0x04, 0x77, 0x02, 0x07, 0x9a, 0x00, 0x00, 0x00,
  0x00, 0x00, 0x00, 0x5d, 0x73, 0x00, 0x00, 0x00, 0x76, 0x5c, 0x00, 0x00,
  0x00, 0x00, 0x00, 0x00, 0x00, 0xab, 0x35, 0x00, 0x3d, 0xa8, 0x00, 0x00,
  0x00, 0x00, 0x00, 0x00, 0x00, 0x00, 0x0b, 0xb1, 0x70, 0xb0, 0x06, 0x00,
  0x00, 0x00, 0x00, 0x00, 0x00, 0x00, 0x00, 0x00, 0x0a, 0x6f, 0x06, 0x00,
  0x00, 0x00, 0x00, 0x00, 0x00, 0x00, 0x00, 0x00, 0x27, 0x3e, 0x05, 0x47,
  0x1f, 0x00, 0x00, 0x00, 0x00, 0x00, 0x00, 0x00, 0x42, 0xae, 0x80, 0xda,
  0x7d, 0xb1, 0x39, 0x00, 0x00, 0x00, 0x00, 0x00, 0x00, 0xa1, 0x05, 0x11,
  0xf5, 0x21, 0x0d, 0x9b, 0x00, 0x00, 0x00, 0x00, 0x00, 0x00, 0x9b, 0x07,
  0x04, 0x77, 0x02, 0x07, 0x9b, 0x00, 0x00, 0x00, 0x00, 0x00, 0x00, 0x5d,
  0x75, 0x00, 0x00, 0x00, 0x77, 0x5d, 0x00, 0x00, 0x00, 0x00, 0x00, 0x00,
  0x00, 0xac, 0x35, 0x00, 0x3d, 0xa9, 0x00, 0x00, 0x00, 0x00, 0x00, 0x00,
  0x00, 0x00, 0x0c, 0xb3, 0x71, 0xb1, 0x06, 0x00, 0x00, 0x00, 0x00, 0x00,
  0x00, 0x00, 0x00, 0x00, 0x0a, 0x70, 0x06, 0x00, 0x00, 0x00, 0x00, 0x00,
  0x00, 0x00, 0x00, 0x00, 0x27, 0x3e, 0x05, 0x48, 0x20, 0x00, 0x00, 0x00,
  0x00, 0x00, 0x00, 0x00, 0x43, 0xaf, 0x82, 0xdd, 0x7e, 0xb2, 0x39, 0x00,
  0x00, 0x00, 0x00, 0x00, 0x00, 0xa2, 0x05, 0x15, 0xfc, 0x21, 0x0d, 0x9c,
  0x00, 0x00, 0x00, 0x00, 0x00, 0x00, 0x9c, 0x08, 0x04, 0x77, 0x03, 0x08,
  0x9c, 0x00, 0x00, 0x00, 0x00, 0x00, 0x00, 0x5e, 0x75, 0x00, 0x00, 0x00,
  0x78, 0x5e, 0x00, 0x00, 0x00, 0x00, 0x00, 0x00, 0x00, 0xae, 0x36, 0x00,
  0x3e, 0xaa, 0x00, 0x00, 0x00, 0x00, 0x00, 0x00, 0x00, 0x00, 0x0c, 0xb4,
  0x71, 0xb2, 0x06, 0x00, 0x00, 0x00, 0x00, 0x00, 0x00, 0x00, 0x00, 0x00,
  0x0a, 0x71, 0x06, 0x00, 0x00, 0x00, 0x00, 0x00, 0x00, 0x00, 0x00, 0x00,
  0x28, 0x3f, 0x05, 0x49, 0x21, 0x00, 0x00, 0x00, 0x00, 0x00, 0x00, 0x00,
  0x44, 0xb0, 0x85, 0xdf, 0x7f, 0xb3, 0x3a, 0x00, 0x00, 0x00, 0x00, 0x00,
  0x00, 0xa3, 0x05, 0x18, 0xff, 0x21, 0x0d, 0x9e, 0x00, 0x00, 0x00, 0x00,
  0x00, 0x00, 0x9e, 0x08, 0x04, 0x78, 0x03, 0x08, 0x9e, 0x00, 0x00, 0x00,
  0x00, 0x00, 0x00, 0x5f, 0x76, 0x00, 0x00, 0x00, 0x79, 0x5f, 0x00, 0x00,
  0x00, 0x00, 0x00, 0x00, 0x00, 0xaf, 0x37, 0x00, 0x3f, 0xac, 0x00, 0x00,
  0x00, 0x00, 0x00, 0x00, 0x00, 0x00, 0x0d, 0xb6, 0x72, 0xb4, 0x07, 0x00,
  0x00, 0x00, 0x00, 0x00, 0x00, 0x00, 0x00, 0x00, 0x0b, 0x71, 0x07, 0x00,
  0x00, 0x00, 0x00, 0x00, 0x00, 0x00, 0x00, 0x00, 0x28, 0x3f, 0x05, 0x49,
  0x21, 0x00, 0x00, 0x00, 0x00, 0x00, 0x00, 0x00, 0x44, 0xb1, 0x87, 0xe0,
  0x80, 0xb4, 0x3b, 0x00, 0x00, 0x00, 0x00, 0x00, 0x00, 0xa4, 0x05, 0x1c,
  0xff, 0x21, 0x0e, 0x9f, 0x00, 0x00, 0x00, 0x00, 0x00, 0x00, 0x9e, 0x08,
  0x04, 0x79, 0x03, 0x08, 0x9f, 0x00, 0x00, 0x00, 0x00, 0x00, 0x00, 0x60,
  0x77, 0x00, 0x00, 0x00, 0x7a, 0x60, 0x00, 0x00, 0x00, 0x00, 0x00, 0x00,
  0x00, 0xb0, 0x37, 0x00, 0x40, 0xad, 0x00, 0x00, 0x00, 0x00, 0x00, 0x00,
  0x00, 0x00, 0x0d, 0xb7, 0x73, 0xb5, 0x07, 0x00, 0x00, 0x00, 0x00, 0x00,
  0x00, 0x00, 0x00, 0x00, 0x0b, 0x72, 0x07, 0x00, 0x00, 0x00, 0x00, 0x00,
  0x00, 0x00, 0x00, 0x00, 0x29, 0x40, 0x06, 0x4a, 0x21, 0x00, 0x00, 0x00,
  0x00, 0x00, 0x00, 0x00, 0x45, 0xb2, 0x89, 0xe1, 0x81, 0xb5, 0x3b, 0x00,
  0x00, 0x00, 0x00, 0x00, 0x00, 0xa5, 0x05, 0x1e, 0xff, 0x21, 0x0e, 0xa0,
  0x00, 0x00, 0x00, 0x00, 0x00, 0x00, 0xa0, 0x09, 0x04, 0x7a, 0x03, 0x09,
  0xa0, 0x00, 0x00, 0x00, 0x00, 0x00, 0x00, 0x61, 0x78, 0x00, 0x00, 0x00,
  0x7b, 0x60, 0x00, 0x00, 0x00, 0x00, 0x00, 0x00, 0x00, 0xb1, 0x38, 0x00,
  0x40, 0xae, 0x00, 0x00, 0x00, 0x00, 0x00, 0x00, 0x00, 0x00, 0x0d, 0xb8,
  0x74, 0xb6, 0x07, 0x00, 0x00, 0x00, 0x00, 0x00, 0x00, 0x00, 0x00, 0x00,
  0x0b, 0x73, 0x07, 0x00, 0x00, 0x00, 0x00, 0x00, 0x00, 0x00, 0x00, 0x00,
  0x2a, 0x40, 0x06, 0x4a, 0x22, 0x00, 0x00, 0x00, 0x00, 0x00, 0x00, 0x00,
  0x46, 0xb3, 0x8a, 0xe2, 0x82, 0xb6, 0x3c, 0x00, 0x00, 0x00, 0x00, 0x00,
  0x00, 0xa7, 0x05, 0x21, 0xff, 0x22, 0x0e, 0xa1, 0x00, 0x00, 0x00, 0x00,
  0x00, 0x00, 0xa1, 0x09, 0x04, 0x7b, 0x04, 0x09, 0xa1, 0x00, 0x00, 0x00,
  0x00, 0x00, 0x00, 0x61, 0x78, 0x00, 0x00, 0x00, 0x7c, 0x61, 0x00, 0x00,
  0x00, 0x00, 0x00, 0x00, 0x00, 0xb3, 0x39, 0x00, 0x41, 0xaf, 0x00, 0x00,
  0x00, 0x00, 0x00, 0x00, 0x00, 0x00, 0x0e, 0xb9, 0x74, 0xb7, 0x08, 0x00,
  0x00, 0x00, 0x00, 0x00, 0x00, 0x00, 0x00, 0x00, 0x0c, 0x74, 0x08, 0x00,
  0x00, 0x00, 0x00, 0x00, 0x00, 0x00, 0x00, 0x00, 0x2a, 0x41, 0x07, 0x4b,
  0x23, 0x00, 0x00, 0x00, 0x00, 0x00, 0x00, 0x00, 0x47, 0xb4, 0x8b, 0xe2,
  0x83, 0xb7, 0x3d, 0x00, 0x00, 0x00, 0x00, 0x00, 0x00, 0xa7, 0x05, 0x22,
  0xff, 0x22, 0x0f, 0xa2, 0x00, 0x00, 0x00, 0x00, 0x00, 0x00, 0xa2, 0x0a,
  0x04, 0x7b, 0x04, 0x09, 0xa2, 0x00, 0x00, 0x00, 0x00, 0x00, 0x00, 0x62,
  0x79, 0x00, 0x00, 0x00, 0x7d, 0x62, 0x00, 0x00, 0x00, 0x00, 0x00, 0x00,
  0x00, 0xb4, 0x39, 0x00, 0x41, 0xb0, 0x00, 0x00, 0x00, 0x00, 0x00, 0x00,
  0x00, 0x00, 0x0e, 0xba, 0x75, 0xb8, 0x08, 0x00, 0x00, 0x00, 0x00, 0x00,
  0x00, 0x00, 0x00, 0x00, 0x0c, 0x74, 0x08, 0x00, 0x00, 0x00, 0x00, 0x00,
  0x00, 0x00, 0x00, 0x00, 0x2a, 0x41, 0x07, 0x4c, 0x23, 0x00, 0x00, 0x00,
  0x00, 0x00, 0x00, 0x00, 0x47, 0xb5, 0x8c, 0xe3, 0x83, 0xb9, 0x3d, 0x00,
  0x00, 0x00, 0x00, 0x00, 0x00, 0xa9, 0x06, 0x23, 0xff, 0x22, 0x0f, 0xa3,
  0x00, 0x00, 0x00, 0x00, 0x00, 0x00, 0xa3, 0x0a, 0x04, 0x7c, 0x04, 0x0a,
  0xa3, 0x00, 0x00, 0x00, 0x00, 0x00, 0x00, 0x63, 0x7a, 0x00, 0x00, 0x00,
  0x7d, 0x62, 0x00, 0x00, 0x00, 0x00, 0x00, 0x00, 0x00, 0xb4, 0x3a, 0x00,
  0x42, 0xb1, 0x00, 0x00, 0x00, 0x00, 0x00, 0x00, 0x00, 0x00, 0x0e, 0xbb,
  0x76, 0xb9, 0x08, 0x00, 0x00, 0x00, 0x00, 0x00, 0x00, 0x00, 0x00, 0x00,
  0x0c, 0x75, 0x08, 0x00, 0x00, 0x00, 0x00, 0x00, 0x00, 0x00, 0x00, 0x00,
  0x2b, 0x42, 0x07, 0x4c, 0x23, 0x00, 0x00, 0x00, 0x00, 0x00, 0x00, 0x00,
  0x48, 0xb5, 0x8d, 0xe4, 0x84, 0xb9, 0x3e, 0x00, 0x00, 0x00, 0x00, 0x00,
  0x00, 0xaa, 0x06, 0x24, 0xff, 0x23, 0x0f, 0xa4, 0x00, 0x00, 0x00, 0x00,
  0x00, 0x00, 0xa4, 0x0a, 0x05, 0x7d, 0x04, 0x0a, 0xa4, 0x00, 0x00, 0x00,
  0x00, 0x00, 0x00, 0x64, 0x7b, 0x00, 0x00, 0x00, 0x7e, 0x63, 0x00, 0x00,
  0x00, 0x00, 0x00, 0x00, 0x00, 0xb5, 0x3b, 0x00, 0x42, 0xb2, 0x00, 0x00,
  0x00, 0x00, 0x00, 0x00, 0x00, 0x00, 0x0f, 0xbc, 0x76, 0xba, 0x09, 0x00,
  0x00, 0x00, 0x00, 0x00, 0x00, 0x00, 0x00, 0x00, 0x0d, 0x75, 0x09, 0x00,
  0x00, 0x00, 0x00, 0x00, 0x00, 0x00, 0x00, 0x00, 0x2b, 0x42, 0x08, 0x4d,
  0x23, 0x00, 0x00, 0x00, 0x00, 0x00, 0x00, 0x00, 0x48, 0xb6, 0x8e, 0xe4,
  0x85, 0xba, 0x3e, 0x00, 0x00, 0x00, 0x00, 0x00, 0x00, 0xaa, 0x06, 0x25,
  0xff, 0x23, 0x10, 0xa5, 0x00, 0x00, 0x00, 0x00, 0x00, 0x00, 0xa4, 0x0a,
  0x05, 0x7d, 0x04, 0x0a, 0xa5, 0x00, 0x00, 0x00, 0x00, 0x00, 0x00, 0x64,
  0x7c, 0x00, 0x00, 0x00, 0x7f, 0x64, 0x00, 0x00, 0x00, 0x00, 0x00, 0x00,
  0x00, 0xb6, 0x3b, 0x00, 0x42, 0xb3, 0x00, 0x00, 0x00, 0x00, 0x00, 0x00,
  0x00, 0x00, 0x0f, 0xbd, 0x77, 0xbb, 0x09, 0x00, 0x00, 0x00, 0x00, 0x00,
  0x00, 0x00, 0x00, 0x00, 0x0d, 0x76, 0x09, 0x00, 0x00, 0x00, 0x00, 0x00,
  0x00, 0x00, 0x00, 0x00, 0x2c, 0x42, 0x08, 0x4d, 0x24, 0x00, 0x00, 0x00,
  0x00, 0x00, 0x00, 0x00, 0x49, 0xb6, 0x8e, 0xe5, 0x86, 0xbb, 0x3e, 0x00,
  0x00, 0x00, 0x00, 0x00, 0x00, 0xab, 0x06, 0x25, 0xff, 0x24, 0x10, 0xa5,
  0x00, 0x00, 0x00, 0x00, 0x00, 0x00, 0xa5, 0x0b, 0x05, 0x7e, 0x04, 0x0b,
  0xa5, 0x00, 0x00, 0x00, 0x00, 0x00, 0x00, 0x65, 0x7c, 0x00, 0x00, 0x00,
  0x80, 0x64, 0x00, 0x00, 0x00, 0x00, 0x00, 0x00, 0x00, 0xb7, 0x3b, 0x00,
  0x43, 0xb4, 0x00, 0x00, 0x00, 0x00, 0x00, 0x00, 0x00, 0x00, 0x0f, 0xbe,
  0x77, 0xbb, 0x09, 0x00, 0x00, 0x00, 0x00, 0x00, 0x00, 0x00, 0x00, 0x00,
  0x0d, 0x76, 0x09, 0x00, 0x00, 0x00, 0x00, 0x00, 0x00, 0x00, 0x00, 0x00,
  0x2c, 0x43, 0x08, 0x4d, 0x24, 0x00, 0x00, 0x00, 0x00, 0x00, 0x00, 0x00,
  0x49, 0xb7, 0x8f, 0xe5, 0x86, 0xbb, 0x3f, 0x00, 0x00, 0x00, 0x00, 0x00,
  0x00, 0xac, 0x06, 0x25, 0xff, 0x24, 0x10, 0xa6, 0x00, 0x00, 0x00, 0x00,
  0x00, 0x00, 0xa6, 0x0b, 0x05, 0x7e, 0x04, 0x0b, 0xa6, 0x00, 0x00, 0x00,
  0x00, 0x00, 0x00, 0x65, 0x7d, 0x00, 0x00, 0x00, 0x80, 0x64, 0x00, 0x00,
  0x00, 0x00, 0x00, 0x00, 0x00, 0xb8, 0x3c, 0x00, 0x43, 0xb4, 0x00, 0x00,
  0x00, 0x00, 0x00, 0x00, 0x00, 0x00, 0x0f, 0xbe, 0x78, 0xbc, 0x0a, 0x00,
  0x00, 0x00, 0x00, 0x00, 0x00, 0x00, 0x00, 0x00, 0x0e, 0x77, 0x09, 0x00,
  0x00, 0x00, 0x00, 0x00, 0x00, 0x00, 0x00, 0x00, 0x2c, 0x43, 0x08, 0x4e,
  0x24, 0x00, 0x00, 0x00, 0x00, 0x00, 0x00, 0x00, 0x49, 0xb7, 0x8f, 0xe5,
  0x87, 0xbc, 0x3f, 0x00, 0x00, 0x00, 0x00, 0x00, 0x00, 0xac, 0x06, 0x25,
  0xff, 0x24, 0x10, 0xa7, 0x00, 0x00, 0x00, 0x00, 0x00, 0x00, 0xa6, 0x0b,
  0x05, 0x7f, 0x05, 0x0b, 0xa6, 0x00, 0x00, 0x00, 0x00, 0x00, 0x00, 0x65,
  0x7d, 0x00, 0x00, 0x00, 0x80, 0x65, 0x00, 0x00, 0x00, 0x00, 0x00, 0x00,
  0x00, 0xb8, 0x3c, 0x00, 0x43, 0xb5, 0x00, 0x00, 0x00, 0x00, 0x00, 0x00,
  0x00, 0x00, 0x0f, 0xbf, 0x78, 0xbd, 0x0a, 0x00, 0x00, 0x00, 0x00, 0x00,
  0x00, 0x00, 0x00, 0x00, 0x0e, 0x77, 0x09, 0x00, 0x00, 0x00, 0x00, 0x00,
  0x00, 0x00, 0x00, 0x00, 0x2c, 0x43, 0x08, 0x4e, 0x24, 0x00, 0x00, 0x00,
  0x00, 0x00, 0x00, 0x00, 0x4a, 0xb7, 0x8f, 0xe6, 0x87, 0xbc, 0x40, 0x00,
  0x00, 0x00, 0x00, 0x00, 0x00, 0xac, 0x06, 0x25, 0xff, 0x24, 0x10, 0xa7,
  0x00, 0x00, 0x00, 0x00, 0x00, 0x00, 0xa6, 0x0a, 0x05, 0x7f, 0x05, 0x0b,
  0xa7, 0x00, 0x00, 0x00, 0x00, 0x00, 0x00, 0x66, 0x7d, 0x00, 0x00, 0x00,
  0x80, 0x65, 0x00, 0x00, 0x00, 0x00, 0x00, 0x00, 0x00, 0xb8, 0x3c, 0x00,
  0x43, 0xb5, 0x00, 0x00, 0x00, 0x00, 0x00, 0x00, 0x00, 0x00, 0x10, 0xbf,
  0x78, 0xbd, 0x0a, 0x00, 0x00, 0x00, 0x00, 0x00, 0x00, 0x00, 0x00, 0x00,
  0x0e, 0x78, 0x09, 0x00, 0x00, 0x00, 0x00, 0x00, 0x00, 0x00, 0x00, 0x00,
  0x2c, 0x43, 0x08, 0x4e, 0x24, 0x00, 0x00, 0x00, 0x00, 0x00, 0x00, 0x00,
  0x4a, 0xb7, 0x8f, 0xe6, 0x87, 0xbc, 0x40, 0x00, 0x00, 0x00, 0x00, 0x00,
  0x00, 0xac, 0x06, 0x25, 0xff, 0x24, 0x10, 0xa7, 0x00, 0x00, 0x00, 0x00,
  0x00, 0x00, 0xa6, 0x0a, 0x05, 0x7f, 0x05, 0x0b, 0xa7, 0x00, 0x00, 0x00,
  0x00, 0x00, 0x00, 0x66, 0x7d, 0x00, 0x00, 0x00, 0x80, 0x65, 0x00, 0x00,
  0x00, 0x00, 0x00, 0x00, 0x00, 0xb8, 0x3c, 0x00, 0x43, 0xb5, 0x00, 0x00,
  0x00, 0x00, 0x00, 0x00, 0x00, 0x00, 0x10, 0xbf, 0x78, 0xbd, 0x0a, 0x00,
  0x00, 0x00, 0x00, 0x00, 0x00, 0x00, 0x00, 0x00, 0x0e, 0x78, 0x09, 0x00,
  0x00, 0x00, 0x00, 0x00, 0x00, 0x00, 0x00, 0x00, 0x2c, 0x43, 0x08, 0x4e,
  0x24, 0x00, 0x00, 0x00, 0x00, 0x00, 0x00, 0x00, 0x4a, 0xb7, 0x8f, 0xe6,
  0x87, 0xbc, 0x40, 0x00, 0x00, 0x00, 0x00, 0x00, 0x00, 0xac, 0x06, 0x25,
  0xff, 0x24, 0x10, 0xa7, 0x00, 0x00, 0x00, 0x00, 0x00, 0x00, 0xa6, 0x0a,
  0x05, 0x7f, 0x05, 0x0b, 0xa7, 0x00, 0x00, 0x00, 0x00, 0x00, 0x00, 0x66,
  0x7d, 0x00, 0x00, 0x00, 0x80, 0x65, 0x00, 0x00, 0x00, 0x00, 0x00, 0x00,
  0x00, 0xb8, 0x3c, 0x00, 0x43, 0xb5, 0x00, 0x00, 0x00, 0x00, 0x00, 0x00,
  0x00, 0x00, 0x10, 0xbf, 0x78, 0xbd, 0x0a, 0x00, 0x00, 0x00, 0x00, 0x00,
  0x00, 0x00, 0x00, 0x00, 0x0e, 0x78, 0x09, 0x00, 0x00, 0x00, 0x00, 0x00,
  0x00, 0x00, 0x00, 0x00, 0x2c, 0x43, 0x08, 0x4e, 0x24, 0x00, 0x00, 0x00,
  0x00, 0x00, 0x00, 0x00, 0x4a, 0xb7, 0x8f, 0xe6, 0x87, 0xbc, 0x40, 0x00,
  0x00, 0x00, 0x00, 0x00, 0x00, 0xac, 0x06, 0x25, 0xff, 0x24, 0x10, 0xa7,
  0x00, 0x00, 0x00, 0x00, 0x00, 0x00, 0xa6, 0x0a, 0x05, 0x7f, 0x05, 0x0b,
  0xa7, 0x00, 0x00, 0x00, 0x00, 0x00, 0x00, 0x66, 0x7d, 0x00, 0x00, 0x00,
  0x80, 0x65, 0x00, 0x00, 0x00, 0x00, 0x00, 0x00, 0x00, 0xb8, 0x3c, 0x00,
  0x43, 0xb5, 0x00, 0x00, 0x00, 0x00, 0x00, 0x00, 0x00, 0x00, 0x10, 0xbf,
  0x78, 0xbd, 0x0a, 0x00, 0x00, 0x00, 0x00, 0x00, 0x00, 0x00, 0x00, 0x00,
  0x0e, 0x78, 0x09, 0x00, 0x00, 0x00, 0x00, 0x00, 0x00, 0x00, 0x00, 0x00,
  0x2c, 0x43, 0x08, 0x4e, 0x24, 0x00, 0x00, 0x00, 0x00, 0x00, 0x00, 0x00,
  0x4a, 0xb7, 0x8f, 0xe6, 0x87, 0xbc, 0x40, 0x00, 0x00, 0x00, 0x00, 0x00,
  0x00, 0xac, 0x06, 0x25, 0xff, 0x24, 0x10, 0xa7, 0x00, 0x00, 0x00, 0x00,
  0x00, 0x00, 0xa6, 0x0a, 0x05, 0x7f, 0x05, 0x0b, 0xa7, 0x00, 0x00, 0x00,
  0x00, 0x00, 0x00, 0x66, 0x7d, 0x00, 0x00, 0x00, 0x80, 0x65, 0x00, 0x00,
  0x00, 0x00, 0x00, 0x00, 0x00, 0xb8, 0x3c, 0x00, 0x43, 0xb5, 0x00, 0x00,
  0x00, 0x00, 0x00, 0x00, 0x00, 0x00, 0x10, 0xbf, 0x78, 0xbd, 0x0a, 0x00,
  0x00, 0x00, 0x00, 0x00, 0x00, 0x00, 0x00, 0x00, 0x0e, 0x78, 0x09, 0x00,
  0x00, 0x00, 0x00, 0x00, 0x00, 0x00, 0x00, 0x00, 0x2c, 0x43, 0x08, 0x4e,
  0x24, 0x00, 0x00, 0x00, 0x00, 0x00, 0x00, 0x00, 0x4a, 0xb7, 0x8f, 0xe6,
  0x87, 0xbc, 0x40, 0x00, 0x00, 0x00, 0x00, 0x00, 0x00, 0xac, 0x06, 0x25,
  0xff, 0x24, 0x10, 0xa7, 0x00, 0x00, 0x00, 0x00, 0x00, 0x00, 0xa6, 0x0a,
  0x05, 0x7f, 0x05, 0x0b, 0xa7, 0x00, 0x00, 0x00, 0x00, 0x00, 0x00, 0x66,
  0x7d, 0x00, 0x00, 0x00, 0x80, 0x65, 0x00, 0x00, 0x00, 0x00, 0x00, 0x00,
  0x00, 0xb8, 0x3c, 0x00, 0x43, 0xb5, 0x00, 0x00, 0x00, 0x00, 0x00, 0x00,
  0x00, 0x00, 0x10, 0xbf, 0x78, 0xbd, 0x0a, 0x00, 0x00, 0x00, 0x00, 0x00,
  0x00, 0x00, 0x00, 0x00, 0x0e, 0x78, 0x09, 0x00, 0x00, 0x00, 0x00, 0x00,
  0x00, 0x00, 0x00, 0x00, 0x2c, 0x43, 0x08, 0x4e, 0x24, 0x00, 0x00, 0x00,
  0x00, 0x00, 0x00, 0x00, 0x4a, 0xb7, 0x8f, 0xe6, 0x87, 0xbc, 0x40, 0x00,
  0x00, 0x00, 0x00, 0x00, 0x00, 0xac, 0x06, 0x25, 0xff, 0x24, 0x10, 0xa7,
  0x00, 0x00, 0x00, 0x00, 0x00, 0x00, 0xa6, 0x0a, 0x05, 0x7f, 0x05, 0x0b,
  0xa7, 0x00, 0x00, 0x00, 0x00, 0x00, 0x00, 0x66, 0x7d, 0x00, 0x00, 0x00,
  0x80, 0x65, 0x00, 0x00, 0x00, 0x00, 0x00, 0x00, 0x00, 0xb8, 0x3c, 0x00,
  0x43, 0xb5, 0x00, 0x00, 0x00, 0x00, 0x00, 0x00, 0x00, 0x00, 0x10, 0xbf,
  0x78, 0xbd, 0x0a, 0x00, 0x00, 0x00, 0x00, 0x00, 0x00, 0x00, 0x00, 0x00,
  0x0e, 0x78, 0x09, 0x00, 0x00, 0x00, 0x00, 0x00, 0x00, 0x00, 0x00, 0x00,
  0x2c, 0x43, 0x08, 0x4e, 0x24, 0x00, 0x00, 0x00, 0x00, 0x00, 0x00, 0x00,
  0x4a, 0xb7, 0x8f, 0xe6, 0x87, 0xbc, 0x40, 0x00, 0x00, 0x00, 0x00, 0x00,
  0x00, 0xac, 0x06, 0x25, 0xff, 0x24, 0x10, 0xa7, 0x00, 0x00, 0x00, 0x00,
  0x00, 0x00, 0xa6, 0x0a, 0x05, 0x7f, 0x05, 0x0b, 0xa7, 0x00, 0x00, 0x00,
  0x00, 0x00, 0x00, 0x66, 0x7d, 0x00, 0x00, 0x00, 0x80, 0x65, 0x00, 0x00,
  0x00, 0x00, 0x00, 0x00, 0x00, 0xb8, 0x3c, 0x00, 0x43, 0xb5, 0x00, 0x00,
  0x00, 0x00, 0x00, 0x00, 0x00, 0x00, 0x10, 0xbf, 0x78, 0xbd, 0x0a, 0x00,
  0x00, 0x00, 0x00, 0x00, 0x00, 0x00, 0x00, 0x00, 0x0e, 0x78, 0x09, 0x00,
  0x00, 0x00, 0x00, 0x00, 0x00, 0x00, 0x00, 0x00, 0x2c, 0x43, 0x08, 0x4e,
  0x24, 0x00, 0x00, 0x00, 0x00, 0x00, 0x00, 0x00, 0x4a, 0xb7, 0x8f, 0xe6,
  0x87, 0xbc, 0x40, 0x00, 0x00, 0x00, 0x00, 0x00, 0x00, 0xac, 0x06, 0x25,
  0xff, 0x24, 0x10, 0xa7, 0x00, 0x00, 0x00, 0x00, 0x00, 0x00, 0xa6, 0x0a,
  0x05, 0x7f, 0x05, 0x0b, 0xa7, 0x00, 0x00, 0x00, 0x00, 0x00, 0x00, 0x66,
  0x7d, 0x00, 0x00, 0x00, 0x80, 0x65, 0x00, 0x00, 0x00, 0x00, 0x00, 0x00,
  0x00, 0xb8, 0x3c, 0x00, 0x43, 0xb5, 0x00, 0x00, 0x00, 0x00, 0x00, 0x00,
  0x00, 0x00, 0x10, 0xbf, 0x78, 0xbd, 0x0a, 0x00, 0x00, 0x00, 0x00, 0x00,
  0x00, 0x00, 0x00, 0x00, 0x0e, 0x78, 0x09, 0x00, 0x00, 0x00, 0x00, 0x00,
  0x00, 0x00, 0x00, 0x00, 0x2c, 0x43, 0x08, 0x4e, 0x24, 0x00, 0x00, 0x00,
  0x00, 0x00, 0x00, 0x00, 0x4a, 0xb7, 0x8f, 0xe6, 0x87, 0xbc, 0x40, 0x00,
  0x00, 0x00, 0x00, 0x00, 0x00, 0xac, 0x06, 0x25, 0xff, 0x24, 0x10, 0xa7,
  0x00, 0x00, 0x00, 0x00, 0x00, 0x00, 0xa6, 0x0a, 0x05, 0x7f, 0x05, 0x0b,
  0xa7, 0x00, 0x00, 0x00, 0x00, 0x00, 0x00, 0x66, 0x7d, 0x00, 0x00, 0x00,
  0x80, 0x65, 0x00, 0x00, 0x00, 0x00, 0x00, 0x00, 0x00, 0xb8, 0x3c, 0x00,
  0x43, 0xb5, 0x00, 0x00, 0x00, 0x00, 0x00, 0x00, 0x00, 0x00, 0x10, 0xbf,
  0x78, 0xbd, 0x0a, 0x00, 0x00, 0x00, 0x00, 0x00, 0x00, 0x00, 0x00, 0x00,
  0x0e, 0x78, 0x09, 0x00, 0x00, 0x00, 0x00, 0x00, 0x00, 0x00, 0x00, 0x00,
  0x2c, 0x43, 0x08, 0x4e, 0x24, 0x00, 0x00, 0x00, 0x00, 0x00, 0x00, 0x00,
  0x4a, 0xb7, 0x8f, 0xe6, 0x87, 0xbc, 0x40, 0x00, 0x00, 0x00, 0x00, 0x00,
  0x00, 0xac, 0x06, 0x25, 0xff, 0x24, 0x10, 0xa7, 0x00, 0x00, 0x00, 0x00,
  0x00, 0x00, 0xa6, 0x0a, 0x05, 0x7f, 0x05, 0x0b, 0xa7, 0x00, 0x00, 0x00,
  0x00, 0x00, 0x00, 0x66, 0x7d, 0x00, 0x00, 0x00, 0x80, 0x65, 0x00, 0x00,
  0x00, 0x00, 0x00, 0x00, 0x00, 0xb8, 0x3c, 0x00, 0x43, 0xb5, 0x00, 0x00,
  0x00, 0x00, 0x00, 0x00, 0x00, 0x00, 0x10, 0xbf, 0x78, 0xbd, 0x0a, 0x00,
  0x00, 0x00, 0x00, 0x00, 0x00, 0x00, 0x00, 0x00, 0x0e, 0x78, 0x09, 0x00,
  0x00, 0x00, 0x00, 0x00, 0x00, 0x00, 0x00, 0x00, 0x2c, 0x43, 0x08, 0x4e,
  0x24, 0x00, 0x00, 0x00, 0x00, 0x00, 0x00, 0x00, 0x4a, 0xb7, 0x8f, 0xe6,
  0x87, 0xbc, 0x40, 0x00, 0x00, 0x00, 0x00, 0x00, 0x00, 0xac, 0x06, 0x25,
  0xff, 0x24, 0x10, 0xa7, 0x00, 0x00, 0x00, 0x00, 0x00, 0x00, 0xa6, 0x0a,
  0x05, 0x7f, 0x05, 0x0b, 0xa7, 0x00, 0x00, 0x00, 0x00, 0x00, 0x00, 0x66,
  0x7d, 0x00, 0x00, 0x00, 0x80, 0x65, 0x00, 0x00, 0x00, 0x00, 0x00, 0x00,
  0x00, 0xb8, 0x3c, 0x00, 0x43, 0xb5, 0x00, 0x00, 0x00, 0x00, 0x00, 0x00,
  0x00, 0x00, 0x10, 0xbf, 0x78, 0xbd, 0x0a, 0x00, 0x00, 0x00, 0x00, 0x00,
  0x00, 0x00, 0x00, 0x00, 0x0e, 0x78, 0x09, 0x00, 0x00, 0x00, 0x00, 0x00,
  0x00, 0x00, 0x00, 0x00, 0x2c, 0x43, 0x08, 0x4e, 0x24, 0x00, 0x00, 0x00,
  0x00, 0x00, 0x00, 0x00, 0x4a, 0xb7, 0x8f, 0xe6, 0x87, 0xbc, 0x40, 0x00,
  0x00, 0x00, 0x00, 0x00, 0x00, 0xac, 0x06, 0x25, 0xff, 0x24, 0x10, 0xa7,
  0x00, 0x00, 0x00, 0x00, 0x00, 0x00, 0xa6, 0x0a, 0x05, 0x7f, 0x05, 0x0b,
  0xa7, 0x00, 0x00, 0x00, 0x00, 0x00, 0x00, 0x66, 0x7d, 0x00, 0x00, 0x00,
  0x80, 0x65, 0x00, 0x00, 0x00, 0x00, 0x00, 0x00, 0x00, 0xb8, 0x3c, 0x00,
  0x43, 0xb5, 0x00, 0x00, 0x00, 0x00, 0x00, 0x00, 0x00, 0x00, 0x10, 0xbf,
  0x78, 0xbd, 0x0a, 0x00, 0x00, 0x00, 0x00, 0x00, 0x00, 0x00, 0x00, 0x00,
  0x0e, 0x78, 0x09, 0x00, 0x00, 0x00, 0x00, 0x00, 0x00, 0x00, 0x00, 0x00,
  0x2c, 0x43, 0x08, 0x4e, 0x24, 0x00, 0x00, 0x00, 0x00, 0x00, 0x00, 0x00,
  0x4a, 0xb7, 0x8f, 0xe6, 0x87, 0xbc, 0x40, 0x00, 0x00, 0x00, 0x00, 0x00,
  0x00, 0xac, 0x06, 0x25, 0xff, 0x24, 0x10, 0xa7, 0x00, 0x00, 0x00, 0x00,
  0x00, 0x00, 0xa6, 0x0a, 0x05, 0x7f, 0x05, 0x0b, 0xa7, 0x00, 0x00, 0x00,
  0x00, 0x00, 0x00, 0x66, 0x7d, 0x00, 0x00, 0x00, 0x80, 0x65, 0x00, 0x00,
  0x00, 0x00, 0x00, 0x00, 0x00, 0xb8, 0x3c, 0x00, 0x43, 0xb5, 0x00, 0x00,
  0x00, 0x00, 0x00, 0x00, 0x00, 0x00, 0x10, 0xbf, 0x78, 0xbd, 0x0a, 0x00,
  0x00, 0x00, 0x00, 0x00, 0x00, 0x00, 0x00, 0x00, 0x0e, 0x78, 0x09, 0x00,
  0x00, 0x00, 0x00, 0x00, 0x00, 0x00, 0x00, 0x00, 0x2c, 0x43, 0x08, 0x4e,
  0x24, 0x00, 0x00, 0x00, 0x00, 0x00, 0x00, 0x00, 0x4a, 0xb7, 0x8f, 0xe6,
  0x87, 0xbc, 0x40, 0x00, 0x00, 0x00, 0x00, 0x00, 0x00, 0xac, 0x06, 0x25,
  0xff, 0x24, 0x10, 0xa7, 0x00, 0x00, 0x00, 0x00, 0x00, 0x00, 0xa6, 0x0a,
  0x05, 0x7f, 0x05, 0x0b, 0xa7, 0x00, 0x00, 0x00, 0x00, 0x00, 0x00, 0x66,
  0x7d, 0x00, 0x00, 0x00, 0x80, 0x65, 0x00, 0x00, 0x00, 0x00, 0x00, 0x00,
  0x00, 0xb8, 0x3c, 0x00, 0x43, 0xb5, 0x00, 0x00, 0x00, 0x00, 0x00, 0x00,
  0x00, 0x00, 0x10, 0xbf, 0x78, 0xbd, 0x0a, 0x00, 0x00, 0x00, 0x00, 0x00,
  0x00, 0x00, 0x00, 0x00, 0x0e, 0x78, 0x09, 0x00, 0x00, 0x00, 0x00, 0x00,
  0x00, 0x00, 0x00, 0x00, 0x2c, 0x43, 0x08, 0x4e, 0x24, 0x00, 0x00, 0x00,
  0x00, 0x00, 0x00, 0x00, 0x4a, 0xb7, 0x8f, 0xe6, 0x87, 0xbc, 0x40, 0x00,
  0x00, 0x00, 0x00, 0x00, 0x00, 0xac, 0x06, 0x25, 0xff, 0x24, 0x10, 0xa7,
  0x00, 0x00, 0x00, 0x00, 0x00, 0x00, 0xa6, 0x0a, 0x05, 0x7f, 0x05, 0x0b,
  0xa7, 0x00, 0x00, 0x00, 0x00, 0x00, 0x00, 0x66, 0x7d, 0x00, 0x00, 0x00,
  0x80, 0x65, 0x00, 0x00, 0x00, 0x00, 0x00, 0x00, 0x00, 0xb8, 0x3c, 0x00,
  0x43, 0xb5, 0x00, 0x00, 0x00, 0x00, 0x00, 0x00, 0x00, 0x00, 0x10, 0xbf,
  0x78, 0xbd, 0x0a, 0x00, 0x00, 0x00, 0x00, 0x00, 0x00, 0x00, 0x00, 0x00,
  0x0e, 0x78, 0x09, 0x00, 0x00, 0x00, 0x00, 0x00, 0x00, 0x00, 0x00, 0x00,
  0x2c, 0x43, 0x08, 0x4e, 0x24, 0x00, 0x00, 0x00, 0x00, 0x00, 0x00, 0x00,
  0x4a, 0xb7, 0x8f, 0xe6, 0x87, 0xbc, 0x40, 0x00, 0x00, 0x00, 0x00, 0x00,
  0x00, 0xac, 0x06, 0x25, 0xff, 0x24, 0x10, 0xa7, 0x00, 0x00, 0x00, 0x00,
  0x00, 0x00, 0xa6, 0x0a, 0x05, 0x7f, 0x05, 0x0b, 0xa7, 0x00, 0x00, 0x00,
  0x00, 0x00, 0x00, 0x66, 0x7d, 0x00, 0x00, 0x00, 0x80, 0x65, 0x00, 0x00,
  0x00, 0x00, 0x00, 0x00, 0x00, 0xb8, 0x3c, 0x00, 0x43, 0xb5, 0x00, 0x00,
  0x00, 0x00, 0x00, 0x00, 0x00, 0x00, 0x10, 0xbf, 0x78, 0xbd, 0x0a, 0x00,
  0x00, 0x00, 0x00, 0x00, 0x00, 0x00, 0x00, 0x00, 0x0e, 0x78, 0x09, 0x00,
  0x00, 0x00, 0x00, 0x00, 0x00, 0x00, 0x00, 0x00, 0x2c, 0x43, 0x08, 0x4e,
  0x24, 0x00, 0x00, 0x00, 0x00, 0x00, 0x00, 0x00, 0x4a, 0xb7, 0x8f, 0xe6,
  0x87, 0xbc, 0x40, 0x00, 0x00, 0x00, 0x00, 0x00, 0x00, 0xac, 0x06, 0x25,
  0xff, 0x24, 0x10, 0xa7, 0x00, 0x00, 0x00, 0x00, 0x00, 0x00, 0xa6, 0x0a,
  0x05, 0x7f, 0x05, 0x0b, 0xa7, 0x00, 0x00, 0x00, 0x00, 0x00, 0x00, 0x66,
  0x7d, 0x00, 0x00, 0x00, 0x80, 0x65, 0x00, 0x00, 0x00, 0x00, 0x00, 0x00,
  0x00, 0xb8, 0x3c, 0x00, 0x43, 0xb5, 0x00, 0x00, 0x00, 0x00, 0x00, 0x00,
  0x00, 0x00, 0x10, 0xbf, 0x78, 0xbd, 0x0a, 0x00, 0x00, 0x00, 0x00, 0x00,
  0x00, 0x00, 0x00, 0x00, 0x0e, 0x78, 0x09, 0x00, 0x00, 0x00, 0x00, 0x00,
  0x00, 0x00, 0x00, 0x00, 0x2c, 0x43, 0x08, 0x4e, 0x24, 0x00, 0x00, 0x00,
  0x00, 0x00, 0x00, 0x00, 0x4a, 0xb7, 0x8f, 0xe6, 0x87, 0xbc, 0x40, 0x00,
  0x00, 0x00, 0x00, 0x00, 0x00, 0xac, 0x06, 0x25, 0xff, 0x24, 0x10, 0xa7,
  0x00, 0x00, 0x00, 0x00, 0x00, 0x00, 0xa6, 0x0a, 0x05, 0x7f, 0x05, 0x0b,
  0xa7, 0x00, 0x00, 0x00, 0x00, 0x00, 0x00, 0x66, 0x7d, 0x00, 0x00, 0x00,
  0x80, 0x65, 0x00, 0x00, 0x00, 0x00, 0x00, 0x00, 0x00, 0xb8, 0x3c, 0x00,
  0x43, 0xb5, 0x00, 0x00, 0x00, 0x00, 0x00, 0x00, 0x00, 0x00, 0x10, 0xbf,
  0x78, 0xbd, 0x0a, 0x00, 0x00, 0x00, 0x00, 0x00, 0x00, 0x00, 0x00, 0x00,
  0x0e, 0x78, 0x09, 0x00, 0x00, 0x00, 0x00, 0x00, 0x00, 0x00, 0x00, 0x00,
  0x2c, 0x43, 0x08, 0x4e, 0x24, 0x00, 0x00, 0x00, 0x00, 0x00, 0x00, 0x00,
  0x4a, 0xb7, 0x8f, 0xe6, 0x87, 0xbc, 0x40, 0x00, 0x00, 0x00, 0x00, 0x00,
  0x00, 0xac, 0x06, 0x25, 0xff, 0x24, 0x10, 0xa7, 0x00, 0x00, 0x00, 0x00,
  0x00, 0x00, 0xa6, 0x0a, 0x05, 0x7f, 0x05, 0x0b, 0xa7, 0x00, 0x00, 0x00,
  0x00, 0x00, 0x00, 0x66, 0x7d, 0x00, 0x00, 0x00, 0x80, 0x65, 0x00, 0x00,
  0x00, 0x00, 0x00, 0x00, 0x00, 0xb8, 0x3c, 0x00, 0x43, 0xb5, 0x00, 0x00,
  0x00, 0x00, 0x00, 0x00, 0x00, 0x00, 0x10, 0xbf, 0x78, 0xbd, 0x0a, 0x00,
  0x00, 0x00, 0x00, 0x00, 0x00, 0x00, 0x00, 0x00, 0x0e, 0x78, 0x09, 0x00,
  0x00, 0x00, 0x00, 0x00, 0x00, 0x00, 0x00, 0x00, 0x2c, 0x43, 0x08, 0x4e,
  0x24, 0x00, 0x00, 0x00, 0x00, 0x00, 0x00, 0x00, 0x4a, 0xb7, 0x8f, 0xe6,
  0x87, 0xbc, 0x40, 0x00, 0x00, 0x00, 0x00, 0x00, 0x00, 0xac, 0x06, 0x25,
  0xff, 0x24, 0x10, 0xa7, 0x00, 0x00, 0x00, 0x00, 0x00, 0x00, 0xa6, 0x0a,
  0x05, 0x7f, 0x05, 0x0b, 0xa7, 0x00, 0x00, 0x00, 0x00, 0x00, 0x00, 0x66,
  0x7d, 0x00, 0x00, 0x00, 0x80, 0x65, 0x00, 0x00, 0x00, 0x00, 0x00, 0x00,
  0x00, 0xb8, 0x3c, 0x00, 0x43, 0xb5, 0x00, 0x00, 0x00, 0x00, 0x00, 0x00,
  0x00, 0x00, 0x10, 0xbf, 0x78, 0xbd, 0x0a, 0x00, 0x00, 0x00, 0x00, 0x00,
  0x00, 0x00, 0x00, 0x00, 0x0e, 0x78, 0x09, 0x00, 0x00, 0x00, 0x00, 0x00,
  0x00, 0x00, 0x00, 0x00, 0x2c, 0x43, 0x08, 0x4e, 0x24, 0x00, 0x00, 0x00,
  0x00, 0x00, 0x00, 0x00, 0x4a, 0xb7, 0x8f, 0xe6, 0x87, 0xbc, 0x40, 0x00,
  0x00, 0x00, 0x00, 0x00, 0x00, 0xac, 0x06, 0x25, 0xff, 0x24, 0x10, 0xa7,
  0x00, 0x00, 0x00, 0x00, 0x00, 0x00, 0xa6, 0x0a, 0x05, 0x7f, 0x05, 0x0b,
  0xa7, 0x00, 0x00, 0x00, 0x00, 0x00, 0x00, 0x66, 0x7d, 0x00, 0x00, 0x00,
  0x80, 0x65, 0x00, 0x00, 0x00, 0x00, 0x00, 0x00, 0x00, 0xb8, 0x3c, 0x00,
  0x43, 0xb5, 0x00, 0x00, 0x00, 0x00, 0x00, 0x00, 0x00, 0x00, 0x10, 0xbf,
  0x78, 0xbd, 0x0a, 0x00, 0x00, 0x00, 0x00, 0x00, 0x00, 0x00, 0x00, 0x00,
  0x0e, 0x78, 0x09, 0x00, 0x00, 0x00, 0x00, 0x00, 0x00, 0x00, 0x00, 0x00,
  0x2c, 0x43, 0x08, 0x4e, 0x24, 0x00, 0x00, 0x00, 0x00, 0x00, 0x00, 0x00,
  0x4a, 0xb7, 0x8f, 0xe6, 0x87, 0xbc, 0x40, 0x00, 0x00, 0x00, 0x00, 0x00,
  0x00, 0xac, 0x06, 0x25, 0xff, 0x24, 0x10, 0xa7, 0x00, 0x00, 0x00, 0x00,
  0x00, 0x00, 0xa6, 0x0a, 0x05, 0x7f, 0x05, 0x0b, 0xa7, 0x00, 0x00, 0x00,
  0x00, 0x00, 0x00, 0x66, 0x7d, 0x00, 0x00, 0x00, 0x80, 0x65, 0x00, 0x00,
  0x00, 0x00, 0x00, 0x00, 0x00, 0xb8, 0x3c, 0x00, 0x43, 0xb5, 0x00, 0x00,
  0x00, 0x00, 0x00, 0x00, 0x00, 0x00, 0x10, 0xbf, 0x78, 0xbd, 0x0a, 0x00,
  0x00, 0x00, 0x00, 0x00, 0x00, 0x00, 0x00, 0x00, 0x0e, 0x78, 0x09, 0x00,
  0x00, 0x00, 0x00, 0x00, 0x00, 0x00, 0x00, 0x00, 0x2c, 0x43, 0x08, 0x4e,
  0x24, 0x00, 0x00, 0x00, 0x00, 0x00, 0x00, 0x00, 0x4a, 0xb7, 0x8f, 0xe6,
  0x87, 0xbc, 0x40, 0x00, 0x00, 0x00, 0x00, 0x00, 0x00, 0xac, 0x06, 0x25,
  0xff, 0x24, 0x10, 0xa7, 0x00, 0x00, 0x00, 0x00, 0x00, 0x00, 0xa6, 0x0a,
  0x05, 0x7f, 0x05, 0x0b, 0xa7, 0x00, 0x00, 0x00, 0x00, 0x00, 0x00, 0x66,
  0x7d, 0x00, 0x00, 0x00, 0x80, 0x65, 0x00, 0x00, 0x00, 0x00, 0x00, 0x00,
  0x00, 0xb8, 0x3c, 0x00, 0x43, 0xb5, 0x00, 0x00, 0x00, 0x00, 0x00, 0x00,
  0x00, 0x00, 0x10, 0xbf, 0x78, 0xbd, 0x0a, 0x00, 0x00, 0x00, 0x00, 0x00,
  0x00, 0x00, 0x00, 0x00, 0x0e, 0x78, 0x09, 0x00, 0x00, 0x00, 0x00, 0x00,
  0x00, 0x00, 0x00, 0x00, 0x2c, 0x43, 0x08, 0x4e, 0x24, 0x00, 0x00, 0x00,
  0x00, 0x00, 0x00, 0x00, 0x4a, 0xb7, 0x8f, 0xe6, 0x87, 0xbc, 0x40, 0x00,
  0x00, 0x00, 0x00, 0x00, 0x00, 0xac, 0x06, 0x25, 0xff, 0x24, 0x10, 0xa7,
  0x00, 0x00, 0x00, 0x00, 0x00, 0x00, 0xa6, 0x0a, 0x05, 0x7f, 0x05, 0x0b,
  0xa7, 0x00, 0x00, 0x00, 0x00, 0x00, 0x00, 0x66, 0x7d, 0x00, 0x00, 0x00,
  0x80, 0x65, 0x00, 0x00, 0x00, 0x00, 0x00, 0x00, 0x00, 0xb8, 0x3c, 0x00,
  0x43, 0xb5, 0x00, 0x00, 0x00, 0x00, 0x00, 0x00, 0x00, 0x00, 0x10, 0xbf,
  0x78, 0xbd, 0x0a, 0x00, 0x00, 0x00, 0x00, 0x00, 0x00, 0x00, 0x00, 0x00,
  0x0e, 0x78, 0x09, 0x00, 0x00, 0x00, 0x00, 0x00, 0x00, 0x00, 0x00, 0x00,
  0x2c, 0x43, 0x08, 0x4e, 0x24, 0x00, 0x00, 0x00, 0x00, 0x00, 0x00, 0x00,
  0x4a, 0xb7, 0x8f, 0xe6, 0x87, 0xbc, 0x40, 0x00, 0x00, 0x00, 0x00, 0x00,
  0x00, 0xac, 0x06, 0x25, 0xff, 0x24, 0x10, 0xa7, 0x00, 0x00, 0x00, 0x00,
  0x00, 0x00, 0xa6, 0x0a, 0x05, 0x7f, 0x05, 0x0b, 0xa7, 0x00, 0x00, 0x00,
  0x00, 0x00, 0x00, 0x66, 0x7d, 0x00, 0x00, 0x00, 0x80, 0x65, 0x00, 0x00,
  0x00, 0x00, 0x00, 0x00, 0x00, 0xb8, 0x3c, 0x00, 0x43, 0xb5, 0x00, 0x00,
  0x00, 0x00, 0x00, 0x00, 0x00, 0x00, 0x10, 0xbf, 0x78, 0xbd, 0x0a, 0x00,
  0x00, 0x00, 0x00, 0x00, 0x00, 0x00, 0x00, 0x00, 0x0e, 0x78, 0x09, 0x00,
  0x00, 0x00, 0x00, 0x00, 0x00, 0x00, 0x00, 0x00, 0x2c, 0x43, 0x08, 0x4e,
  0x24, 0x00, 0x00, 0x00, 0x00, 0x00, 0x00, 0x00, 0x4a, 0xb7, 0x8f, 0xe6,
  0x87, 0xbc, 0x40, 0x00, 0x00, 0x00, 0x00, 0x00, 0x00, 0xac, 0x06, 0x25,
  0xff, 0x24, 0x10, 0xa7, 0x00, 0x00, 0x00, 0x00, 0x00, 0x00, 0xa6, 0x0a,
  0x05, 0x7f, 0x05, 0x0b, 0xa7, 0x00, 0x00, 0x00, 0x00, 0x00, 0x00, 0x66,
  0x7d, 0x00, 0x00, 0x00, 0x80, 0x65, 0x00, 0x00, 0x00, 0x00, 0x00, 0x00,
  0x00, 0xb8, 0x3c, 0x00, 0x43, 0xb5, 0x00, 0x00, 0x00, 0x00, 0x00, 0x00,
  0x00, 0x00, 0x10, 0xbf, 0x78, 0xbd, 0x0a, 0x00, 0x00, 0x00, 0x00, 0x00,
  0x00, 0x00, 0x00, 0x00, 0x0e, 0x78, 0x09, 0x00, 0x00, 0x00, 0x00, 0x00,
  0x00, 0x00, 0x00, 0x00, 0x2c, 0x43, 0x08, 0x4e, 0x24, 0x00, 0x00, 0x00,
  0x00, 0x00, 0x00, 0x00, 0x4a, 0xb7, 0x8f, 0xe6, 0x87, 0xbc, 0x40, 0x00,
  0x00, 0x00, 0x00, 0x00, 0x00, 0xac, 0x06, 0x25, 0xff, 0x24, 0x10, 0xa7,
  0x00, 0x00, 0x00, 0x00, 0x00, 0x00, 0xa6, 0x0a, 0x05, 0x7f, 0x05, 0x0b,
  0xa7, 0x00, 0x00, 0x00, 0x00, 0x00, 0x00, 0x66, 0x7d, 0x00, 0x00, 0x00,
  0x80, 0x65, 0x00, 0x00, 0x00, 0x00, 0x00, 0x00, 0x00, 0xb8, 0x3c, 0x00,
  0x43, 0xb5, 0x00, 0x00, 0x00, 0x00, 0x00, 0x00, 0x00, 0x00, 0x10, 0xbf,
  0x78, 0xbd, 0x0a, 0x00, 0x00, 0x00, 0x00, 0x00, 0x00, 0x00, 0x00, 0x00,
  0x0e, 0x78, 0x09, 0x00, 0x00, 0x00, 0x00, 0x00, 0x00, 0x00, 0x00, 0x00,
  0x2c, 0x43, 0x08, 0x4e, 0x24, 0x00, 0x00, 0x00, 0x00, 0x00, 0x00, 0x00,
  0x4a, 0xb7, 0x8f, 0xe6, 0x87, 0xbc, 0x40, 0x00, 0x00, 0x00, 0x00, 0x00,
  0x00, 0xac, 0x06, 0x25, 0xff, 0x24, 0x10, 0xa7, 0x00, 0x00, 0x00, 0x00,
  0x00, 0x00, 0xa6, 0x0a, 0x05, 0x7f, 0x05, 0x0b, 0xa7, 0x00, 0x00, 0x00,
  0x00, 0x00, 0x00, 0x66, 0x7d, 0x00, 0x00, 0x00, 0x80, 0x65, 0x00, 0x00,
  0x00, 0x00, 0x00, 0x00, 0x00, 0xb8, 0x3c, 0x00, 0x43, 0xb5, 0x00, 0x00,
  0x00, 0x00, 0x00, 0x00, 0x00, 0x00, 0x10, 0xbf, 0x78, 0xbd, 0x0a, 0x00,
  0x00, 0x00, 0x00, 0x00, 0x00, 0x00, 0x00, 0x00, 0x0e, 0x78, 0x09, 0x00,
  0x00, 0x00, 0x00, 0x00, 0x00, 0x00, 0x00, 0x00, 0x2c, 0x43, 0x08, 0x4e,
  0x24, 0x00, 0x00, 0x00, 0x00, 0x00, 0x00, 0x00, 0x4a, 0xb7, 0x8f, 0xe6,
  0x87, 0xbc, 0x40, 0x00, 0x00, 0x00, 0x00, 0x00, 0x00, 0xac, 0x06, 0x25,
  0xff, 0x24, 0x10, 0xa7, 0x00, 0x00, 0x00, 0x00, 0x00, 0x00, 0xa6, 0x0a,
  0x05, 0x7f, 0x05, 0x0b, 0xa7, 0x00, 0x00, 0x00, 0x00, 0x00, 0x00, 0x66,
  0x7d, 0x00, 0x00, 0x00, 0x80, 0x65, 0x00, 0x00, 0x00, 0x00, 0x00, 0x00,
  0x00, 0xb8, 0x3c, 0x00, 0x43, 0xb5, 0x00, 0x00, 0x00, 0x00, 0x00, 0x00,
  0x00, 0x00, 0x10, 0xbf, 0x78, 0xbd, 0x0a, 0x00, 0x00, 0x00, 0x00, 0x00,
  0x00, 0x00, 0x00, 0x00, 0x0e, 0x78, 0x09, 0x00, 0x00, 0x00, 0x00, 0x00,
  0x00, 0x00, 0x00, 0x00, 0x2c, 0x43, 0x08, 0x4e, 0x24, 0x00, 0x00, 0x00,
  0x00, 0x00, 0x00, 0x00, 0x4a, 0xb7, 0x8f, 0xe6, 0x87, 0xbc, 0x40, 0x00,
  0x00, 0x00, 0x00, 0x00, 0x00, 0xac, 0x06, 0x25, 0xff, 0x24, 0x10, 0xa7,
  0x00, 0x00, 0x00, 0x00, 0x00, 0x00, 0xa6, 0x0a, 0x05, 0x7f, 0x05, 0x0b,
  0xa7, 0x00, 0x00, 0x00, 0x00, 0x00, 0x00, 0x66, 0x7d, 0x00, 0x00, 0x00,
  0x80, 0x65, 0x00, 0x00, 0x00, 0x00, 0x00, 0x00, 0x00, 0xb8, 0x3c, 0x00,
  0x43, 0xb5, 0x00, 0x00, 0x00, 0x00, 0x00, 0x00, 0x00, 0x00, 0x10, 0xbf,
  0x78, 0xbd, 0x0a, 0x00, 0x00, 0x00, 0x00, 0x00, 0x00, 0x00, 0x00, 0x00,
  0x0e, 0x78, 0x09, 0x00, 0x00, 0x00, 0x00, 0x00, 0x00, 0x00, 0x00, 0x00,
  0x2c, 0x43, 0x08, 0x4e, 0x24, 0x00, 0x00, 0x00, 0x00, 0x00, 0x00, 0x00,
  0x4a, 0xb7, 0x8f, 0xe6, 0x87, 0xbc, 0x40, 0x00, 0x00, 0x00, 0x00, 0x00,
  0x00, 0xac, 0x06, 0x25, 0xff, 0x24, 0x10, 0xa7, 0x00, 0x00, 0x00, 0x00,
  0x00, 0x00, 0xa6, 0x0a, 0x05, 0x7f, 0x05, 0x0b, 0xa7, 0x00, 0x00, 0x00,
  0x00, 0x00, 0x00, 0x66, 0x7d, 0x00, 0x00, 0x00, 0x80, 0x65, 0x00, 0x00,
  0x00, 0x00, 0x00, 0x00, 0x00, 0xb8, 0x3c, 0x00, 0x43, 0xb5, 0x00, 0x00,
  0x00, 0x00, 0x00, 0x00, 0x00, 0x00, 0x10, 0xbf, 0x78, 0xbd, 0x0a, 0x00,
  0x00, 0x00, 0x00, 0x00, 0x00, 0x00, 0x00, 0x00, 0x0e, 0x78, 0x09, 0x00,
  0x00, 0x00, 0x00, 0x00, 0x00, 0x00, 0x00, 0x00, 0x2c, 0x43, 0x08, 0x4e,
  0x24, 0x00, 0x00, 0x00, 0x00, 0x00, 0x00, 0x00, 0x4a, 0xb7, 0x8f, 0xe6,
  0x87, 0xbc, 0x40, 0x00, 0x00, 0x00, 0x00, 0x00, 0x00, 0xac, 0x06, 0x25,
  0xff, 0x24, 0x10, 0xa7, 0x00, 0x00, 0x00, 0x00, 0x00, 0x00, 0xa6, 0x0a,
  0x05, 0x7f, 0x05, 0x0b, 0xa7, 0x00, 0x00, 0x00, 0x00, 0x00, 0x00, 0x66,
  0x7d, 0x00, 0x00, 0x00, 0x80, 0x65, 0x00, 0x00, 0x00, 0x00, 0x00, 0x00,
  0x00, 0xb8, 0x3c, 0x00, 0x43, 0xb5, 0x00, 0x00, 0x00, 0x00, 0x00, 0x00,
  0x00, 0x00, 0x10, 0xbf, 0x78, 0xbd, 0x0a, 0x00, 0x00, 0x00, 0x00, 0x00,
  0x00, 0x00, 0x00, 0x00, 0x0e, 0x78, 0x09, 0x00, 0x00, 0x00, 0x00, 0x00,
  0x00, 0x00, 0x00, 0x00, 0x2c, 0x43, 0x08, 0x4e, 0x24, 0x00, 0x00, 0x00,
  0x00, 0x00, 0x00, 0x00, 0x4a, 0xb7, 0x8f, 0xe6, 0x87, 0xbc, 0x40, 0x00,
  0x00, 0x00, 0x00, 0x00, 0x00, 0xac, 0x06, 0x25, 0xff, 0x24, 0x10, 0xa7,
  0x00, 0x00, 0x00, 0x00, 0x00, 0x00, 0xa6, 0x0a, 0x05, 0x7f, 0x05, 0x0b,
  0xa7, 0x00, 0x00, 0x00, 0x00, 0x00, 0x00, 0x66, 0x7d, 0x00, 0x00, 0x00,
  0x80, 0x65, 0x00, 0x00, 0x00, 0x00, 0x00, 0x00, 0x00, 0xb8, 0x3c, 0x00,
  0x43, 0xb5, 0x00, 0x00, 0x00, 0x00, 0x00, 0x00, 0x00, 0x00, 0x10, 0xbf,
  0x78, 0xbd, 0x0a, 0x00, 0x00, 0x00, 0x00, 0x00, 0x00, 0x00, 0x00, 0x00,
  0x0e, 0x78, 0x09, 0x00, 0x00, 0x00, 0x00, 0x00, 0x00, 0x00, 0x00, 0x00,
  0x2c, 0x43, 0x08, 0x4e, 0x24, 0x00, 0x00, 0x00, 0x00, 0x00, 0x00, 0x00,
  0x4a, 0xb7, 0x8f, 0xe6, 0x87, 0xbc, 0x40, 0x00, 0x00, 0x00, 0x00, 0x00,
  0x00, 0xac, 0x06, 0x25, 0xff, 0x24, 0x10, 0xa7, 0x00, 0x00, 0x00, 0x00,
  0x00, 0x00, 0xa6, 0x0a, 0x05, 0x7f, 0x05, 0x0b, 0xa7, 0x00, 0x00, 0x00,
  0x00, 0x00, 0x00, 0x66, 0x7d, 0x00, 0x00, 0x00, 0x80, 0x65, 0x00, 0x00,
  0x00, 0x00, 0x00, 0x00, 0x00, 0xb8, 0x3c, 0x00, 0x43, 0xb5, 0x00, 0x00,
  0x00, 0x00, 0x00, 0x00, 0x00, 0x00, 0x10, 0xbf, 0x78, 0xbd, 0x0a, 0x00,
  0x00, 0x00, 0x00, 0x00, 0x00, 0x00, 0x00, 0x00, 0x0e, 0x78, 0x09, 0x00,
  0x00, 0x00, 0x00, 0x00, 0x00, 0x00, 0x00, 0x00, 0x2c, 0x43, 0x08, 0x4e,
  0x24, 0x00, 0x00, 0x00, 0x00, 0x00, 0x00, 0x00, 0x4a, 0xb7, 0x8f, 0xe6,
  0x87, 0xbc, 0x40, 0x00, 0x00, 0x00, 0x00, 0x00, 0x00, 0xac, 0x06, 0x25,
  0xff, 0x24, 0x10, 0xa7, 0x00, 0x00, 0x00, 0x00, 0x00, 0x00, 0xa6, 0x0a,
  0x05, 0x7f, 0x05, 0x0b, 0xa7, 0x00, 0x00, 0x00, 0x00, 0x00, 0x00, 0x66,
  0x7d, 0x00, 0x00, 0x00, 0x80, 0x65, 0x00, 0x00, 0x00, 0x00, 0x00, 0x00,
  0x00, 0xb8, 0x3c, 0x00, 0x43, 0xb5, 0x00, 0x00, 0x00, 0x00, 0x00, 0x00,
  0x00, 0x00, 0x10, 0xbf, 0x78, 0xbd, 0x0a, 0x00, 0x00, 0x00, 0x00, 0x00,
  0x00, 0x00, 0x00, 0x00, 0x0e, 0x78, 0x09, 0x00, 0x00, 0x00, 0x00, 0x00,
  0x00, 0x00, 0x00, 0x00, 0x2c, 0x43, 0x08, 0x4e, 0x24, 0x00, 0x00, 0x00,
  0x00, 0x00, 0x00, 0x00, 0x4a, 0xb7, 0x8f, 0xe6, 0x87, 0xbc, 0x40, 0x00,
  0x00, 0x00, 0x00, 0x00, 0x00, 0xac, 0x06, 0x25, 0xff, 0x24, 0x10, 0xa7,
  0x00, 0x00, 0x00, 0x00, 0x00, 0x00, 0xa6, 0x0a, 0x05, 0x7f, 0x05, 0x0b,
  0xa7, 0x00, 0x00, 0x00, 0x00, 0x00, 0x00, 0x66, 0x7d, 0x00, 0x00, 0x00,
  0x80, 0x65, 0x00, 0x00, 0x00, 0x00, 0x00, 0x00, 0x00, 0xb8, 0x3c, 0x00,
  0x43, 0xb5, 0x00, 0x00, 0x00, 0x00, 0x00, 0x00, 0x00, 0x00, 0x10, 0xbf,
  0x78, 0xbd, 0x0a, 0x00, 0x00, 0x00, 0x00, 0x00, 0x00, 0x00, 0x00, 0x00,
  0x0e, 0x78, 0x09, 0x00, 0x00, 0x00, 0x00, 0x00, 0x00, 0x00, 0x00, 0x00,
  0x2c, 0x43, 0x08, 0x4e, 0x24, 0x00, 0x00, 0x00, 0x00, 0x00, 0x00, 0x00,
  0x4a, 0xb7, 0x8f, 0xe6, 0x87, 0xbc, 0x40, 0x00, 0x00, 0x00, 0x00, 0x00,
  0x00, 0xac, 0x06, 0x25, 0xff, 0x24, 0x10, 0xa7, 0x00, 0x00, 0x00, 0x00,
  0x00, 0x00, 0xa6, 0x0a, 0x05, 0x7f, 0x05, 0x0b, 0xa7, 0x00, 0x00, 0x00,
  0x00, 0x00, 0x00, 0x66, 0x7d, 0x00, 0x00, 0x00, 0x80, 0x65, 0x00, 0x00,
  0x00, 0x00, 0x00, 0x00, 0x00, 0xb8, 0x3c, 0x00, 0x43, 0xb5, 0x00, 0x00,
  0x00, 0x00, 0x00, 0x00, 0x00, 0x00, 0x10, 0xbf, 0x78, 0xbd, 0x0a, 0x00,
  0x00, 0x00, 0x00, 0x00, 0x00, 0x00, 0x00, 0x00, 0x0e, 0x78, 0x09, 0x00,
  0x00, 0x00, 0x00, 0x00, 0x00, 0x00, 0x00, 0x00, 0x2c, 0x43, 0x08, 0x4e,
  0x24, 0x00, 0x00, 0x00, 0x00, 0x00, 0x00, 0x00, 0x4a, 0xb7, 0x8f, 0xe6,
  0x87, 0xbc, 0x40, 0x00, 0x00, 0x00, 0x00, 0x00, 0x00, 0xac, 0x06, 0x25,
  0xff, 0x24, 0x10, 0xa7, 0x00, 0x00, 0x00, 0x00, 0x00, 0x00, 0xa6, 0x0a,
  0x05, 0x7f, 0x05, 0x0b, 0xa7, 0x00, 0x00, 0x00, 0x00, 0x00, 0x00, 0x66,
  0x7d, 0x00, 0x00, 0x00, 0x80, 0x65, 0x00, 0x00, 0x00, 0x00, 0x00, 0x00,
  0x00, 0xb8, 0x3c, 0x00, 0x43, 0xb5, 0x00, 0x00, 0x00, 0x00, 0x00, 0x00,
  0x00, 0x00, 0x10, 0xbf, 0x78, 0xbd, 0x0a, 0x00, 0x00, 0x00, 0x00, 0x00,
  0x00, 0x00, 0x00, 0x00, 0x0e, 0x78, 0x09, 0x00, 0x00, 0x00, 0x00, 0x00,
  0x00, 0x00, 0x00, 0x00, 0x2c, 0x43, 0x08, 0x4e, 0x24, 0x00, 0x00, 0x00,
  0x00, 0x00, 0x00, 0x00, 0x4a, 0xb7, 0x8f, 0xe6, 0x87, 0xbc, 0x40, 0x00,
  0x00, 0x00, 0x00, 0x00, 0x00, 0xac, 0x06, 0x25, 0xff, 0x24, 0x10, 0xa7,
  0x00, 0x00, 0x00, 0x00, 0x00, 0x00, 0xa6, 0x0a, 0x05, 0x7f, 0x05, 0x0b,
  0xa7, 0x00, 0x00, 0x00, 0x00, 0x00, 0x00, 0x66, 0x7d, 0x00, 0x00, 0x00,
  0x80, 0x65, 0x00, 0x00, 0x00, 0x00, 0x00, 0x00, 0x00, 0xb8, 0x3c, 0x00,
  0x43, 0xb5, 0x00, 0x00, 0x00, 0x00, 0x00, 0x00, 0x00, 0x00, 0x10, 0xbf,
  0x78, 0xbd, 0x0a, 0x00, 0x00, 0x00, 0x00, 0x00, 0x00, 0x00, 0x00, 0x00,
  0x0e, 0x78, 0x09, 0x00, 0x00, 0x00, 0x00, 0x00, 0x00, 0x00, 0x00, 0x00,
  0x2c, 0x43, 0x08, 0x4e, 0x24, 0x00, 0x00, 0x00, 0x00, 0x00, 0x00, 0x00,
  0x4a, 0xb7, 0x8f, 0xe6, 0x87, 0xbc, 0x40, 0x00, 0x00, 0x00, 0x00, 0x00,
  0x00, 0xac, 0x06, 0x25, 0xff, 0x24, 0x10, 0xa7, 0x00, 0x00, 0x00, 0x00,
  0x00, 0x00, 0xa6, 0x0a, 0x05, 0x7f, 0x05, 0x0b, 0xa7, 0x00, 0x00, 0x00,
  0x00, 0x00, 0x00, 0x66, 0x7d, 0x00, 0x00, 0x00, 0x80, 0x65, 0x00, 0x00,
  0x00, 0x00, 0x00, 0x00, 0x00, 0xb8, 0x3c, 0x00, 0x43, 0xb5, 0x00, 0x00,
  0x00, 0x00, 0x00, 0x00, 0x00, 0x00, 0x10, 0xbf, 0x78, 0xbd, 0x0a, 0x00,
  0x00, 0x00, 0x00, 0x00, 0x00, 0x00, 0x00, 0x00, 0x0e, 0x78, 0x09, 0x00,
  0x00, 0x00, 0x00, 0x00, 0x00, 0x00, 0x00, 0x00, 0x2c, 0x43, 0x08, 0x4e,
  0x24, 0x00, 0x00, 0x00, 0x00, 0x00, 0x00, 0x00, 0x4a, 0xb7, 0x8f, 0xe6,
  0x87, 0xbc, 0x40, 0x00, 0x00, 0x00, 0x00, 0x00, 0x00, 0xac, 0x06, 0x25,
  0xff, 0x24, 0x10, 0xa7, 0x00, 0x00, 0x00, 0x00, 0x00, 0x00, 0xa6, 0x0a,
  0x05, 0x7f, 0x05, 0x0b, 0xa7, 0x00, 0x00, 0x00, 0x00, 0x00, 0x00, 0x66,
  0x7d, 0x00, 0x00, 0x00, 0x80, 0x65, 0x00, 0x00, 0x00, 0x00, 0x00, 0x00,
  0x00, 0xb8, 0x3c, 0x00, 0x43, 0xb5, 0x00, 0x00, 0x00, 0x00, 0x00, 0x00,
  0x00, 0x00, 0x10, 0xbf, 0x78, 0xbd, 0x0a, 0x00, 0x00, 0x00, 0x00, 0x00,
  0x00, 0x00, 0x00, 0x00, 0x0e, 0x78, 0x09, 0x00, 0x00, 0x00, 0x00, 0x00,
  0x00, 0x00, 0x00, 0x00, 0x2c, 0x43, 0x08, 0x4e, 0x24, 0x00, 0x00, 0x00,
  0x00, 0x00, 0x00, 0x00, 0x4a, 0xb7, 0x8f, 0xe6, 0x87, 0xbc, 0x40, 0x00,
  0x00, 0x00, 0x00, 0x00, 0x00, 0xac, 0x06, 0x25, 0xff, 0x24, 0x10, 0xa7,
  0x00, 0x00, 0x00, 0x00, 0x00, 0x00, 0xa6, 0x0a, 0x05, 0x7f, 0x05, 0x0b,
  0xa7, 0x00, 0x00, 0x00, 0x00, 0x00, 0x00, 0x66, 0x7d, 0x00, 0x00, 0x00,
  0x80, 0x65, 0x00, 0x00, 0x00, 0x00, 0x00, 0x00, 0x00, 0xb8, 0x3c, 0x00,
  0x43, 0xb5, 0x00, 0x00, 0x00, 0x00, 0x00, 0x00, 0x00, 0x00, 0x10, 0xbf,
  0x78, 0xbd, 0x0a, 0x00, 0x00, 0x00, 0x00, 0x00, 0x00, 0x00, 0x00, 0x00,
  0x0e, 0x78, 0x09, 0x00, 0x00, 0x00, 0x00, 0x00, 0x00, 0x00, 0x00, 0x00,
  0x2c, 0x43, 0x08, 0x4e, 0x24, 0x00, 0x00, 0x00, 0x00, 0x00, 0x00, 0x00,
  0x4a, 0xb7, 0x8f, 0xe6, 0x87, 0xbc, 0x40, 0x00, 0x00, 0x00, 0x00, 0x00,
  0x00, 0xac, 0x06, 0x25, 0xff, 0x24, 0x10, 0xa7, 0x00, 0x00, 0x00, 0x00,
  0x00, 0x00, 0xa6, 0x0a, 0x05, 0x7f, 0x05, 0x0b, 0xa7, 0x00, 0x00, 0x00,
  0x00, 0x00, 0x00, 0x66, 0x7d, 0x00, 0x00, 0x00, 0x80, 0x65, 0x00, 0x00,
  0x00, 0x00, 0x00, 0x00, 0x00, 0xb8, 0x3c, 0x00, 0x43, 0xb5, 0x00, 0x00,
  0x00, 0x00, 0x00, 0x00, 0x00, 0x00, 0x10, 0xbf, 0x78, 0xbd, 0x0a, 0x00,
  0x00, 0x00, 0x00, 0x00, 0x00, 0x00, 0x00, 0x00, 0x0e, 0x78, 0x09, 0x00,
  0x00, 0x00, 0x00, 0x00, 0x00, 0x00, 0x00, 0x00, 0x2c, 0x43, 0x08, 0x4e,
  0x24, 0x00, 0x00, 0x00, 0x00, 0x00, 0x00, 0x00, 0x4a, 0xb7, 0x8f, 0xe6,
  0x87, 0xbc, 0x40, 0x00, 0x00, 0x00, 0x00, 0x00, 0x00, 0xac, 0x06, 0x25,
  0xff, 0x24, 0x10, 0xa7, 0x00, 0x00, 0x00, 0x00, 0x00, 0x00, 0xa6, 0x0a,
  0x05, 0x7f, 0x05, 0x0b, 0xa7, 0x00, 0x00, 0x00, 0x00, 0x00, 0x00, 0x66,
  0x7d, 0x00, 0x00, 0x00, 0x80, 0x65, 0x00, 0x00, 0x00, 0x00, 0x00, 0x00,
  0x00, 0xb8, 0x3c, 0x00, 0x43, 0xb5, 0x00, 0x00, 0x00, 0x00, 0x00, 0x00,
  0x00, 0x00, 0x10, 0xbf, 0x78, 0xbd, 0x0a, 0x00, 0x00, 0x00, 0x00, 0x00,
  0x00, 0x00, 0x00, 0x00, 0x0e, 0x78, 0x09, 0x00, 0x00, 0x00, 0x00, 0x00,
  0x00, 0x00, 0x00, 0x00, 0x2c, 0x43, 0x08, 0x4e, 0x24, 0x00, 0x00, 0x00,
  0x00, 0x00, 0x00, 0x00, 0x4a, 0xb7, 0x8f, 0xe6, 0x87, 0xbc, 0x40, 0x00,
  0x00, 0x00, 0x00, 0x00, 0x00, 0xac, 0x06, 0x25, 0xff, 0x24, 0x10, 0xa7,
  0x00, 0x00, 0x00, 0x00, 0x00, 0x00, 0xa6, 0x0a, 0x05, 0x7f, 0x05, 0x0b,
  0xa7, 0x00, 0x00, 0x00, 0x00, 0x00, 0x00, 0x66, 0x7d, 0x00, 0x00, 0x00,
  0x80, 0x65, 0x00, 0x00, 0x00, 0x00, 0x00, 0x00, 0x00, 0xb8, 0x3c, 0x00,
  0x43, 0xb5, 0x00, 0x00, 0x00, 0x00, 0x00, 0x00, 0x00, 0x00, 0x10, 0xbf,
  0x78, 0xbd, 0x0a, 0x00, 0x00, 0x00, 0x00, 0x00, 0x00, 0x00, 0x00, 0x00,
  0x0e, 0x78, 0x09, 0x00, 0x00, 0x00, 0x00, 0x00, 0x00, 0x00, 0x00, 0x00,
  0x2c, 0x43, 0x08, 0x4e, 0x24, 0x00, 0x00, 0x00, 0x00, 0x00, 0x00, 0x00,
  0x4a, 0xb7, 0x8f, 0xe6, 0x87, 0xbc, 0x40, 0x00, 0x00, 0x00, 0x00, 0x00,
  0x00, 0xac, 0x06, 0x25, 0xff, 0x24, 0x10, 0xa7, 0x00, 0x00, 0x00, 0x00,
  0x00, 0x00, 0xa6, 0x0a, 0x05, 0x7f, 0x05, 0x0b, 0xa7, 0x00, 0x00, 0x00,
  0x00, 0x00, 0x00, 0x66, 0x7d, 0x00, 0x00, 0x00, 0x80, 0x65, 0x00, 0x00,
  0x00, 0x00, 0x00, 0x00, 0x00, 0xb8, 0x3c, 0x00, 0x43, 0xb5, 0x00, 0x00,
  0x00, 0x00, 0x00, 0x00, 0x00, 0x00, 0x10, 0xbf, 0x78, 0xbd, 0x0a, 0x00,
  0x00, 0x00, 0x00, 0x00, 0x00, 0x00, 0x00, 0x00, 0x0e, 0x78, 0x09, 0x00,
  0x00, 0x00, 0x00, 0x00, 0x00, 0x00, 0x00, 0x00, 0x2c, 0x43, 0x08, 0x4e,
  0x24, 0x00, 0x00, 0x00, 0x00, 0x00, 0x00, 0x00, 0x4a, 0xb7, 0x8f, 0xe6,
  0x87, 0xbc, 0x40, 0x00, 0x00, 0x00, 0x00, 0x00, 0x00, 0xac, 0x06, 0x25,
  0xff, 0x24, 0x10, 0xa7, 0x00, 0x00, 0x00, 0x00, 0x00, 0x00, 0xa6, 0x0a,
  0x05, 0x7f, 0x05, 0x0b, 0xa7, 0x00, 0x00, 0x00, 0x00, 0x00, 0x00, 0x66,
  0x7d, 0x00, 0x00, 0x00, 0x80, 0x65, 0x00, 0x00, 0x00, 0x00, 0x00, 0x00,
  0x00, 0xb8, 0x3c, 0x00, 0x43, 0xb5, 0x00, 0x00, 0x00, 0x00, 0x00, 0x00,
  0x00, 0x00, 0x10, 0xbf, 0x78, 0xbd, 0x0a, 0x00, 0x00, 0x00, 0x00, 0x00,
  0x00, 0x00, 0x00, 0x00, 0x0e, 0x78, 0x09, 0x00, 0x00, 0x00, 0x00, 0x00,
  0x00, 0x00, 0x00, 0x00, 0x2c, 0x43, 0x08, 0x4e, 0x24, 0x00, 0x00, 0x00,
  0x00, 0x00, 0x00, 0x00, 0x4a, 0xb7, 0x8f, 0xe6, 0x87, 0xbc, 0x40, 0x00,
  0x00, 0x00, 0x00, 0x00, 0x00, 0xac, 0x06, 0x25, 0xff, 0x24, 0x10, 0xa7,
  0x00, 0x00, 0x00, 0x00, 0x00, 0x00, 0xa6, 0x0a, 0x05, 0x7f, 0x05, 0x0b,
  0xa7, 0x00, 0x00, 0x00, 0x00, 0x00, 0x00, 0x66, 0x7d, 0x00, 0x00, 0x00,
  0x80, 0x65, 0x00, 0x00, 0x00, 0x00, 0x00, 0x00, 0x00, 0xb8, 0x3c, 0x00,
  0x43, 0xb5, 0x00, 0x00, 0x00, 0x00, 0x00, 0x00, 0x00, 0x00, 0x10, 0xbf,
  0x78, 0xbd, 0x0a, 0x00, 0x00, 0x00, 0x00, 0x00, 0x00, 0x00, 0x00, 0x00,
  0x0e, 0x78, 0x09, 0x00, 0x00, 0x00, 0x00, 0x00, 0x00, 0x00, 0x00, 0x00,
  0x2c, 0x43, 0x08, 0x4e, 0x24, 0x00, 0x00, 0x00, 0x00, 0x00, 0x00, 0x00,
  0x4a, 0xb7, 0x8f, 0xe6, 0x87, 0xbc, 0x40, 0x00, 0x00, 0x00, 0x00, 0x00,
  0x00, 0xac, 0x06, 0x25, 0xff, 0x24, 0x10, 0xa7, 0x00, 0x00, 0x00, 0x00,
  0x00, 0x00, 0xa6, 0x0a, 0x05, 0x7f, 0x05, 0x0b, 0xa7, 0x00, 0x00, 0x00,
  0x00, 0x00, 0x00, 0x66, 0x7d, 0x00, 0x00, 0x00, 0x80, 0x65, 0x00, 0x00,
  0x00, 0x00, 0x00, 0x00, 0x00, 0xb8, 0x3c, 0x00, 0x43, 0xb5, 0x00, 0x00,
  0x00, 0x00, 0x00, 0x00, 0x00, 0x00, 0x10, 0xbf, 0x78, 0xbd, 0x0a, 0x00,
  0x00, 0x00, 0x00, 0x00, 0x00, 0x00, 0x00, 0x00, 0x0e, 0x78, 0x09, 0x00,
  0x00, 0x00, 0x00, 0x00, 0x00, 0x00, 0x00, 0x00, 0x2c, 0x43, 0x08, 0x4e,
  0x24, 0x00, 0x00, 0x00, 0x00, 0x00, 0x00, 0x00, 0x4a, 0xb7, 0x8f, 0xe6,
  0x87, 0xbc, 0x40, 0x00, 0x00, 0x00, 0x00, 0x00, 0x00, 0xac, 0x06, 0x25,
  0xff, 0x24, 0x10, 0xa7, 0x00, 0x00, 0x00, 0x00, 0x00, 0x00, 0xa6, 0x0a,
  0x05, 0x7f, 0x05, 0x0b, 0xa7, 0x00, 0x00, 0x00, 0x00, 0x00, 0x00, 0x66,
  0x7d, 0x00, 0x00, 0x00, 0x80, 0x65, 0x00, 0x00, 0x00, 0x00, 0x00, 0x00,
  0x00, 0xb8, 0x3c, 0x00, 0x43, 0xb5, 0x00, 0x00, 0x00, 0x00, 0x00, 0x00,
  0x00, 0x00, 0x10, 0xbf, 0x78, 0xbd, 0x0a, 0x00, 0x00, 0x00, 0x00, 0x00,
  0x00, 0x00, 0x00, 0x00, 0x0e, 0x78, 0x09, 0x00, 0x00, 0x00, 0x00, 0x00,
  0x00, 0x00, 0x00, 0x00, 0x2c, 0x43, 0x08, 0x4e, 0x24, 0x00, 0x00, 0x00,
  0x00, 0x00, 0x00, 0x00, 0x4a, 0xb7, 0x8f, 0xe6, 0x87, 0xbc, 0x40, 0x00,
  0x00, 0x00, 0x00, 0x00, 0x00, 0xac, 0x06, 0x25, 0xff, 0x24, 0x10, 0xa7,
  0x00, 0x00, 0x00, 0x00, 0x00, 0x00, 0xa6, 0x0a, 0x05, 0x7f, 0x05, 0x0b,
  0xa7, 0x00, 0x00, 0x00, 0x00, 0x00, 0x00, 0x66, 0x7d, 0x00, 0x00, 0x00,
  0x80, 0x65, 0x00, 0x00, 0x00, 0x00, 0x00, 0x00, 0x00, 0xb8, 0x3c, 0x00,
  0x43, 0xb5, 0x00, 0x00, 0x00, 0x00, 0x00, 0x00, 0x00, 0x00, 0x10, 0xbf,
  0x78, 0xbd, 0x0a, 0x00, 0x00, 0x00, 0x00, 0x00, 0x00, 0x00, 0x00, 0x00,
  0x0e, 0x78, 0x09, 0x00, 0x00, 0x00, 0x00, 0x00, 0x00, 0x00, 0x00, 0x00,
  0x2c, 0x43, 0x08, 0x4e, 0x24, 0x00, 0x00, 0x00, 0x00, 0x00, 0x00, 0x00,
  0x4a, 0xb7, 0x8f, 0xe6, 0x87, 0xbc, 0x40, 0x00, 0x00, 0x00, 0x00, 0x00,
  0x00, 0xac, 0x06, 0x25, 0xff, 0x24, 0x10, 0xa7, 0x00, 0x00, 0x00, 0x00,
  0x00, 0x00, 0xa6, 0x0a, 0x05, 0x7f, 0x05, 0x0b, 0xa7, 0x00, 0x00, 0x00,
  0x00, 0x00, 0x00, 0x66, 0x7d, 0x00, 0x00, 0x00, 0x80, 0x65, 0x00, 0x00,
  0x00, 0x00, 0x00, 0x00, 0x00, 0xb8, 0x3c, 0x00, 0x43, 0xb5, 0x00, 0x00,
  0x00, 0x00, 0x00, 0x00, 0x00, 0x00, 0x10, 0xbf, 0x78, 0xbd, 0x0a, 0x00,
  0x00, 0x00, 0x00, 0x00, 0x00, 0x00, 0x00, 0x00, 0x0e, 0x78, 0x09, 0x00,
  0x00, 0x00, 0x00, 0x00, 0x00, 0x00, 0x00, 0x00, 0x2c, 0x43, 0x08, 0x4e,
  0x24, 0x00, 0x00, 0x00, 0x00, 0x00, 0x00, 0x00, 0x4a, 0xb7, 0x8f, 0xe6,
  0x87, 0xbc, 0x40, 0x00, 0x00, 0x00, 0x00, 0x00, 0x00, 0xac, 0x06, 0x25,
  0xff, 0x24, 0x10, 0xa7, 0x00, 0x00, 0x00, 0x00, 0x00, 0x00, 0xa6, 0x0a,
  0x05, 0x7f, 0x05, 0x0b, 0xa7, 0x00, 0x00, 0x00, 0x00, 0x00, 0x00, 0x66,
  0x7d, 0x00, 0x00, 0x00, 0x80, 0x65, 0x00, 0x00, 0x00, 0x00, 0x00, 0x00,
  0x00, 0xb8, 0x3c, 0x00, 0x43, 0xb5, 0x00, 0x00, 0x00, 0x00, 0x00, 0x00,
  0x00, 0x00, 0x10, 0xbf, 0x78, 0xbd, 0x0a, 0x00, 0x00, 0x00, 0x00, 0x00,
  0x00, 0x00, 0x00, 0x00, 0x0e, 0x78, 0x09, 0x00, 0x00, 0x00, 0x00, 0x00,
  0x00, 0x00, 0x00, 0x00, 0x2c, 0x43, 0x08, 0x4e, 0x24, 0x00, 0x00, 0x00,
  0x00, 0x00, 0x00, 0x00, 0x4a, 0xb7, 0x8f, 0xe6, 0x87, 0xbc, 0x40, 0x00,
  0x00, 0x00, 0x00, 0x00, 0x00, 0xac, 0x06, 0x25, 0xff, 0x24, 0x10, 0xa7,
  0x00, 0x00, 0x00, 0x00, 0x00, 0x00, 0xa6, 0x0a, 0x05, 0x7f, 0x05, 0x0b,
  0xa7, 0x00, 0x00, 0x00, 0x00, 0x00, 0x00, 0x66, 0x7d, 0x00, 0x00, 0x00,
  0x80, 0x65, 0x00, 0x00, 0x00, 0x00, 0x00, 0x00, 0x00, 0xb8, 0x3c, 0x00,
  0x43, 0xb5, 0x00, 0x00, 0x00, 0x00, 0x00, 0x00, 0x00, 0x00, 0x10, 0xbf,
  0x78, 0xbd, 0x0a, 0x00, 0x00, 0x00, 0x00, 0x00, 0x00, 0x00, 0x00, 0x00,
  0x0e, 0x78, 0x09, 0x00, 0x00, 0x00, 0x00, 0x00, 0x00, 0x00, 0x00, 0x00,
  0x2c, 0x43, 0x08, 0x4e, 0x24, 0x00, 0x00, 0x00, 0x00, 0x00, 0x00, 0x00,
  0x4a, 0xb7, 0x8f, 0xe6, 0x87, 0xbc, 0x40, 0x00, 0x00, 0x00, 0x00, 0x00,
  0x00, 0xac, 0x06, 0x25, 0xff, 0x24, 0x10, 0xa7, 0x00, 0x00, 0x00, 0x00,
  0x00, 0x00, 0xa6, 0x0a, 0x05, 0x7f, 0x05, 0x0b, 0xa7, 0x00, 0x00, 0x00,
  0x00, 0x00, 0x00, 0x66, 0x7d, 0x00, 0x00, 0x00, 0x80, 0x65, 0x00, 0x00,
  0x00, 0x00, 0x00, 0x00, 0x00, 0xb8, 0x3c, 0x00, 0x43, 0xb5, 0x00, 0x00,
  0x00, 0x00, 0x00, 0x00, 0x00, 0x00, 0x10, 0xbf, 0x78, 0xbd, 0x0a, 0x00,
  0x00, 0x00, 0x00, 0x00, 0x00, 0x00, 0x00, 0x00, 0x0e, 0x78, 0x09, 0x00,
  0x00, 0x00, 0x00, 0x00, 0x00, 0x00, 0x00, 0x00, 0x2c, 0x43, 0x08, 0x4e,
  0x24, 0x00, 0x00, 0x00, 0x00, 0x00, 0x00, 0x00, 0x4a, 0xb7, 0x8f, 0xe6,
  0x87, 0xbc, 0x40, 0x00, 0x00, 0x00, 0x00, 0x00, 0x00, 0xac, 0x06, 0x25,
  0xff, 0x24, 0x10, 0xa7, 0x00, 0x00, 0x00, 0x00, 0x00, 0x00, 0xa6, 0x0a,
  0x05, 0x7f, 0x05, 0x0b, 0xa7, 0x00, 0x00, 0x00, 0x00, 0x00, 0x00, 0x66,
  0x7d, 0x00, 0x00, 0x00, 0x80, 0x65, 0x00, 0x00, 0x00, 0x00, 0x00, 0x00,
  0x00, 0xb8, 0x3c, 0x00, 0x43, 0xb5, 0x00, 0x00, 0x00, 0x00, 0x00, 0x00,
  0x00, 0x00, 0x10, 0xbf, 0x78, 0xbd, 0x0a, 0x00, 0x00, 0x00, 0x00, 0x00,
  0x00, 0x00, 0x00, 0x00, 0x0e, 0x78, 0x09, 0x00, 0x00, 0x00, 0x00, 0x00,
  0x00, 0x00, 0x00, 0x00, 0x2c, 0x43, 0x08, 0x4e, 0x24, 0x00, 0x00, 0x00,
  0x00, 0x00, 0x00, 0x00, 0x4a, 0xb7, 0x8f, 0xe6, 0x87, 0xbc, 0x40, 0x00,
  0x00, 0x00, 0x00, 0x00, 0x00, 0xac, 0x06, 0x25, 0xff, 0x24, 0x10, 0xa7,
  0x00, 0x00, 0x00, 0x00, 0x00, 0x00, 0xa6, 0x0a, 0x05, 0x7f, 0x05, 0x0b,
  0xa7, 0x00, 0x00, 0x00, 0x00, 0x00, 0x00, 0x66, 0x7d, 0x00, 0x00, 0x00,
  0x80, 0x65, 0x00, 0x00, 0x00, 0x00, 0x00, 0x00, 0x00, 0xb8, 0x3c, 0x00,
  0x43, 0xb5, 0x00, 0x00, 0x00, 0x00, 0x00, 0x00, 0x00, 0x00, 0x10, 0xbf,
  0x78, 0xbd, 0x0a, 0x00, 0x00, 0x00, 0x00, 0x00, 0x00, 0x00, 0x00, 0x00,
  0x0e, 0x78, 0x09, 0x00, 0x00, 0x00, 0x00, 0x00, 0x00, 0x00, 0x00, 0x00,
  0x2c, 0x43, 0x08, 0x4e, 0x24, 0x00, 0x00, 0x00, 0x00, 0x00, 0x00, 0x00,
  0x4a, 0xb7, 0x8f, 0xe6, 0x87, 0xbc, 0x40, 0x00, 0x00, 0x00, 0x00, 0x00,
  0x00, 0xac, 0x06, 0x25, 0xff, 0x24, 0x10, 0xa7, 0x00, 0x00, 0x00, 0x00,
  0x00, 0x00, 0xa6, 0x0a, 0x05, 0x7f, 0x05, 0x0b, 0xa7, 0x00, 0x00, 0x00,
  0x00, 0x00, 0x00, 0x66, 0x7d, 0x00, 0x00, 0x00, 0x80, 0x65, 0x00, 0x00,
  0x00, 0x00, 0x00, 0x00, 0x00, 0xb8, 0x3c, 0x00, 0x43, 0xb5, 0x00, 0x00,
  0x00, 0x00, 0x00, 0x00, 0x00, 0x00, 0x10, 0xbf, 0x78, 0xbd, 0x0a, 0x00,
  0x00, 0x00, 0x00, 0x00, 0x00, 0x00, 0x00, 0x00, 0x0e, 0x78, 0x09, 0x00,
  0x00, 0x00, 0x00, 0x00, 0x00, 0x00, 0x00, 0x00, 0x2c, 0x43, 0x08, 0x4e,
  0x24, 0x00, 0x00, 0x00, 0x00, 0x00, 0x00, 0x00, 0x4a, 0xb7, 0x8f, 0xe6,
  0x87, 0xbc, 0x40, 0x00, 0x00, 0x00, 0x00, 0x00, 0x00, 0xac, 0x06, 0x25,
  0xff, 0x24, 0x10, 0xa7, 0x00, 0x00, 0x00, 0x00, 0x00, 0x00, 0xa6, 0x0a,
  0x05, 0x7f, 0x05, 0x0b, 0xa7, 0x00, 0x00, 0x00, 0x00, 0x00, 0x00, 0x66,
  0x7d, 0x00, 0x00, 0x00, 0x80, 0x65, 0x00, 0x00, 0x00, 0x00, 0x00, 0x00,
  0x00, 0xb8, 0x3c, 0x00, 0x43, 0xb5, 0x00, 0x00, 0x00, 0x00, 0x00, 0x00,
  0x00, 0x00, 0x10, 0xbf, 0x78, 0xbd, 0x0a, 0x00, 0x00, 0x00, 0x00, 0x00,
  0x00, 0x00, 0x00, 0x00, 0x0e, 0x78, 0x09, 0x00, 0x00, 0x00, 0x00, 0x00,
  0x00, 0x00, 0x00, 0x00, 0x2c, 0x43, 0x08, 0x4e, 0x24, 0x00, 0x00, 0x00,
  0x00, 0x00, 0x00, 0x00, 0x4a, 0xb7, 0x8f, 0xe6, 0x87, 0xbc, 0x40, 0x00,
  0x00, 0x00, 0x00, 0x00, 0x00, 0xac, 0x06, 0x25, 0xff, 0x24, 0x10, 0xa7,
  0x00, 0x00, 0x00, 0x00, 0x00, 0x00, 0xa6, 0x0a, 0x05, 0x7f, 0x05, 0x0b,
  0xa7, 0x00, 0x00, 0x00, 0x00, 0x00, 0x00, 0x66, 0x7d, 0x00, 0x00, 0x00,
  0x80, 0x65, 0x00, 0x00, 0x00, 0x00, 0x00, 0x00, 0x00, 0xb8, 0x3c, 0x00,
  0x43, 0xb5, 0x00, 0x00, 0x00, 0x00, 0x00, 0x00, 0x00, 0x00, 0x10, 0xbf,
  0x78, 0xbd, 0x0a, 0x00, 0x00, 0x00, 0x00, 0x00, 0x00, 0x00, 0x00, 0x00,
  0x0e, 0x78, 0x09, 0x00, 0x00, 0x00, 0x00, 0x00, 0x00, 0x00, 0x00, 0x00,
  0x2c, 0x43, 0x08, 0x4e, 0x24, 0x00, 0x00, 0x00, 0x00, 0x00, 0x00, 0x00,
  0x4a, 0xb7, 0x8f, 0xe6, 0x87, 0xbc, 0x40, 0x00, 0x00, 0x00, 0x00, 0x00,
  0x00, 0xac, 0x06, 0x25, 0xff, 0x24, 0x10, 0xa7, 0x00, 0x00, 0x00, 0x00,
  0x00, 0x00, 0xa6, 0x0a, 0x05, 0x7f, 0x05, 0x0b, 0xa7, 0x00, 0x00, 0x00,
  0x00, 0x00, 0x00, 0x66, 0x7d, 0x00, 0x00, 0x00, 0x80, 0x65, 0x00, 0x00,
  0x00, 0x00, 0x00, 0x00, 0x00, 0xb8, 0x3c, 0x00, 0x43, 0xb5, 0x00, 0x00,
  0x00, 0x00, 0x00, 0x00, 0x00, 0x00, 0x10, 0xbf, 0x78, 0xbd, 0x0a, 0x00,
  0x00, 0x00, 0x00, 0x00, 0x00, 0x00, 0x00, 0x00, 0x0e, 0x78, 0x09, 0x00,
  0x00, 0x00, 0x00, 0x00, 0x00, 0x00, 0x00, 0x00, 0x2c, 0x43, 0x08, 0x4e,
  0x24, 0x00, 0x00, 0x00, 0x00, 0x00, 0x00, 0x00, 0x4a, 0xb7, 0x8f, 0xe6,
  0x87, 0xbc, 0x40, 0x00, 0x00, 0x00, 0x00, 0x00, 0x00, 0xac, 0x06, 0x25,
  0xff, 0x24, 0x10, 0xa7, 0x00, 0x00, 0x00, 0x00, 0x00, 0x00, 0xa6, 0x0a,
  0x05, 0x7f, 0x05, 0x0b, 0xa7, 0x00, 0x00, 0x00, 0x00, 0x00, 0x00, 0x66,
  0x7d, 0x00, 0x00, 0x00, 0x80, 0x65, 0x00, 0x00, 0x00, 0x00, 0x00, 0x00,
  0x00, 0xb8, 0x3c, 0x00, 0x43, 0xb5, 0x00, 0x00, 0x00, 0x00, 0x00, 0x00,
  0x00, 0x00, 0x10, 0xbf, 0x78, 0xbd, 0x0a, 0x00, 0x00, 0x00, 0x00, 0x00,
  0x00, 0x00, 0x00, 0x00, 0x0e, 0x78, 0x09, 0x00, 0x00, 0x00, 0x00, 0x00,
  0x00, 0x00, 0x00, 0x00, 0x2c, 0x43, 0x08, 0x4e, 0x24, 0x00, 0x00, 0x00,
  0x00, 0x00, 0x00, 0x00, 0x4a, 0xb7, 0x8f, 0xe6, 0x87, 0xbc, 0x40, 0x00,
  0x00, 0x00, 0x00, 0x00, 0x00, 0xac, 0x06, 0x25, 0xff, 0x24, 0x10, 0xa7,
  0x00, 0x00, 0x00, 0x00, 0x00, 0x00, 0xa6, 0x0a, 0x05, 0x7f, 0x05, 0x0b,
  0xa7, 0x00, 0x00, 0x00, 0x00, 0x00, 0x00, 0x66, 0x7d, 0x00, 0x00, 0x00,
  0x80, 0x65, 0x00, 0x00, 0x00, 0x00, 0x00, 0x00, 0x00, 0xb8, 0x3c, 0x00,
  0x43, 0xb5, 0x00, 0x00, 0x00, 0x00, 0x00, 0x00, 0x00, 0x00, 0x10, 0xbf,
  0x78, 0xbd, 0x0a, 0x00, 0x00, 0x00, 0x00, 0x00, 0x00, 0x00, 0x00, 0x00,
  0x0e, 0x78, 0x09, 0x00, 0x00, 0x00, 0x00, 0x00, 0x00, 0x00, 0x00, 0x00,
  0x2c, 0x43, 0x08, 0x4e, 0x24, 0x00, 0x00, 0x00, 0x00, 0x00, 0x00, 0x00,
  0x4a, 0xb7, 0x8f, 0xe6, 0x87, 0xbc, 0x40, 0x00, 0x00, 0x00, 0x00, 0x00,
  0x00, 0xac, 0x06, 0x25, 0xff, 0x24, 0x10, 0xa7, 0x00, 0x00, 0x00, 0x00,
  0x00, 0x00, 0xa6, 0x0a, 0x05, 0x7f, 0x05, 0x0b, 0xa7, 0x00, 0x00, 0x00,
  0x00, 0x00, 0x00, 0x66, 0x7d, 0x00, 0x00, 0x00, 0x80, 0x65, 0x00, 0x00,
  0x00, 0x00, 0x00, 0x00, 0x00, 0xb8, 0x3c, 0x00, 0x43, 0xb5, 0x00, 0x00,
  0x00, 0x00, 0x00, 0x00, 0x00, 0x00, 0x10, 0xbf, 0x78, 0xbd, 0x0a, 0x00,
  0x00, 0x00, 0x00, 0x00, 0x00, 0x00, 0x00, 0x00, 0x0e, 0x78, 0x09, 0x00,
  0x00, 0x00, 0x00, 0x00, 0x00, 0x00, 0x00, 0x00, 0x2c, 0x43, 0x08, 0x4e,
  0x24, 0x00, 0x00, 0x00, 0x00, 0x00, 0x00, 0x00, 0x4a, 0xb7, 0x8f, 0xe6,
  0x87, 0xbc, 0x40, 0x00, 0x00, 0x00, 0x00, 0x00, 0x00, 0xac, 0x06, 0x25,
  0xff, 0x24, 0x10, 0xa7, 0x00, 0x00, 0x00, 0x00, 0x00, 0x00, 0xa6, 0x0a,
  0x05, 0x7f, 0x05, 0x0b, 0xa7, 0x00, 0x00, 0x00, 0x00, 0x00, 0x00, 0x66,
  0x7d, 0x00, 0x00, 0x00, 0x80, 0x65, 0x00, 0x00, 0x00, 0x00, 0x00, 0x00,
  0x00, 0xb8, 0x3c, 0x00, 0x43, 0xb5, 0x00, 0x00, 0x00, 0x00, 0x00, 0x00,
  0x00, 0x00, 0x10, 0xbf, 0x78, 0xbd, 0x0a, 0x00, 0x00, 0x00, 0x00, 0x00,
  0x00, 0x00, 0x00, 0x00, 0x0e, 0x78, 0x09, 0x00, 0x00, 0x00, 0x00, 0x00,
  0x00, 0x00, 0x00, 0x00, 0x2c, 0x43, 0x08, 0x4e, 0x24, 0x00, 0x00, 0x00,
  0x00, 0x00, 0x00, 0x00, 0x4a, 0xb7, 0x8f, 0xe6, 0x87, 0xbc, 0x40, 0x00,
  0x00, 0x00, 0x00, 0x00, 0x00, 0xac, 0x06, 0x25, 0xff, 0x24, 0x10, 0xa7,
  0x00, 0x00, 0x00, 0x00, 0x00, 0x00, 0xa6, 0x0a, 0x05, 0x7f, 0x05, 0x0b,
  0xa7, 0x00, 0x00, 0x00, 0x00, 0x00, 0x00, 0x66, 0x7d, 0x00, 0x00, 0x00,
  0x80, 0x65, 0x00, 0x00, 0x00, 0x00, 0x00, 0x00, 0x00, 0xb8, 0x3c, 0x00,
  0x43, 0xb5, 0x00, 0x00, 0x00, 0x00, 0x00, 0x00, 0x00, 0x00, 0x10, 0xbf,
  0x78, 0xbd, 0x0a, 0x00, 0x00, 0x00, 0x00, 0x00, 0x00, 0x00, 0x00, 0x00,
  0x0e, 0x78, 0x09, 0x00, 0x00, 0x00, 0x00, 0x00, 0x00, 0x00, 0x00, 0x00,
  0x2c, 0x43, 0x08, 0x4e, 0x24, 0x00, 0x00, 0x00, 0x00, 0x00, 0x00, 0x00,
  0x4a, 0xb7, 0x8f, 0xe6, 0x87, 0xbc, 0x40, 0x00, 0x00, 0x00, 0x00, 0x00,
  0x00, 0xac, 0x06, 0x25, 0xff, 0x24, 0x10, 0xa7, 0x00, 0x00, 0x00, 0x00,
  0x00, 0x00, 0xa6, 0x0a, 0x05, 0x7f, 0x05, 0x0b, 0xa7, 0x00, 0x00, 0x00,
  0x00, 0x00, 0x00, 0x66, 0x7d, 0x00, 0x00, 0x00, 0x80, 0x65, 0x00, 0x00,
  0x00, 0x00, 0x00, 0x00, 0x00, 0xb8, 0x3c, 0x00, 0x43, 0xb5, 0x00, 0x00,
  0x00, 0x00, 0x00, 0x00, 0x00, 0x00, 0x10, 0xbf, 0x78, 0xbd, 0x0a, 0x00,
  0x00, 0x00, 0x00, 0x00, 0x00, 0x00, 0x00, 0x00, 0x0e, 0x78, 0x09, 0x00,
  0x00, 0x00, 0x00, 0x00, 0x00, 0x00, 0x00, 0x00, 0x2c, 0x43, 0x08, 0x4e,
  0x24, 0x00, 0x00, 0x00, 0x00, 0x00, 0x00, 0x00, 0x4a, 0xb7, 0x8f, 0xe6,
  0x87, 0xbc, 0x40, 0x00, 0x00, 0x00, 0x00, 0x00, 0x00, 0xac, 0x06, 0x25,
  0xff, 0x24, 0x10, 0xa7, 0x00, 0x00, 0x00, 0x00, 0x00, 0x00, 0xa6, 0x0a,
  0x05, 0x7f, 0x05, 0x0b, 0xa7, 0x00, 0x00, 0x00, 0x00, 0x00, 0x00, 0x66,
  0x7d, 0x00, 0x00, 0x00, 0x80, 0x65, 0x00, 0x00, 0x00, 0x00, 0x00, 0x00,
  0x00, 0xb8, 0x3c, 0x00, 0x43, 0xb5, 0x00, 0x00, 0x00, 0x00, 0x00, 0x00,
  0x00, 0x00, 0x10, 0xbf, 0x78, 0xbd, 0x0a, 0x00, 0x00, 0x00, 0x00, 0x00,
  0x00, 0x00, 0x00, 0x00, 0x0e, 0x78, 0x09, 0x00, 0x00, 0x00, 0x00, 0x00,
  0x00, 0x00, 0x00, 0x00, 0x2c, 0x43, 0x08, 0x4e, 0x24, 0x00, 0x00, 0x00,
  0x00, 0x00, 0x00, 0x00, 0x4a, 0xb7, 0x8f, 0xe6, 0x87, 0xbc, 0x40, 0x00,
  0x00, 0x00, 0x00, 0x00, 0x00, 0xac, 0x06, 0x25, 0xff, 0x24, 0x10, 0xa7,
  0x00, 0x00, 0x00, 0x00, 0x00, 0x00, 0xa6, 0x0a, 0x05, 0x7f, 0x05, 0x0b,
  0xa7, 0x00, 0x00, 0x00, 0x00, 0x00, 0x00, 0x66, 0x7d, 0x00, 0x00, 0x00,
  0x80, 0x65, 0x00, 0x00, 0x00, 0x00, 0x00, 0x00, 0x00, 0xb8, 0x3c, 0x00,
  0x43, 0xb5, 0x00, 0x00, 0x00, 0x00, 0x00, 0x00, 0x00, 0x00, 0x10, 0xbf,
  0x78, 0xbd, 0x0a, 0x00, 0x00, 0x00, 0x00, 0x00, 0x00, 0x00, 0x00, 0x00,
  0x0e, 0x78, 0x09, 0x00, 0x00, 0x00, 0x00, 0x00, 0x00, 0x00, 0x00, 0x00,
  0x2c, 0x43, 0x08, 0x4e, 0x24, 0x00, 0x00, 0x00, 0x00, 0x00, 0x00, 0x00,
  0x4a, 0xb7, 0x8f, 0xe6, 0x87, 0xbc, 0x40, 0x00, 0x00, 0x00, 0x00, 0x00,
  0x00, 0xac, 0x06, 0x25, 0xff, 0x24, 0x10, 0xa7, 0x00, 0x00, 0x00, 0x00,
  0x00, 0x00, 0xa6, 0x0a, 0x05, 0x7f, 0x05, 0x0b, 0xa7, 0x00, 0x00, 0x00,
  0x00, 0x00, 0x00, 0x66, 0x7d, 0x00, 0x00, 0x00, 0x80, 0x65, 0x00, 0x00,
  0x00, 0x00, 0x00, 0x00, 0x00, 0xb8, 0x3c, 0x00, 0x43, 0xb5, 0x00, 0x00,
  0x00, 0x00, 0x00, 0x00, 0x00, 0x00, 0x10, 0xbf, 0x78, 0xbd, 0x0a, 0x00,
  0x00, 0x00, 0x00, 0x00, 0x00, 0x00, 0x00, 0x00, 0x0e, 0x78, 0x09, 0x00,
  0x00, 0x00, 0x00, 0x00, 0x00, 0x00, 0x00, 0x00, 0x2c, 0x43, 0x08, 0x4e,
  0x24, 0x00, 0x00, 0x00, 0x00, 0x00, 0x00, 0x00, 0x4a, 0xb7, 0x8f, 0xe6,
  0x87, 0xbc, 0x40, 0x00, 0x00, 0x00, 0x00, 0x00, 0x00, 0xac, 0x06, 0x25,
  0xff, 0x24, 0x10, 0xa7, 0x00, 0x00, 0x00, 0x00, 0x00, 0x00, 0xa6, 0x0a,
  0x05, 0x7f, 0x05, 0x0b, 0xa7, 0x00, 0x00, 0x00, 0x00, 0x00, 0x00, 0x66,
  0x7d, 0x00, 0x00, 0x00, 0x80, 0x65, 0x00, 0x00, 0x00, 0x00, 0x00, 0x00,
  0x00, 0xb8, 0x3c, 0x00, 0x43, 0xb5, 0x00, 0x00, 0x00, 0x00, 0x00, 0x00,
  0x00, 0x00, 0x10, 0xbf, 0x78, 0xbd, 0x0a, 0x00, 0x00, 0x00, 0x00, 0x00,
  0x00, 0x00, 0x00, 0x00, 0x0e, 0x78, 0x09, 0x00, 0x00, 0x00, 0x00, 0x00,
  0x00, 0x00, 0x00, 0x00, 0x2c, 0x43, 0x08, 0x4e, 0x24, 0x00, 0x00, 0x00,
  0x00, 0x00, 0x00, 0x00, 0x4a, 0xb7, 0x8f, 0xe6, 0x87, 0xbc, 0x40, 0x00,
  0x00, 0x00, 0x00, 0x00, 0x00, 0xac, 0x06, 0x25, 0xff, 0x24, 0x10, 0xa7,
  0x00, 0x00, 0x00, 0x00, 0x00, 0x00, 0xa6, 0x0a, 0x05, 0x7f, 0x05, 0x0b,
  0xa7, 0x00, 0x00, 0x00, 0x00, 0x00, 0x00, 0x66, 0x7d, 0x00, 0x00, 0x00,
  0x80, 0x65, 0x00, 0x00, 0x00, 0x00, 0x00, 0x00, 0x00, 0xb8, 0x3c, 0x00,
  0x43, 0xb5, 0x00, 0x00, 0x00, 0x00, 0x00, 0x00, 0x00, 0x00, 0x10, 0xbf,
  0x78, 0xbd, 0x0a, 0x00, 0x00, 0x00, 0x00, 0x00, 0x00, 0x00, 0x00, 0x00,
  0x0e, 0x78, 0x09, 0x00, 0x00, 0x00, 0x00, 0x00, 0x00, 0x00, 0x00, 0x00,
  0x2c, 0x43, 0x08, 0x4e, 0x24, 0x00, 0x00, 0x00, 0x00, 0x00, 0x00, 0x00,
  0x4a, 0xb7, 0x8f, 0xe6, 0x87, 0xbc, 0x40, 0x00, 0x00, 0x00, 0x00, 0x00,
  0x00, 0xac, 0x06, 0x25, 0xff, 0x24, 0x10, 0xa7, 0x00, 0x00, 0x00, 0x00,
  0x00, 0x00, 0xa6, 0x0a, 0x05, 0x7f, 0x05, 0x0b, 0xa7, 0x00, 0x00, 0x00,
  0x00, 0x00, 0x00, 0x66, 0x7d, 0x00, 0x00, 0x00, 0x80, 0x65, 0x00, 0x00,
  0x00, 0x00, 0x00, 0x00, 0x00, 0xb8, 0x3c, 0x00, 0x43, 0xb5, 0x00, 0x00,
  0x00, 0x00, 0x00, 0x00, 0x00, 0x00, 0x10, 0xbf, 0x78, 0xbd, 0x0a, 0x00,
  0x00, 0x00, 0x00, 0x00, 0x00, 0x00, 0x00, 0x00, 0x0e, 0x78, 0x09, 0x00,
  0x00, 0x00, 0x00, 0x00, 0x00, 0x00, 0x00, 0x00, 0x2c, 0x43, 0x08, 0x4e,
  0x24, 0x00, 0x00, 0x00, 0x00, 0x00, 0x00, 0x00, 0x4a, 0xb7, 0x8f, 0xe6,
  0x87, 0xbc, 0x40, 0x00, 0x00, 0x00, 0x00, 0x00, 0x00, 0xac, 0x06, 0x25,
  0xff, 0x24, 0x10, 0xa7, 0x00, 0x00, 0x00, 0x00, 0x00, 0x00, 0xa6, 0x0a,
  0x05, 0x7f, 0x05, 0x0b, 0xa7, 0x00, 0x00, 0x00, 0x00, 0x00, 0x00, 0x66,
  0x7d, 0x00, 0x00, 0x00, 0x80, 0x65, 0x00, 0x00, 0x00, 0x00, 0x00, 0x00,
  0x00, 0xb8, 0x3c, 0x00, 0x43, 0xb5, 0x00, 0x00, 0x00, 0x00, 0x00, 0x00,
  0x00, 0x00, 0x10, 0xbf, 0x78, 0xbd, 0x0a, 0x00, 0x00, 0x00, 0x00, 0x00,
  0x00, 0x00, 0x00, 0x00, 0x0e, 0x78, 0x09, 0x00, 0x00, 0x00, 0x00, 0x00,
  0x00, 0x00, 0x00, 0x00, 0x2c, 0x43, 0x08, 0x4e, 0x24, 0x00, 0x00, 0x00,
  0x00, 0x00, 0x00, 0x00, 0x4a, 0xb7, 0x8f, 0xe6, 0x87, 0xbc, 0x40, 0x00,
  0x00, 0x00, 0x00, 0x00, 0x00, 0xac, 0x06, 0x25, 0xff, 0x24, 0x10, 0xa7,
  0x00, 0x00, 0x00, 0x00, 0x00, 0x00, 0xa6, 0x0a, 0x05, 0x7f, 0x05, 0x0b,
  0xa7, 0x00, 0x00, 0x00, 0x00, 0x00, 0x00, 0x66, 0x7d, 0x00, 0x00, 0x00,
  0x80, 0x65, 0x00, 0x00, 0x00, 0x00, 0x00, 0x00, 0x00, 0xb8, 0x3c, 0x00,
  0x43, 0xb5, 0x00, 0x00, 0x00, 0x00, 0x00, 0x00, 0x00, 0x00, 0x10, 0xbf,
  0x78, 0xbd, 0x0a, 0x00, 0x00, 0x00, 0x00, 0x00, 0x00, 0x00, 0x00, 0x00,
  0x0e, 0x78, 0x09, 0x00, 0x00, 0x00, 0x00, 0x00, 0x00, 0x00, 0x00, 0x00,
  0x2c, 0x43, 0x08, 0x4e, 0x24, 0x00, 0x00, 0x00, 0x00, 0x00, 0x00, 0x00,
  0x4a, 0xb7, 0x8f, 0xe6, 0x87, 0xbc, 0x40, 0x00, 0x00, 0x00, 0x00, 0x00,
  0x00, 0xac, 0x06, 0x25, 0xff, 0x24, 0x10, 0xa7, 0x00, 0x00, 0x00, 0x00,
  0x00, 0x00, 0xa6, 0x0a, 0x05, 0x7f, 0x05, 0x0b, 0xa7, 0x00, 0x00, 0x00,
  0x00, 0x00, 0x00, 0x66, 0x7d, 0x00, 0x00, 0x00, 0x80, 0x65, 0x00, 0x00,
  0x00, 0x00, 0x00, 0x00, 0x00, 0xb8, 0x3c, 0x00, 0x43, 0xb5, 0x00, 0x00,
  0x00, 0x00, 0x00, 0x00, 0x00, 0x00, 0x10, 0xbf, 0x78, 0xbd, 0x0a, 0x00,
  0x00, 0x00, 0x00, 0x00, 0x00, 0x00, 0x00, 0x00, 0x0e, 0x78, 0x09, 0x00,
  0x00, 0x00, 0x00, 0x00, 0x00, 0x00, 0x00, 0x00, 0x2c, 0x43, 0x08, 0x4e,
  0x24, 0x00, 0x00, 0x00, 0x00, 0x00, 0x00, 0x00, 0x4a, 0xb7, 0x8f, 0xe6,
  0x87, 0xbc, 0x40, 0x00, 0x00, 0x00, 0x00, 0x00, 0x00, 0xac, 0x06, 0x25,
  0xff, 0x24, 0x10, 0xa7, 0x00, 0x00, 0x00, 0x00, 0x00, 0x00, 0xa6, 0x0a,
  0x05, 0x7f, 0x05, 0x0b, 0xa7, 0x00, 0x00, 0x00, 0x00, 0x00, 0x00, 0x66,
  0x7d, 0x00, 0x00, 0x00, 0x80, 0x65, 0x00, 0x00, 0x00, 0x00, 0x00, 0x00,
  0x00, 0xb8, 0x3c, 0x00, 0x43, 0xb5, 0x00, 0x00, 0x00, 0x00, 0x00, 0x00,
  0x00, 0x00, 0x10, 0xbf, 0x78, 0xbd, 0x0a, 0x00, 0x00, 0x00, 0x00, 0x00,
  0x00, 0x00, 0x00, 0x00, 0x0e, 0x78, 0x09, 0x00, 0x00, 0x00, 0x00, 0x00,
  0x00, 0x00, 0x00, 0x00, 0x2c, 0x43, 0x08, 0x4e, 0x24, 0x00, 0x00, 0x00,
  0x00, 0x00, 0x00, 0x00, 0x4a, 0xb7, 0x8f, 0xe6, 0x87, 0xbc, 0x40, 0x00,
  0x00, 0x00, 0x00, 0x00, 0x00, 0xac, 0x06, 0x25, 0xff, 0x24, 0x10, 0xa7,
  0x00, 0x00, 0x00, 0x00, 0x00, 0x00, 0xa6, 0x0a, 0x05, 0x7f, 0x05, 0x0b,
  0xa7, 0x00, 0x00, 0x00, 0x00, 0x00, 0x00, 0x66, 0x7d, 0x00, 0x00, 0x00,
  0x80, 0x65, 0x00, 0x00, 0x00, 0x00, 0x00, 0x00, 0x00, 0xb8, 0x3c, 0x00,
  0x43, 0xb5, 0x00, 0x00, 0x00, 0x00, 0x00, 0x00, 0x00, 0x00, 0x10, 0xbf,
  0x78, 0xbd, 0x0a, 0x00, 0x00, 0x00, 0x00, 0x00, 0x00, 0x00, 0x00, 0x00,
  0x0e, 0x78, 0x09, 0x00, 0x00, 0x00, 0x00, 0x00, 0x00, 0x00, 0x00, 0x00,
  0x2c, 0x43, 0x08, 0x4e, 0x24, 0x00, 0x00, 0x00, 0x00, 0x00, 0x00, 0x00,
  0x4a, 0xb7, 0x8f, 0xe6, 0x87, 0xbc, 0x40, 0x00, 0x00, 0x00, 0x00, 0x00,
  0x00, 0xac, 0x06, 0x25, 0xff, 0x24, 0x10, 0xa7, 0x00, 0x00, 0x00, 0x00,
  0x00, 0x00, 0xa6, 0x0a, 0x05, 0x7f, 0x05, 0x0b, 0xa7, 0x00, 0x00, 0x00,
  0x00, 0x00, 0x00, 0x66, 0x7d, 0x00, 0x00, 0x00, 0x80, 0x65, 0x00, 0x00,
  0x00, 0x00, 0x00, 0x00, 0x00, 0xb8, 0x3c, 0x00, 0x43, 0xb5, 0x00, 0x00,
  0x00, 0x00, 0x00, 0x00, 0x00, 0x00, 0x10, 0xbf, 0x78, 0xbd, 0x0a, 0x00,
  0x00, 0x00, 0x00, 0x00, 0x00, 0x00, 0x00, 0x00, 0x0e, 0x78, 0x09, 0x00,
  0x00, 0x00, 0x00, 0x00, 0x00, 0x00, 0x00, 0x00, 0x2c, 0x43, 0x08, 0x4e,
  0x24, 0x00, 0x00, 0x00, 0x00, 0x00, 0x00, 0x00, 0x4a, 0xb7, 0x8f, 0xe6,
  0x87, 0xbc, 0x40, 0x00, 0x00, 0x00, 0x00, 0x00, 0x00, 0xac, 0x06, 0x25,
  0xff, 0x24, 0x10, 0xa7, 0x00, 0x00, 0x00, 0x00, 0x00, 0x00, 0xa6, 0x0a,
  0x05, 0x7f, 0x05, 0x0b, 0xa7, 0x00, 0x00, 0x00, 0x00, 0x00, 0x00, 0x66,
  0x7d, 0x00, 0x00, 0x00, 0x80, 0x65, 0x00, 0x00, 0x00, 0x00, 0x00, 0x00,
  0x00, 0xb8, 0x3c, 0x00, 0x43, 0xb5, 0x00, 0x00, 0x00, 0x00, 0x00, 0x00,
  0x00, 0x00, 0x10, 0xbf, 0x78, 0xbd, 0x0a, 0x00, 0x00, 0x00, 0x00, 0x00,
  0x00, 0x00, 0x00, 0x00, 0x0e, 0x78, 0x09, 0x00, 0x00, 0x00, 0x00, 0x00,
  0x00, 0x00, 0x00, 0x00, 0x2c, 0x43, 0x08, 0x4e, 0x24, 0x00, 0x00, 0x00,
  0x00, 0x00, 0x00, 0x00, 0x4a, 0xb7, 0x8f, 0xe6, 0x87, 0xbc, 0x40, 0x00,
  0x00, 0x00, 0x00, 0x00, 0x00, 0xac, 0x06, 0x25, 0xff, 0x24, 0x10, 0xa7,
  0x00, 0x00, 0x00, 0x00, 0x00, 0x00, 0xa6, 0x0a, 0x05, 0x7f, 0x05, 0x0b,
  0xa7, 0x00, 0x00, 0x00, 0x00, 0x00, 0x00, 0x66, 0x7d, 0x00, 0x00, 0x00,
  0x80, 0x65, 0x00, 0x00, 0x00, 0x00, 0x00, 0x00, 0x00, 0xb8, 0x3c, 0x00,
  0x43, 0xb5, 0x00, 0x00, 0x00, 0x00, 0x00, 0x00, 0x00, 0x00, 0x10, 0xbf,
  0x78, 0xbd, 0x0a, 0x00, 0x00, 0x00, 0x00, 0x00, 0x00, 0x00, 0x00, 0x00,
  0x0e, 0x78, 0x09, 0x00, 0x00, 0x00, 0x00, 0x00, 0x00, 0x00, 0x00, 0x00,
  0x2c, 0x43, 0x08, 0x4e, 0x24, 0x00, 0x00, 0x00, 0x00, 0x00, 0x00, 0x00,
  0x4a, 0xb7, 0x8f, 0xe6, 0x87, 0xbc, 0x40, 0x00, 0x00, 0x00, 0x00, 0x00,
  0x00, 0xac, 0x06, 0x25, 0xff, 0x24, 0x10, 0xa7, 0x00, 0x00, 0x00, 0x00,
  0x00, 0x00, 0xa6, 0x0a, 0x05, 0x7f, 0x05, 0x0b, 0xa7, 0x00, 0x00, 0x00,
  0x00, 0x00, 0x00, 0x66, 0x7d, 0x00, 0x00, 0x00, 0x80, 0x65, 0x00, 0x00,
  0x00, 0x00, 0x00, 0x00, 0x00, 0xb8, 0x3c, 0x00, 0x43, 0xb5, 0x00, 0x00,
  0x00, 0x00, 0x00, 0x00, 0x00, 0x00, 0x10, 0xbf, 0x78, 0xbd, 0x0a, 0x00,
  0x00, 0x00, 0x00, 0x00, 0x00, 0x00, 0x00, 0x00, 0x0e, 0x78, 0x09, 0x00,
  0x00, 0x00, 0x00, 0x00, 0x00, 0x00, 0x00, 0x00, 0x2c, 0x43, 0x08, 0x4e,
  0x24, 0x00, 0x00, 0x00, 0x00, 0x00, 0x00, 0x00, 0x4a, 0xb7, 0x8f, 0xe6,
  0x87, 0xbc, 0x40, 0x00, 0x00, 0x00, 0x00, 0x00, 0x00, 0xac, 0x06, 0x25,
  0xff, 0x24, 0x10, 0xa7, 0x00, 0x00, 0x00, 0x00, 0x00, 0x00, 0xa6, 0x0a,
  0x05, 0x7f, 0x05, 0x0b, 0xa7, 0x00, 0x00, 0x00, 0x00, 0x00, 0x00, 0x66,
  0x7d, 0x00, 0x00, 0x00, 0x80, 0x65, 0x00, 0x00, 0x00, 0x00, 0x00, 0x00,
  0x00, 0xb8, 0x3c, 0x00, 0x43, 0xb5, 0x00, 0x00, 0x00, 0x00, 0x00, 0x00,
  0x00, 0x00, 0x10, 0xbf, 0x78, 0xbd, 0x0a, 0x00, 0x00, 0x00, 0x00, 0x00,
  0x00, 0x00, 0x00, 0x00, 0x0e, 0x78, 0x09, 0x00, 0x00, 0x00, 0x00, 0x00,
  0x00, 0x00, 0x00, 0x00, 0x2c, 0x43, 0x08, 0x4e, 0x24, 0x00, 0x00, 0x00,
  0x00, 0x00, 0x00, 0x00, 0x4a, 0xb7, 0x8f, 0xe6, 0x87, 0xbc, 0x40, 0x00,
  0x00, 0x00, 0x00, 0x00, 0x00, 0xac, 0x06, 0x25, 0xff, 0x24, 0x10, 0xa7,
  0x00, 0x00, 0x00, 0x00, 0x00, 0x00, 0xa6, 0x0a, 0x05, 0x7f, 0x05, 0x0b,
  0xa7, 0x00, 0x00, 0x00, 0x00, 0x00, 0x00, 0x66, 0x7d, 0x00, 0x00, 0x00,
  0x80, 0x65, 0x00, 0x00, 0x00, 0x00, 0x00, 0x00, 0x00, 0xb8, 0x3c, 0x00,
  0x43, 0xb5, 0x00, 0x00, 0x00, 0x00, 0x00, 0x00, 0x00, 0x00, 0x10, 0xbf,
  0x78, 0xbd, 0x0a, 0x00, 0x00, 0x00, 0x00, 0x00, 0x00, 0x00, 0x00, 0x00,
  0x0e, 0x78, 0x09, 0x00, 0x00, 0x00, 0x00, 0x00, 0x00, 0x00, 0x00, 0x00,
  0x2c, 0x43, 0x08, 0x4e, 0x24, 0x00, 0x00, 0x00, 0x00, 0x00, 0x00, 0x00,
  0x4a, 0xb7, 0x8f, 0xe6, 0x87, 0xbc, 0x40, 0x00, 0x00, 0x00, 0x00, 0x00,
  0x00, 0xac, 0x06, 0x25, 0xff, 0x24, 0x10, 0xa7, 0x00, 0x00, 0x00, 0x00,
  0x00, 0x00, 0xa6, 0x0a, 0x05, 0x7f, 0x05, 0x0b, 0xa7, 0x00, 0x00, 0x00,
  0x00, 0x00, 0x00, 0x66, 0x7d, 0x00, 0x00, 0x00, 0x80, 0x65, 0x00, 0x00,
  0x00, 0x00, 0x00, 0x00, 0x00, 0xb8, 0x3c, 0x00, 0x43, 0xb5, 0x00, 0x00,
  0x00, 0x00, 0x00, 0x00, 0x00, 0x00, 0x10, 0xbf, 0x78, 0xbd, 0x0a, 0x00,
  0x00, 0x00, 0x00, 0x00, 0x00, 0x00, 0x00, 0x00, 0x0e, 0x78, 0x09, 0x00,
  0x00, 0x00, 0x00, 0x00, 0x00, 0x00, 0x00, 0x00, 0x2c, 0x43, 0x08, 0x4e,
  0x24, 0x00, 0x00, 0x00, 0x00, 0x00, 0x00, 0x00, 0x4a, 0xb7, 0x8f, 0xe6,
  0x87, 0xbc, 0x40, 0x00, 0x00, 0x00, 0x00, 0x00, 0x00, 0xac, 0x06, 0x25,
  0xff, 0x24, 0x10, 0xa7, 0x00, 0x00, 0x00, 0x00, 0x00, 0x00, 0xa6, 0x0a,
  0x05, 0x7f, 0x05, 0x0b, 0xa7, 0x00, 0x00, 0x00, 0x00, 0x00, 0x00, 0x66,
  0x7d, 0x00, 0x00, 0x00, 0x80, 0x65, 0x00, 0x00, 0x00, 0x00, 0x00, 0x00,
  0x00, 0xb8, 0x3c, 0x00, 0x43, 0xb5, 0x00, 0x00, 0x00, 0x00, 0x00, 0x00,
  0x00, 0x00, 0x10, 0xbf, 0x78, 0xbd, 0x0a, 0x00, 0x00, 0x00, 0x00, 0x00,
  0x00, 0x00, 0x00, 0x00, 0x0e, 0x78, 0x09, 0x00, 0x00, 0x00, 0x00, 0x00,
  0x00, 0x00, 0x00, 0x00, 0x2c, 0x43, 0x08, 0x4e, 0x24, 0x00, 0x00, 0x00,
  0x00, 0x00, 0x00, 0x00, 0x4a, 0xb7, 0x8f, 0xe6, 0x87, 0xbc, 0x40, 0x00,
  0x00, 0x00, 0x00, 0x00, 0x00, 0xac, 0x06, 0x25, 0xff, 0x24, 0x10, 0xa7,
  0x00, 0x00, 0x00, 0x00, 0x00, 0x00, 0xa6, 0x0a, 0x05, 0x7f, 0x05, 0x0b,
  0xa7, 0x00, 0x00, 0x00, 0x00, 0x00, 0x00, 0x66, 0x7d, 0x00, 0x00, 0x00,
  0x80, 0x65, 0x00, 0x00, 0x00, 0x00, 0x00, 0x00, 0x00, 0xb8, 0x3c, 0x00,
  0x43, 0xb5, 0x00, 0x00, 0x00, 0x00, 0x00, 0x00, 0x00, 0x00, 0x10, 0xbf,
  0x78, 0xbd, 0x0a, 0x00, 0x00, 0x00, 0x00, 0x00, 0x00, 0x00, 0x00, 0x00,
  0x0e, 0x78, 0x09, 0x00, 0x00, 0x00, 0x00, 0x00, 0x00, 0x00, 0x00, 0x00,
  0x2c, 0x43, 0x08, 0x4e, 0x24, 0x00, 0x00, 0x00, 0x00, 0x00, 0x00, 0x00,
  0x4a, 0xb7, 0x8f, 0xe6, 0x87, 0xbc, 0x40, 0x00, 0x00, 0x00, 0x00, 0x00,
  0x00, 0xac, 0x06, 0x25, 0xff, 0x24, 0x10, 0xa7, 0x00, 0x00, 0x00, 0x00,
  0x00, 0x00, 0xa6, 0x0a, 0x05, 0x7f, 0x05, 0x0b, 0xa7, 0x00, 0x00, 0x00,
  0x00, 0x00, 0x00, 0x66, 0x7d, 0x00, 0x00, 0x00, 0x80, 0x65, 0x00, 0x00,
  0x00, 0x00, 0x00, 0x00, 0x00, 0xb8, 0x3c, 0x00, 0x43, 0xb5, 0x00, 0x00,
  0x00, 0x00, 0x00, 0x00, 0x00, 0x00, 0x10, 0xbf, 0x78, 0xbd, 0x0a, 0x00,
  0x00, 0x00, 0x00, 0x00, 0x00, 0x00, 0x00, 0x00, 0x0e, 0x78, 0x09, 0x00,
  0x00, 0x00, 0x00, 0x00, 0x00, 0x00, 0x00, 0x00, 0x2c, 0x43, 0x08, 0x4e,
  0x24, 0x00, 0x00, 0x00, 0x00, 0x00, 0x00, 0x00, 0x4a, 0xb7, 0x8f, 0xe6,
  0x87, 0xbc, 0x40, 0x00, 0x00, 0x00, 0x00, 0x00, 0x00, 0xac, 0x06, 0x25,
  0xff, 0x24, 0x10, 0xa7, 0x00, 0x00, 0x00, 0x00, 0x00, 0x00, 0xa6, 0x0a,
  0x05, 0x7f, 0x05, 0x0b, 0xa7, 0x00, 0x00, 0x00, 0x00, 0x00, 0x00, 0x66,
  0x7d, 0x00, 0x00, 0x00, 0x80, 0x65, 0x00, 0x00, 0x00, 0x00, 0x00, 0x00,
  0x00, 0xb8, 0x3c, 0x00, 0x43, 0xb5, 0x00, 0x00, 0x00, 0x00, 0x00, 0x00,
  0x00, 0x00, 0x10, 0xbf, 0x78, 0xbd, 0x0a, 0x00, 0x00, 0x00, 0x00, 0x00,
  0x00, 0x00, 0x00, 0x00, 0x0e, 0x78, 0x09, 0x00, 0x00, 0x00, 0x00, 0x00,
  0x00, 0x00, 0x00, 0x00, 0x2c, 0x43, 0x08, 0x4e, 0x24, 0x00, 0x00, 0x00,
  0x00, 0x00, 0x00, 0x00, 0x4a, 0xb7, 0x8f, 0xe6, 0x87, 0xbc, 0x40, 0x00,
  0x00, 0x00, 0x00, 0x00, 0x00, 0xac, 0x06, 0x25, 0xff, 0x24, 0x10, 0xa7,
  0x00, 0x00, 0x00, 0x00, 0x00, 0x00, 0xa6, 0x0a, 0x05, 0x7f, 0x05, 0x0b,
  0xa7, 0x00, 0x00, 0x00, 0x00, 0x00, 0x00, 0x66, 0x7d, 0x00, 0x00, 0x00,
  0x80, 0x65, 0x00, 0x00, 0x00, 0x00, 0x00, 0x00, 0x00, 0xb8, 0x3c, 0x00,
  0x43, 0xb5, 0x00, 0x00, 0x00, 0x00, 0x00, 0x00, 0x00, 0x00, 0x10, 0xbf,
  0x78, 0xbd, 0x0a, 0x00, 0x00, 0x00, 0x00, 0x00, 0x00, 0x00, 0x00, 0x00,
  0x0e, 0x78, 0x09, 0x00, 0x00, 0x00, 0x00, 0x00, 0x00, 0x00, 0x00, 0x00,
  0x2c, 0x43, 0x08, 0x4e, 0x24, 0x00, 0x00, 0x00, 0x00, 0x00, 0x00, 0x00,
  0x4a, 0xb7, 0x8f, 0xe6, 0x87, 0xbc, 0x40, 0x00, 0x00, 0x00, 0x00, 0x00,
  0x00, 0xac, 0x06, 0x25, 0xff, 0x24, 0x10, 0xa7, 0x00, 0x00, 0x00, 0x00,
  0x00, 0x00, 0xa6, 0x0a, 0x05, 0x7f, 0x05, 0x0b, 0xa7, 0x00, 0x00, 0x00,
  0x00, 0x00, 0x00, 0x66, 0x7d, 0x00, 0x00, 0x00, 0x80, 0x65, 0x00, 0x00,
  0x00, 0x00, 0x00, 0x00, 0x00, 0xb8, 0x3c, 0x00, 0x43, 0xb5, 0x00, 0x00,
  0x00, 0x00, 0x00, 0x00, 0x00, 0x00, 0x10, 0xbf, 0x78, 0xbd, 0x0a, 0x00,
  0x00, 0x00, 0x00, 0x00, 0x00, 0x00, 0x00, 0x00, 0x0e, 0x78, 0x09, 0x00,
  0x00, 0x00, 0x00, 0x00, 0x00, 0x00, 0x00, 0x00, 0x2c, 0x43, 0x08, 0x4e,
  0x24, 0x00, 0x00, 0x00, 0x00, 0x00, 0x00, 0x00, 0x4a, 0xb7, 0x8f, 0xe6,
  0x87, 0xbc, 0x40, 0x00, 0x00, 0x00, 0x00, 0x00, 0x00, 0xac, 0x06, 0x25,
  0xff, 0x24, 0x10, 0xa7, 0x00, 0x00, 0x00, 0x00, 0x00, 0x00, 0xa6, 0x0a,
  0x05, 0x7f, 0x05, 0x0b, 0xa7, 0x00, 0x00, 0x00, 0x00, 0x00, 0x00, 0x66,
  0x7d, 0x00, 0x00, 0x00, 0x80, 0x65, 0x00, 0x00, 0x00, 0x00, 0x00, 0x00,
  0x00, 0xb8, 0x3c, 0x00, 0x43, 0xb5, 0x00, 0x00, 0x00, 0x00, 0x00, 0x00,
  0x00, 0x00, 0x10, 0xbf, 0x78, 0xbd, 0x0a, 0x00, 0x00, 0x00, 0x00, 0x00,
  0x00, 0x00, 0x00, 0x00, 0x0e, 0x78, 0x09, 0x00, 0x00, 0x00, 0x00, 0x00,
  0x00, 0x00, 0x00, 0x00, 0x2c, 0x43, 0x08, 0x4e, 0x24, 0x00, 0x00, 0x00,
  0x00, 0x00, 0x00, 0x00, 0x4a, 0xb7, 0x8f, 0xe6, 0x87, 0xbc, 0x40, 0x00,
  0x00, 0x00, 0x00, 0x00, 0x00, 0xac, 0x06, 0x25, 0xff, 0x24, 0x10, 0xa7,
  0x00, 0x00, 0x00, 0x00, 0x00, 0x00, 0xa6, 0x0a, 0x05, 0x7f, 0x05, 0x0b,
  0xa7, 0x00, 0x00, 0x00, 0x00, 0x00, 0x00, 0x66, 0x7d, 0x00, 0x00, 0x00,
  0x80, 0x65, 0x00, 0x00, 0x00, 0x00, 0x00, 0x00, 0x00, 0xb8, 0x3c, 0x00,
  0x43, 0xb5, 0x00, 0x00, 0x00, 0x00, 0x00, 0x00, 0x00, 0x00, 0x10, 0xbf,
  0x78, 0xbd, 0x0a, 0x00, 0x00, 0x00, 0x00, 0x00, 0x00, 0x00, 0x00, 0x00,
  0x0e, 0x78, 0x09, 0x00, 0x00, 0x00, 0x00, 0x00, 0x00, 0x00, 0x00, 0x00,
  0x2c, 0x43, 0x08, 0x4e, 0x24, 0x00, 0x00, 0x00, 0x00, 0x00, 0x00, 0x00,
  0x4a, 0xb7, 0x8f, 0xe6, 0x87, 0xbc, 0x40, 0x00, 0x00, 0x00, 0x00, 0x00,
  0x00, 0xac, 0x06, 0x25, 0xff, 0x24, 0x10, 0xa7, 0x00, 0x00, 0x00, 0x00,
  0x00, 0x00, 0xa6, 0x0a, 0x05, 0x7f, 0x05, 0x0b, 0xa7, 0x00, 0x00, 0x00,
  0x00, 0x00, 0x00, 0x66, 0x7d, 0x00, 0x00, 0x00, 0x80, 0x65, 0x00, 0x00,
  0x00, 0x00, 0x00, 0x00, 0x00, 0xb8, 0x3c, 0x00, 0x43, 0xb5, 0x00, 0x00,
  0x00, 0x00, 0x00, 0x00, 0x00, 0x00, 0x10, 0xbf, 0x78, 0xbd, 0x0a, 0x00,
  0x00, 0x00, 0x00, 0x00, 0x00, 0x00, 0x00, 0x00, 0x0e, 0x78, 0x09, 0x00,
  0x00, 0x00, 0x00, 0x00, 0x00, 0x00, 0x00, 0x00, 0x2c, 0x43, 0x08, 0x4e,
  0x24, 0x00, 0x00, 0x00, 0x00, 0x00, 0x00, 0x00, 0x4a, 0xb7, 0x8f, 0xe6,
  0x87, 0xbc, 0x40, 0x00, 0x00, 0x00, 0x00, 0x00, 0x00, 0xac, 0x06, 0x25,
  0xff, 0x24, 0x10, 0xa7, 0x00, 0x00, 0x00, 0x00, 0x00, 0x00, 0xa6, 0x0a,
  0x05, 0x7f, 0x05, 0x0b, 0xa7, 0x00, 0x00, 0x00, 0x00, 0x00, 0x00, 0x66,
  0x7d, 0x00, 0x00, 0x00, 0x80, 0x65, 0x00, 0x00, 0x00, 0x00, 0x00, 0x00,
  0x00, 0xb8, 0x3c, 0x00, 0x43, 0xb5, 0x00, 0x00, 0x00, 0x00, 0x00, 0x00,
  0x00, 0x00, 0x10, 0xbf, 0x78, 0xbd, 0x0a, 0x00, 0x00, 0x00, 0x00, 0x00,
  0x00, 0x00, 0x00, 0x00, 0x0e, 0x78, 0x09, 0x00, 0x00, 0x00, 0x00, 0x00,
  0x00, 0x00, 0x00, 0x00, 0x2c, 0x43, 0x08, 0x4e, 0x24, 0x00, 0x00, 0x00,
  0x00, 0x00, 0x00, 0x00, 0x4a, 0xb7, 0x8f, 0xe6, 0x87, 0xbc, 0x40, 0x00,
  0x00, 0x00, 0x00, 0x00, 0x00, 0xac, 0x06, 0x25, 0xff, 0x24, 0x10, 0xa7,
  0x00, 0x00, 0x00, 0x00, 0x00, 0x00, 0xa6, 0x0a, 0x05, 0x7f, 0x05, 0x0b,
  0xa7, 0x00, 0x00, 0x00, 0x00, 0x00, 0x00, 0x66, 0x7d, 0x00, 0x00, 0x00,
  0x80, 0x65, 0x00, 0x00, 0x00, 0x00, 0x00, 0x00, 0x00, 0xb8, 0x3c, 0x00,
  0x43, 0xb5, 0x00, 0x00, 0x00, 0x00, 0x00, 0x00, 0x00, 0x00, 0x10, 0xbf,
  0x78, 0xbd, 0x0a, 0x00, 0x00, 0x00, 0x00, 0x00, 0x00, 0x00, 0x00, 0x00,
  0x0e, 0x78, 0x09, 0x00, 0x00, 0x00, 0x00, 0x00, 0x00, 0x00, 0x00, 0x00,
  0x2c, 0x43, 0x08, 0x4e, 0x24, 0x00, 0x00, 0x00, 0x00, 0x00, 0x00, 0x00,
  0x4a, 0xb7, 0x8f, 0xe6, 0x87, 0xbc, 0x40, 0x00, 0x00, 0x00, 0x00, 0x00,
  0x00, 0xac, 0x06, 0x25, 0xff, 0x24, 0x10, 0xa7, 0x00, 0x00, 0x00, 0x00,
  0x00, 0x00, 0xa6, 0x0a, 0x05, 0x7f, 0x05, 0x0b, 0xa7, 0x00, 0x00, 0x00,
  0x00, 0x00, 0x00, 0x66, 0x7d, 0x00, 0x00, 0x00, 0x80, 0x65, 0x00, 0x00,
  0x00, 0x00, 0x00, 0x00, 0x00, 0xb8, 0x3c, 0x00, 0x43, 0xb5, 0x00, 0x00,
  0x00, 0x00, 0x00, 0x00, 0x00, 0x00, 0x10, 0xbf, 0x78, 0xbd, 0x0a, 0x00,
  0x00, 0x00, 0x00, 0x00, 0x00, 0x00, 0x00, 0x00, 0x0e, 0x78, 0x09, 0x00,
  0x00, 0x00, 0x00, 0x00, 0x00, 0x00, 0x00, 0x00, 0x2c, 0x43, 0x08, 0x4e,
  0x24, 0x00, 0x00, 0x00, 0x00, 0x00, 0x00, 0x00, 0x4a, 0xb7, 0x8f, 0xe6,
  0x87, 0xbc, 0x40, 0x00, 0x00, 0x00, 0x00, 0x00, 0x00, 0xac, 0x06, 0x25,
  0xff, 0x24, 0x10, 0xa7, 0x00, 0x00, 0x00, 0x00, 0x00, 0x00, 0xa6, 0x0a,
  0x05, 0x7f, 0x05, 0x0b, 0xa7, 0x00, 0x00, 0x00, 0x00, 0x00, 0x00, 0x66,
  0x7d, 0x00, 0x00, 0x00, 0x80, 0x65, 0x00, 0x00, 0x00, 0x00, 0x00, 0x00,
  0x00, 0xb8, 0x3c, 0x00, 0x43, 0xb5, 0x00, 0x00, 0x00, 0x00, 0x00, 0x00,
  0x00, 0x00, 0x10, 0xbf, 0x78, 0xbd, 0x0a, 0x00, 0x00, 0x00, 0x00, 0x00,
  0x00, 0x00, 0x00, 0x00, 0x0e, 0x78, 0x09, 0x00, 0x00, 0x00, 0x00, 0x00,
  0x00, 0x00, 0x00, 0x00, 0x2c, 0x43, 0x08, 0x4e, 0x24, 0x00, 0x00, 0x00,
  0x00, 0x00, 0x00, 0x00, 0x4a, 0xb7, 0x8f, 0xe6, 0x87, 0xbc, 0x40, 0x00,
  0x00, 0x00, 0x00, 0x00, 0x00, 0xac, 0x06, 0x25, 0xff, 0x24, 0x10, 0xa7,
  0x00, 0x00, 0x00, 0x00, 0x00, 0x00, 0xa6, 0x0a, 0x05, 0x7f, 0x05, 0x0b,
  0xa7, 0x00, 0x00, 0x00, 0x00, 0x00, 0x00, 0x66, 0x7d, 0x00, 0x00, 0x00,
  0x80, 0x65, 0x00, 0x00, 0x00, 0x00, 0x00, 0x00, 0x00, 0xb8, 0x3c, 0x00,
  0x43, 0xb5, 0x00, 0x00, 0x00, 0x00, 0x00, 0x00, 0x00, 0x00, 0x10, 0xbf,
  0x78, 0xbd, 0x0a, 0x00, 0x00, 0x00, 0x00, 0x00, 0x00, 0x00, 0x00, 0x00,
  0x0e, 0x78, 0x09, 0x00, 0x00, 0x00, 0x00, 0x00, 0x00, 0x00, 0x00, 0x00,
  0x2c, 0x43, 0x08, 0x4e, 0x24, 0x00, 0x00, 0x00, 0x00, 0x00, 0x00, 0x00,
  0x4a, 0xb7, 0x8f, 0xe6, 0x87, 0xbc, 0x40, 0x00, 0x00, 0x00, 0x00, 0x00,
  0x00, 0xac, 0x06, 0x25, 0xff, 0x24, 0x10, 0xa7, 0x00, 0x00, 0x00, 0x00,
  0x00, 0x00, 0xa6, 0x0a, 0x05, 0x7f, 0x05, 0x0b, 0xa7, 0x00, 0x00, 0x00,
  0x00, 0x00, 0x00, 0x66, 0x7d, 0x00, 0x00, 0x00, 0x80, 0x65, 0x00, 0x00,
  0x00, 0x00, 0x00, 0x00, 0x00, 0xb8, 0x3c, 0x00, 0x43, 0xb5, 0x00, 0x00,
  0x00, 0x00, 0x00, 0x00, 0x00, 0x00, 0x10, 0xbf, 0x78, 0xbd, 0x0a, 0x00,
  0x00, 0x00, 0x00, 0x00, 0x00, 0x00, 0x00, 0x00, 0x0e, 0x78, 0x09, 0x00,
  0x00, 0x00, 0x00, 0x00, 0x00, 0x00, 0x00, 0x00, 0x2c, 0x43, 0x08, 0x4e,
  0x24, 0x00, 0x00, 0x00, 0x00, 0x00, 0x00, 0x00, 0x4a, 0xb7, 0x8f, 0xe6,
  0x87, 0xbc, 0x40, 0x00, 0x00, 0x00, 0x00, 0x00, 0x00, 0xac, 0x06, 0x25,
  0xff, 0x24, 0x10, 0xa7, 0x00, 0x00, 0x00, 0x00, 0x00, 0x00, 0xa6, 0x0a,
  0x05, 0x7f, 0x05, 0x0b, 0xa7, 0x00, 0x00, 0x00, 0x00, 0x00, 0x00, 0x66,
  0x7d, 0x00, 0x00, 0x00, 0x80, 0x65, 0x00, 0x00, 0x00, 0x00, 0x00, 0x00,
  0x00, 0xb8, 0x3c, 0x00, 0x43, 0xb5, 0x00, 0x00, 0x00, 0x00, 0x00, 0x00,
  0x00, 0x00, 0x10, 0xbf, 0x78, 0xbd, 0x0a, 0x00, 0x00, 0x00, 0x00, 0x00,
  0x00, 0x00, 0x00, 0x00, 0x0e, 0x78, 0x09, 0x00, 0x00, 0x00, 0x00, 0x00,
  0x00, 0x00, 0x00, 0x00, 0x2c, 0x43, 0x08, 0x4e, 0x24, 0x00, 0x00, 0x00,
  0x00, 0x00, 0x00, 0x00, 0x4a, 0xb7, 0x8f, 0xe6, 0x87, 0xbc, 0x40, 0x00,
  0x00, 0x00, 0x00, 0x00, 0x00, 0xac, 0x06, 0x25, 0xff, 0x24, 0x10, 0xa7,
  0x00, 0x00, 0x00, 0x00, 0x00, 0x00, 0xa6, 0x0a, 0x05, 0x7f, 0x05, 0x0b,
  0xa7, 0x00, 0x00, 0x00, 0x00, 0x00, 0x00, 0x66, 0x7d, 0x00, 0x00, 0x00,
  0x80, 0x65, 0x00, 0x00, 0x00, 0x00, 0x00, 0x00, 0x00, 0xb8, 0x3c, 0x00,
  0x43, 0xb5, 0x00, 0x00, 0x00, 0x00, 0x00, 0x00, 0x00, 0x00, 0x10, 0xbf,
  0x78, 0xbd, 0x0a, 0x00, 0x00, 0x00, 0x00, 0x00, 0x00, 0x00, 0x00, 0x00,
  0x0e, 0x78, 0x09, 0x00, 0x00, 0x00, 0x00, 0x00, 0x00, 0x00, 0x00, 0x00,
  0x2c, 0x43, 0x08, 0x4e, 0x24, 0x00, 0x00, 0x00, 0x00, 0x00, 0x00, 0x00,
  0x4a, 0xb7, 0x8f, 0xe6, 0x87, 0xbc, 0x40, 0x00, 0x00, 0x00, 0x00, 0x00,
  0x00, 0xac, 0x06, 0x25, 0xff, 0x24, 0x10, 0xa7, 0x00, 0x00, 0x00, 0x00,
  0x00, 0x00, 0xa6, 0x0a, 0x05, 0x7f, 0x05, 0x0b, 0xa7, 0x00, 0x00, 0x00,
  0x00, 0x00, 0x00, 0x66, 0x7d, 0x00, 0x00, 0x00, 0x80, 0x65, 0x00, 0x00,
  0x00, 0x00, 0x00, 0x00, 0x00, 0xb8, 0x3c, 0x00, 0x43, 0xb5, 0x00, 0x00,
  0x00, 0x00, 0x00, 0x00, 0x00, 0x00, 0x10, 0xbf, 0x78, 0xbd, 0x0a, 0x00,
  0x00, 0x00, 0x00, 0x00, 0x00, 0x00, 0x00, 0x00, 0x0e, 0x78, 0x09, 0x00,
  0x00, 0x00, 0x00, 0x00, 0x00, 0x00, 0x00, 0x00, 0x2c, 0x43, 0x08, 0x4e,
  0x24, 0x00, 0x00, 0x00, 0x00, 0x00, 0x00, 0x00, 0x4a, 0xb7, 0x8f, 0xe6,
  0x87, 0xbc, 0x40, 0x00, 0x00, 0x00, 0x00, 0x00, 0x00, 0xac, 0x06, 0x25,
  0xff, 0x24, 0x10, 0xa7, 0x00, 0x00, 0x00, 0x00, 0x00, 0x00, 0xa6, 0x0a,
  0x05, 0x7f, 0x05, 0x0b, 0xa7, 0x00, 0x00, 0x00, 0x00, 0x00, 0x00, 0x66,
  0x7d, 0x00, 0x00, 0x00, 0x80, 0x65, 0x00, 0x00, 0x00, 0x00, 0x00, 0x00,
  0x00, 0xb8, 0x3c, 0x00, 0x43, 0xb5, 0x00, 0x00, 0x00, 0x00, 0x00, 0x00,
  0x00, 0x00, 0x10, 0xbf, 0x78, 0xbd, 0x0a, 0x00, 0x00, 0x00, 0x00, 0x00,
  0x00, 0x00, 0x00, 0x00, 0x0e, 0x78, 0x09, 0x00, 0x00, 0x00, 0x00, 0x00,
  0x00, 0x00, 0x00, 0x00, 0x2c, 0x43, 0x08, 0x4e, 0x24, 0x00, 0x00, 0x00,
  0x00, 0x00, 0x00, 0x00, 0x4a, 0xb7, 0x8f, 0xe6, 0x87, 0xbc, 0x40, 0x00,
  0x00, 0x00, 0x00, 0x00, 0x00, 0xac, 0x06, 0x25, 0xff, 0x24, 0x10, 0xa7,
  0x00, 0x00, 0x00, 0x00, 0x00, 0x00, 0xa6, 0x0a, 0x05, 0x7f, 0x05, 0x0b,
  0xa7, 0x00, 0x00, 0x00, 0x00, 0x00, 0x00, 0x66, 0x7d, 0x00, 0x00, 0x00,
  0x80, 0x65, 0x00, 0x00, 0x00, 0x00, 0x00, 0x00, 0x00, 0xb8, 0x3c, 0x00,
  0x43, 0xb5, 0x00, 0x00, 0x00, 0x00, 0x00, 0x00, 0x00, 0x00, 0x10, 0xbf,
  0x78, 0xbd, 0x0a, 0x00, 0x00, 0x00, 0x00, 0x00, 0x00, 0x00, 0x00, 0x00,
  0x0e, 0x78, 0x09, 0x00, 0x00, 0x00, 0x00, 0x00, 0x00, 0x00, 0x00, 0x00,
  0x2c, 0x43, 0x08, 0x4e, 0x24, 0x00, 0x00, 0x00, 0x00, 0x00, 0x00, 0x00,
  0x4a, 0xb7, 0x8f, 0xe6, 0x87, 0xbc, 0x40, 0x00, 0x00, 0x00, 0x00, 0x00,
  0x00, 0xac, 0x06, 0x25, 0xff, 0x24, 0x10, 0xa7, 0x00, 0x00, 0x00, 0x00,
  0x00, 0x00, 0xa6, 0x0a, 0x05, 0x7f, 0x05, 0x0b, 0xa7, 0x00, 0x00, 0x00,
  0x00, 0x00, 0x00, 0x66, 0x7d, 0x00, 0x00, 0x00, 0x80, 0x65, 0x00, 0x00,
  0x00, 0x00, 0x00, 0x00, 0x00, 0xb8, 0x3c, 0x00, 0x43, 0xb5, 0x00, 0x00,
  0x00, 0x00, 0x00, 0x00, 0x00, 0x00, 0x10, 0xbf, 0x78, 0xbd, 0x0a, 0x00,
  0x00, 0x00, 0x00, 0x00, 0x00, 0x00, 0x00, 0x00, 0x0e, 0x78, 0x09, 0x00,
  0x00, 0x00, 0x00, 0x00, 0x00, 0x00, 0x00, 0x00, 0x2c, 0x43, 0x08, 0x4e,
  0x24, 0x00, 0x00, 0x00, 0x00, 0x00, 0x00, 0x00, 0x4a, 0xb7, 0x8f, 0xe6,
  0x87, 0xbc, 0x40, 0x00, 0x00, 0x00, 0x00, 0x00, 0x00, 0xac, 0x06, 0x25,
  0xff, 0x24, 0x10, 0xa7, 0x00, 0x00, 0x00, 0x00, 0x00, 0x00, 0xa6, 0x0a,
  0x05, 0x7f, 0x05, 0x0b, 0xa7, 0x00, 0x00, 0x00, 0x00, 0x00, 0x00, 0x66,
  0x7d, 0x00, 0x00, 0x00, 0x80, 0x65, 0x00, 0x00, 0x00, 0x00, 0x00, 0x00,
  0x00, 0xb8, 0x3c, 0x00, 0x43, 0xb5, 0x00, 0x00, 0x00, 0x00, 0x00, 0x00,
  0x00, 0x00, 0x10, 0xbf, 0x78, 0xbd, 0x0a, 0x00, 0x00, 0x00, 0x00, 0x00,
  0x00, 0x00, 0x00, 0x00, 0x0e, 0x78, 0x09, 0x00, 0x00, 0x00, 0x00, 0x00,
  0x00, 0x00, 0x00, 0x00, 0x2c, 0x43, 0x08, 0x4e, 0x24, 0x00, 0x00, 0x00,
  0x00, 0x00, 0x00, 0x00, 0x4a, 0xb7, 0x8f, 0xe6, 0x87, 0xbc, 0x40, 0x00,
  0x00, 0x00, 0x00, 0x00, 0x00, 0xac, 0x06, 0x25, 0xff, 0x24, 0x10, 0xa7,
  0x00, 0x00, 0x00, 0x00, 0x00, 0x00, 0xa6, 0x0a, 0x05, 0x7f, 0x05, 0x0b,
  0xa7, 0x00, 0x00, 0x00, 0x00, 0x00, 0x00, 0x66, 0x7d, 0x00, 0x00, 0x00,
  0x80, 0x65, 0x00, 0x00, 0x00, 0x00, 0x00, 0x00, 0x00, 0xb8, 0x3c, 0x00,
  0x43, 0xb5, 0x00, 0x00, 0x00, 0x00, 0x00, 0x00, 0x00, 0x00, 0x10, 0xbf,
  0x78, 0xbd, 0x0a, 0x00, 0x00, 0x00, 0x00, 0x00, 0x00, 0x00, 0x00, 0x00,
  0x0e, 0x78, 0x09, 0x00, 0x00, 0x00, 0x00, 0x00, 0x00, 0x00, 0x00, 0x00,
  0x2c, 0x43, 0x08, 0x4e, 0x24, 0x00, 0x00, 0x00, 0x00, 0x00, 0x00, 0x00,
  0x4a, 0xb7, 0x8f, 0xe6, 0x87, 0xbc, 0x40, 0x00, 0x00, 0x00, 0x00, 0x00,
  0x00, 0xac, 0x06, 0x25, 0xff, 0x24, 0x10, 0xa7, 0x00, 0x00, 0x00, 0x00,
  0x00, 0x00, 0xa6, 0x0a, 0x05, 0x7f, 0x05, 0x0b, 0xa7, 0x00, 0x00, 0x00,
  0x00, 0x00, 0x00, 0x66, 0x7d, 0x00, 0x00, 0x00, 0x80, 0x65, 0x00, 0x00,
  0x00, 0x00, 0x00, 0x00, 0x00, 0xb8, 0x3c, 0x00, 0x43, 0xb5, 0x00, 0x00,
  0x00, 0x00, 0x00, 0x00, 0x00, 0x00, 0x10, 0xbf, 0x78, 0xbd, 0x0a, 0x00,
  0x00, 0x00, 0x00, 0x00, 0x00, 0x00, 0x00, 0x00, 0x0e, 0x78, 0x09, 0x00,
  0x00, 0x00, 0x00, 0x00, 0x00, 0x00, 0x00, 0x00, 0x2c, 0x43, 0x08, 0x4e,
  0x24, 0x00, 0x00, 0x00, 0x00, 0x00, 0x00, 0x00, 0x4a, 0xb7, 0x8f, 0xe6,
  0x87, 0xbc, 0x40, 0x00, 0x00, 0x00, 0x00, 0x00, 0x00, 0xac, 0x06, 0x25,
  0xff, 0x24, 0x10, 0xa7, 0x00, 0x00, 0x00, 0x00, 0x00, 0x00, 0xa6, 0x0a,
  0x05, 0x7f, 0x05, 0x0b, 0xa7, 0x00, 0x00, 0x00, 0x00, 0x00, 0x00, 0x66,
  0x7d, 0x00, 0x00, 0x00, 0x80, 0x65, 0x00, 0x00, 0x00, 0x00, 0x00, 0x00,
  0x00, 0xb8, 0x3c, 0x00, 0x43, 0xb5, 0x00, 0x00, 0x00, 0x00, 0x00, 0x00,
  0x00, 0x00, 0x10, 0xbf, 0x78, 0xbd, 0x0a, 0x00, 0x00, 0x00, 0x00, 0x00,
  0x00, 0x00, 0x00, 0x00, 0x0e, 0x78, 0x09, 0x00, 0x00, 0x00, 0x00, 0x00,
  0x00, 0x00, 0x00, 0x00, 0x2c, 0x43, 0x08, 0x4e, 0x24, 0x00, 0x00, 0x00,
  0x00, 0x00, 0x00, 0x00, 0x4a, 0xb7, 0x8f, 0xe6, 0x87, 0xbc, 0x40, 0x00,
  0x00, 0x00, 0x00, 0x00, 0x00, 0xac, 0x06, 0x25, 0xff, 0x24, 0x10, 0xa7,
  0x00, 0x00, 0x00, 0x00, 0x00, 0x00, 0xa6, 0x0a, 0x05, 0x7f, 0x05, 0x0b,
  0xa7, 0x00, 0x00, 0x00, 0x00, 0x00, 0x00, 0x66, 0x7d, 0x00, 0x00, 0x00,
  0x80, 0x65, 0x00, 0x00, 0x00, 0x00, 0x00, 0x00, 0x00, 0xb8, 0x3c, 0x00,
  0x43, 0xb5, 0x00, 0x00, 0x00, 0x00, 0x00, 0x00, 0x00, 0x00, 0x10, 0xbf,
  0x78, 0xbd, 0x0a, 0x00, 0x00, 0x00, 0x00, 0x00, 0x00, 0x00, 0x00, 0x00,
  0x0e, 0x78, 0x09, 0x00, 0x00, 0x00, 0x00, 0x00, 0x00, 0x00, 0x00, 0x00,
  0x2c, 0x43, 0x08, 0x4e, 0x24, 0x00, 0x00, 0x00, 0x00, 0x00, 0x00, 0x00,
  0x4a, 0xb7, 0x8f, 0xe6, 0x87, 0xbc, 0x40, 0x00, 0x00, 0x00, 0x00, 0x00,
  0x00, 0xac, 0x06, 0x25, 0xff, 0x24, 0x10, 0xa7, 0x00, 0x00, 0x00, 0x00,
  0x00, 0x00, 0xa6, 0x0a, 0x05, 0x7f, 0x05, 0x0b, 0xa7, 0x00, 0x00, 0x00,
  0x00, 0x00, 0x00, 0x66, 0x7d, 0x00, 0x00, 0x00, 0x80, 0x65, 0x00, 0x00,
  0x00, 0x00, 0x00, 0x00, 0x00, 0xb8, 0x3c, 0x00, 0x43, 0xb5, 0x00, 0x00,
  0x00, 0x00, 0x00, 0x00, 0x00, 0x00, 0x10, 0xbf, 0x78, 0xbd, 0x0a, 0x00,
  0x00, 0x00, 0x00, 0x00, 0x00, 0x00, 0x00, 0x00, 0x0e, 0x78, 0x09, 0x00,
  0x00, 0x00, 0x00, 0x00, 0x00, 0x00, 0x00, 0x00, 0x2c, 0x43, 0x08, 0x4e,
  0x24, 0x00, 0x00, 0x00, 0x00, 0x00, 0x00, 0x00, 0x4a, 0xb7, 0x8f, 0xe6,
  0x87, 0xbc, 0x40, 0x00, 0x00, 0x00, 0x00, 0x00, 0x00, 0xac, 0x06, 0x25,
  0xff, 0x24, 0x10, 0xa7, 0x00, 0x00, 0x00, 0x00, 0x00, 0x00, 0xa6, 0x0a,
  0x05, 0x7f, 0x05, 0x0b, 0xa7, 0x00, 0x00, 0x00, 0x00, 0x00, 0x00, 0x66,
  0x7d, 0x00, 0x00, 0x00, 0x80, 0x65, 0x00, 0x00, 0x00, 0x00, 0x00, 0x00,
  0x00, 0xb8, 0x3c, 0x00, 0x43, 0xb5, 0x00, 0x00, 0x00, 0x00, 0x00, 0x00,
  0x00, 0x00, 0x10, 0xbf, 0x78, 0xbd, 0x0a, 0x00, 0x00, 0x00, 0x00, 0x00,
  0x00, 0x00, 0x00, 0x00, 0x0e, 0x78, 0x09, 0x00, 0x00, 0x00, 0x00, 0x00,
  0x00, 0x00, 0x00, 0x00, 0x2c, 0x43, 0x08, 0x4e, 0x24, 0x00, 0x00, 0x00,
  0x00, 0x00, 0x00, 0x00, 0x4a, 0xb7, 0x8f, 0xe6, 0x87, 0xbc, 0x40, 0x00,
  0x00, 0x00, 0x00, 0x00, 0x00, 0xac, 0x06, 0x25, 0xff, 0x24, 0x10, 0xa7,
  0x00, 0x00, 0x00, 0x00, 0x00, 0x00, 0xa6, 0x0a, 0x05, 0x7f, 0x05, 0x0b,
  0xa7, 0x00, 0x00, 0x00, 0x00, 0x00, 0x00, 0x66, 0x7d, 0x00, 0x00, 0x00,
  0x80, 0x65, 0x00, 0x00, 0x00, 0x00, 0x00, 0x00, 0x00, 0xb8, 0x3c, 0x00,
  0x43, 0xb5, 0x00, 0x00, 0x00, 0x00, 0x00, 0x00, 0x00, 0x00, 0x10, 0xbf,
  0x78, 0xbd, 0x0a, 0x00, 0x00, 0x00, 0x00, 0x00, 0x00, 0x00, 0x00, 0x00,
  0x0e, 0x78, 0x09, 0x00, 0x00, 0x00, 0x00, 0x00, 0x00, 0x00, 0x00, 0x00,
  0x2c, 0x43, 0x08, 0x4e, 0x24, 0x00, 0x00, 0x00, 0x00, 0x00, 0x00, 0x00,
  0x4a, 0xb7, 0x8f, 0xe6, 0x87, 0xbc, 0x40, 0x00, 0x00, 0x00, 0x00, 0x00,
  0x00, 0xac, 0x06, 0x25, 0xff, 0x24, 0x10, 0xa7, 0x00, 0x00, 0x00, 0x00,
  0x00, 0x00, 0xa6, 0x0a, 0x05, 0x7f, 0x05, 0x0b, 0xa7, 0x00, 0x00, 0x00,
  0x00, 0x00, 0x00, 0x66, 0x7d, 0x00, 0x00, 0x00, 0x80, 0x65, 0x00, 0x00,
  0x00, 0x00, 0x00, 0x00, 0x00, 0xb8, 0x3c, 0x00, 0x43, 0xb5, 0x00, 0x00,
  0x00, 0x00, 0x00, 0x00, 0x00, 0x00, 0x10, 0xbf, 0x78, 0xbd, 0x0a, 0x00,
  0x00, 0x00, 0x00, 0x00, 0x00, 0x00, 0x00, 0x00, 0x0e, 0x78, 0x09, 0x00,
  0x00, 0x00, 0x00, 0x00, 0x00, 0x00, 0x00, 0x00, 0x2c, 0x43, 0x08, 0x4e,
  0x24, 0x00, 0x00, 0x00, 0x00, 0x00, 0x00, 0x00, 0x4a, 0xb7, 0x8f, 0xe6,
  0x87, 0xbc, 0x40, 0x00, 0x00, 0x00, 0x00, 0x00, 0x00, 0xac, 0x06, 0x25,
  0xff, 0x24, 0x10, 0xa7, 0x00, 0x00, 0x00, 0x00, 0x00, 0x00, 0xa6, 0x0a,
  0x05, 0x7f, 0x05, 0x0b, 0xa7, 0x00, 0x00, 0x00, 0x00, 0x00, 0x00, 0x66,
  0x7d, 0x00, 0x00, 0x00, 0x80, 0x65, 0x00, 0x00, 0x00, 0x00, 0x00, 0x00,
  0x00, 0xb8, 0x3c, 0x00, 0x43, 0xb5, 0x00, 0x00, 0x00, 0x00, 0x00, 0x00,
  0x00, 0x00, 0x10, 0xbf, 0x78, 0xbd, 0x0a, 0x00, 0x00, 0x00, 0x00, 0x00,
  0x00, 0x00, 0x00, 0x00, 0x0e, 0x78, 0x09, 0x00, 0x00, 0x00, 0x00, 0x00,
  0x00, 0x00, 0x00, 0x00, 0x2c, 0x43, 0x08, 0x4e, 0x24, 0x00, 0x00, 0x00,
  0x00, 0x00, 0x00, 0x00, 0x4a, 0xb7, 0x8f, 0xe6, 0x87, 0xbc, 0x40, 0x00,
  0x00, 0x00, 0x00, 0x00, 0x00, 0xac, 0x06, 0x25, 0xff, 0x24, 0x10, 0xa7,
  0x00, 0x00, 0x00, 0x00, 0x00, 0x00, 0xa6, 0x0a, 0x05, 0x7f, 0x05, 0x0b,
  0xa7, 0x00, 0x00, 0x00, 0x00, 0x00, 0x00, 0x66, 0x7d, 0x00, 0x00, 0x00,
  0x80, 0x65, 0x00, 0x00, 0x00, 0x00, 0x00, 0x00, 0x00, 0xb8, 0x3c, 0x00,
  0x43, 0xb5, 0x00, 0x00, 0x00, 0x00, 0x00, 0x00, 0x00, 0x00, 0x10, 0xbf,
  0x78, 0xbd, 0x0a, 0x00, 0x00, 0x00, 0x00, 0x00, 0x00, 0x00, 0x00, 0x00,
  0x0e, 0x78, 0x09, 0x00, 0x00, 0x00, 0x00, 0x00, 0x00, 0x00, 0x00, 0x00,
  0x2c, 0x43, 0x08, 0x4e, 0x24, 0x00, 0x00, 0x00, 0x00, 0x00, 0x00, 0x00,
  0x4a, 0xb7, 0x8f, 0xe6, 0x87, 0xbc, 0x40, 0x00, 0x00, 0x00, 0x00, 0x00,
  0x00, 0xac, 0x06, 0x25, 0xff, 0x24, 0x10, 0xa7, 0x00, 0x00, 0x00, 0x00,
  0x00, 0x00, 0xa6, 0x0a, 0x05, 0x7f, 0x05, 0x0b, 0xa7, 0x00, 0x00, 0x00,
  0x00, 0x00, 0x00, 0x66, 0x7d, 0x00, 0x00, 0x00, 0x80, 0x65, 0x00, 0x00,
  0x00, 0x00, 0x00, 0x00, 0x00, 0xb8, 0x3c, 0x00, 0x43, 0xb5, 0x00, 0x00,
  0x00, 0x00, 0x00, 0x00, 0x00, 0x00, 0x10, 0xbf, 0x78, 0xbd, 0x0a, 0x00,
  0x00, 0x00, 0x00, 0x00, 0x00, 0x00, 0x00, 0x00, 0x0e, 0x78, 0x09, 0x00,
  0x00, 0x00, 0x00, 0x00, 0x00, 0x00, 0x00, 0x00, 0x2c, 0x43, 0x08, 0x4e,
  0x24, 0x00, 0x00, 0x00, 0x00, 0x00, 0x00, 0x00, 0x4a, 0xb7, 0x8f, 0xe6,
  0x87, 0xbc, 0x40, 0x00, 0x00, 0x00, 0x00, 0x00, 0x00, 0xac, 0x06, 0x25,
  0xff, 0x24, 0x10, 0xa7, 0x00, 0x00, 0x00, 0x00, 0x00, 0x00, 0xa6, 0x0a,
  0x05, 0x7f, 0x05, 0x0b, 0xa7, 0x00, 0x00, 0x00, 0x00, 0x00, 0x00, 0x66,
  0x7d, 0x00, 0x00, 0x00, 0x80, 0x65, 0x00, 0x00, 0x00, 0x00, 0x00, 0x00,
  0x00, 0xb8, 0x3c, 0x00, 0x43, 0xb5, 0x00, 0x00, 0x00, 0x00, 0x00, 0x00,
  0x00, 0x00, 0x10, 0xbf, 0x78, 0xbd, 0x0a, 0x00, 0x00, 0x00, 0x00, 0x00,
  0x00, 0x00, 0x00, 0x00, 0x0e, 0x78, 0x09, 0x00, 0x00, 0x00, 0x00, 0x00,
  0x00, 0x00, 0x00, 0x00, 0x2c, 0x43, 0x08, 0x4e, 0x24, 0x00, 0x00, 0x00,
  0x00, 0x00, 0x00, 0x00, 0x4a, 0xb7, 0x8f, 0xe6, 0x87, 0xbc, 0x40, 0x00,
  0x00, 0x00, 0x00, 0x00, 0x00, 0xac, 0x06, 0x25, 0xff, 0x24, 0x10, 0xa7,
  0x00, 0x00, 0x00, 0x00, 0x00, 0x00, 0xa6, 0x0a, 0x05, 0x7f, 0x05, 0x0b,
  0xa7, 0x00, 0x00, 0x00, 0x00, 0x00, 0x00, 0x66, 0x7d, 0x00, 0x00, 0x00,
  0x80, 0x65, 0x00, 0x00, 0x00, 0x00, 0x00, 0x00, 0x00, 0xb8, 0x3c, 0x00,
  0x43, 0xb5, 0x00, 0x00, 0x00, 0x00, 0x00, 0x00, 0x00, 0x00, 0x10, 0xbf,
  0x78, 0xbd, 0x0a, 0x00, 0x00, 0x00, 0x00, 0x00, 0x00, 0x00, 0x00, 0x00,
  0x0e, 0x78, 0x09, 0x00, 0x00, 0x00, 0x00, 0x00, 0x00, 0x00, 0x00, 0x00,
  0x2c, 0x43, 0x08, 0x4e, 0x24, 0x00, 0x00, 0x00, 0x00, 0x00, 0x00, 0x00,
  0x4a, 0xb7, 0x8f, 0xe6, 0x87, 0xbc, 0x40, 0x00, 0x00, 0x00, 0x00, 0x00,
  0x00, 0xac, 0x06, 0x25, 0xff, 0x24, 0x10, 0xa7, 0x00, 0x00, 0x00, 0x00,
  0x00, 0x00, 0xa6, 0x0a, 0x05, 0x7f, 0x05, 0x0b, 0xa7, 0x00, 0x00, 0x00,
  0x00, 0x00, 0x00, 0x66, 0x7d, 0x00, 0x00, 0x00, 0x80, 0x65, 0x00, 0x00,
  0x00, 0x00, 0x00, 0x00, 0x00, 0xb8, 0x3c, 0x00, 0x43, 0xb5, 0x00, 0x00,
  0x00, 0x00, 0x00, 0x00, 0x00, 0x00, 0x10, 0xbf, 0x78, 0xbd, 0x0a, 0x00,
  0x00, 0x00, 0x00, 0x00, 0x00, 0x00, 0x00, 0x00, 0x0e, 0x78, 0x09, 0x00,
  0x00, 0x00, 0x00, 0x00, 0x00, 0x00, 0x00, 0x00, 0x2c, 0x43, 0x08, 0x4e,
  0x24, 0x00, 0x00, 0x00, 0x00, 0x00, 0x00, 0x00, 0x4a, 0xb7, 0x8f, 0xe6,
  0x87, 0xbc, 0x40, 0x00, 0x00, 0x00, 0x00, 0x00, 0x00, 0xac, 0x06, 0x25,
  0xff, 0x24, 0x10, 0xa7, 0x00, 0x00, 0x00, 0x00, 0x00, 0x00, 0xa6, 0x0a,
  0x05, 0x7f, 0x05, 0x0b, 0xa7, 0x00, 0x00, 0x00, 0x00, 0x00, 0x00, 0x66,
  0x7d, 0x00, 0x00, 0x00, 0x80, 0x65, 0x00, 0x00, 0x00, 0x00, 0x00, 0x00,
  0x00, 0xb8, 0x3c, 0x00, 0x43, 0xb5, 0x00, 0x00, 0x00, 0x00, 0x00, 0x00,
  0x00, 0x00, 0x10, 0xbf, 0x78, 0xbd, 0x0a, 0x00, 0x00, 0x00, 0x00, 0x00,
  0x00, 0x00, 0x00, 0x00, 0x0e, 0x78, 0x09, 0x00, 0x00, 0x00, 0x00, 0x00,
  0x00, 0x00, 0x00, 0x00, 0x2c, 0x43, 0x08, 0x4e, 0x24, 0x00, 0x00, 0x00,
  0x00, 0x00, 0x00, 0x00, 0x4a, 0xb7, 0x8f, 0xe6, 0x87, 0xbc, 0x40, 0x00,
  0x00, 0x00, 0x00, 0x00, 0x00, 0xac, 0x06, 0x25, 0xff, 0x24, 0x10, 0xa7,
  0x00, 0x00, 0x00, 0x00, 0x00, 0x00, 0xa6, 0x0a, 0x05, 0x7f, 0x05, 0x0b,
  0xa7, 0x00, 0x00, 0x00, 0x00, 0x00, 0x00, 0x66, 0x7d, 0x00, 0x00, 0x00,
  0x80, 0x65, 0x00, 0x00, 0x00, 0x00, 0x00, 0x00, 0x00, 0xb8, 0x3c, 0x00,
  0x43, 0xb5, 0x00, 0x00, 0x00, 0x00, 0x00, 0x00, 0x00, 0x00, 0x10, 0xbf,
  0x78, 0xbd, 0x0a, 0x00, 0x00, 0x00, 0x00, 0x00, 0x00, 0x00, 0x00, 0x00,
  0x0e, 0x78, 0x09, 0x00, 0x00, 0x00, 0x00, 0x00, 0x00, 0x00, 0x00, 0x00,
  0x2c, 0x43, 0x08, 0x4e, 0x24, 0x00, 0x00, 0x00, 0x00, 0x00, 0x00, 0x00,
  0x4a, 0xb7, 0x8f, 0xe6, 0x87, 0xbc, 0x40, 0x00, 0x00, 0x00, 0x00, 0x00,
  0x00, 0xac, 0x06, 0x25, 0xff, 0x24, 0x10, 0xa7, 0x00, 0x00, 0x00, 0x00,
  0x00, 0x00, 0xa6, 0x0a, 0x05, 0x7f, 0x05, 0x0b, 0xa7, 0x00, 0x00, 0x00,
  0x00, 0x00, 0x00, 0x66, 0x7d, 0x00, 0x00, 0x00, 0x80, 0x65, 0x00, 0x00,
  0x00, 0x00, 0x00, 0x00, 0x00, 0xb8, 0x3c, 0x00, 0x43, 0xb5, 0x00, 0x00,
  0x00, 0x00, 0x00, 0x00, 0x00, 0x00, 0x10, 0xbf, 0x78, 0xbd, 0x0a, 0x00,
  0x00, 0x00, 0x00, 0x00, 0x00, 0x00, 0x00, 0x00, 0x0e, 0x78, 0x09, 0x00,
  0x00, 0x00, 0x00, 0x00, 0x00, 0x00, 0x00, 0x00, 0x2c, 0x43, 0x08, 0x4e,
  0x24, 0x00, 0x00, 0x00, 0x00, 0x00, 0x00, 0x00, 0x4a, 0xb7, 0x8f, 0xe6,
  0x87, 0xbc, 0x40, 0x00, 0x00, 0x00, 0x00, 0x00, 0x00, 0xac, 0x06, 0x25,
  0xff, 0x24, 0x10, 0xa7, 0x00, 0x00, 0x00, 0x00, 0x00, 0x00, 0xa6, 0x0a,
  0x05, 0x7f, 0x05, 0x0b, 0xa7, 0x00, 0x00, 0x00, 0x00, 0x00, 0x00, 0x66,
  0x7d, 0x00, 0x00, 0x00, 0x80, 0x65, 0x00, 0x00, 0x00, 0x00, 0x00, 0x00,
  0x00, 0xb8, 0x3c, 0x00, 0x43, 0xb5, 0x00, 0x00, 0x00, 0x00, 0x00, 0x00,
  0x00, 0x00, 0x10, 0xbf, 0x78, 0xbd, 0x0a, 0x00, 0x00, 0x00, 0x00, 0x00,
  0x00, 0x00, 0x00, 0x00, 0x0e, 0x78, 0x09, 0x00, 0x00, 0x00, 0x00, 0x00,
  0x00, 0x00, 0x00, 0x00, 0x2c, 0x43, 0x08, 0x4e, 0x24, 0x00, 0x00, 0x00,
  0x00, 0x00, 0x00, 0x00, 0x4a, 0xb7, 0x8f, 0xe6, 0x87, 0xbc, 0x40, 0x00,
  0x00, 0x00, 0x00, 0x00, 0x00, 0xac, 0x06, 0x25, 0xff, 0x24, 0x10, 0xa7,
  0x00, 0x00, 0x00, 0x00, 0x00, 0x00, 0xa6, 0x0a, 0x05, 0x7f, 0x05, 0x0b,
  0xa7, 0x00, 0x00, 0x00, 0x00, 0x00, 0x00, 0x66, 0x7d, 0x00, 0x00, 0x00,
  0x80, 0x65, 0x00, 0x00, 0x00, 0x00, 0x00, 0x00, 0x00, 0xb8, 0x3c, 0x00,
  0x43, 0xb5, 0x00, 0x00, 0x00, 0x00, 0x00, 0x00, 0x00, 0x00, 0x10, 0xbf,
  0x78, 0xbd, 0x0a, 0x00, 0x00, 0x00, 0x00, 0x00, 0x00, 0x00, 0x00, 0x00,
  0x0e, 0x78, 0x09, 0x00, 0x00, 0x00, 0x00, 0x00, 0x00, 0x00, 0x00, 0x00,
  0x2c, 0x43, 0x08, 0x4e, 0x24, 0x00, 0x00, 0x00, 0x00, 0x00, 0x00, 0x00,
  0x4a, 0xb7, 0x8f, 0xe6, 0x87, 0xbc, 0x40, 0x00, 0x00, 0x00, 0x00, 0x00,
  0x00, 0xac, 0x06, 0x25, 0xff, 0x24, 0x10, 0xa7, 0x00, 0x00, 0x00, 0x00,
  0x00, 0x00, 0xa6, 0x0a, 0x05, 0x7f, 0x05, 0x0b, 0xa7, 0x00, 0x00, 0x00,
  0x00, 0x00, 0x00, 0x66, 0x7d, 0x00, 0x00, 0x00, 0x80, 0x65, 0x00, 0x00,
  0x00, 0x00, 0x00, 0x00, 0x00, 0xb8, 0x3c, 0x00, 0x43, 0xb5, 0x00, 0x00,
  0x00, 0x00, 0x00, 0x00, 0x00, 0x00, 0x10, 0xbf, 0x78, 0xbd, 0x0a, 0x00,
  0x00, 0x00, 0x00, 0x00, 0x00, 0x00, 0x00, 0x00, 0x0e, 0x78, 0x09, 0x00,
  0x00, 0x00, 0x00, 0x00, 0x00, 0x00, 0x00, 0x00, 0x2c, 0x43, 0x08, 0x4e,
  0x24, 0x00, 0x00, 0x00, 0x00, 0x00, 0x00, 0x00, 0x4a, 0xb7, 0x8f, 0xe6,
  0x87, 0xbc, 0x40, 0x00, 0x00, 0x00, 0x00, 0x00, 0x00, 0xac, 0x06, 0x25,
  0xff, 0x24, 0x10, 0xa7, 0x00, 0x00, 0x00, 0x00, 0x00, 0x00, 0xa6, 0x0a,
  0x05, 0x7f, 0x05, 0x0b, 0xa7, 0x00, 0x00, 0x00, 0x00, 0x00, 0x00, 0x66,
  0x7d, 0x00, 0x00, 0x00, 0x80, 0x65, 0x00, 0x00, 0x00, 0x00, 0x00, 0x00,
  0x00, 0xb8, 0x3c, 0x00, 0x43, 0xb5, 0x00, 0x00, 0x00, 0x00, 0x00, 0x00,
  0x00, 0x00, 0x10, 0xbf, 0x78, 0xbd, 0x0a, 0x00, 0x00, 0x00, 0x00, 0x00,
  0x00, 0x00, 0x00, 0x00, 0x0e, 0x78, 0x09, 0x00, 0x00, 0x00, 0x00, 0x00,
  0x00, 0x00, 0x00, 0x00, 0x2c, 0x43, 0x08, 0x4e, 0x24, 0x00, 0x00, 0x00,
  0x00, 0x00, 0x00, 0x00, 0x4a, 0xb7, 0x8f, 0xe6, 0x87, 0xbc, 0x40, 0x00,
  0x00, 0x00, 0x00, 0x00, 0x00, 0xac, 0x06, 0x25, 0xff, 0x24, 0x10, 0xa7,
  0x00, 0x00, 0x00, 0x00, 0x00, 0x00, 0xa6, 0x0a, 0x05, 0x7f, 0x05, 0x0b,
  0xa7, 0x00, 0x00, 0x00, 0x00, 0x00, 0x00, 0x66, 0x7d, 0x00, 0x00, 0x00,
  0x80, 0x65, 0x00, 0x00, 0x00, 0x00, 0x00, 0x00, 0x00, 0xb8, 0x3c, 0x00,
  0x43, 0xb5, 0x00, 0x00, 0x00, 0x00, 0x00, 0x00, 0x00, 0x00, 0x10, 0xbf,
  0x78, 0xbd, 0x0a, 0x00, 0x00, 0x00, 0x00, 0x00, 0x00, 0x00, 0x00, 0x00,
  0x0e, 0x78, 0x09, 0x00, 0x00, 0x00, 0x00, 0x00, 0x00, 0x00, 0x00, 0x00,
  0x2c, 0x43, 0x08, 0x4e, 0x24, 0x00, 0x00, 0x00, 0x00, 0x00, 0x00, 0x00,
  0x4a, 0xb7, 0x8f, 0xe6, 0x87, 0xbc, 0x40, 0x00, 0x00, 0x00, 0x00, 0x00,
  0x00, 0xac, 0x06, 0x25, 0xff, 0x24, 0x10, 0xa7, 0x00, 0x00, 0x00, 0x00,
  0x00, 0x00, 0xa6, 0x0a, 0x05, 0x7f, 0x05, 0x0b, 0xa7, 0x00, 0x00, 0x00,
  0x00, 0x00, 0x00, 0x66, 0x7d, 0x00, 0x00, 0x00, 0x80, 0x65, 0x00, 0x00,
  0x00, 0x00, 0x00, 0x00, 0x00, 0xb8, 0x3c, 0x00, 0x43, 0xb5, 0x00, 0x00,
  0x00, 0x00, 0x00, 0x00, 0x00, 0x00, 0x10, 0xbf, 0x78, 0xbd, 0x0a, 0x00,
  0x00, 0x00, 0x00, 0x00, 0x00, 0x00, 0x00, 0x00, 0x0e, 0x78, 0x09, 0x00,
  0x00, 0x00, 0x00, 0x00, 0x00, 0x00, 0x00, 0x00, 0x2c, 0x43, 0x08, 0x4e,
  0x24, 0x00, 0x00, 0x00, 0x00, 0x00, 0x00, 0x00, 0x4a, 0xb7, 0x8f, 0xe6,
  0x87, 0xbc, 0x40, 0x00, 0x00, 0x00, 0x00, 0x00, 0x00, 0xac, 0x06, 0x25,
  0xff, 0x24, 0x10, 0xa7, 0x00, 0x00, 0x00, 0x00, 0x00, 0x00, 0xa6, 0x0a,
  0x05, 0x7f, 0x05, 0x0b, 0xa7, 0x00, 0x00, 0x00, 0x00, 0x00, 0x00, 0x66,
  0x7d, 0x00, 0x00, 0x00, 0x80, 0x65, 0x00, 0x00, 0x00, 0x00, 0x00, 0x00,
  0x00, 0xb8, 0x3c, 0x00, 0x43, 0xb5, 0x00, 0x00, 0x00, 0x00, 0x00, 0x00,
  0x00, 0x00, 0x10, 0xbf, 0x78, 0xbd, 0x0a, 0x00, 0x00, 0x00, 0x00, 0x00,
  0x00, 0x00, 0x00, 0x00, 0x0e, 0x78, 0x09, 0x00, 0x00, 0x00, 0x00, 0x00,
  0x00, 0x00, 0x00, 0x00, 0x2c, 0x43, 0x08, 0x4e, 0x24, 0x00, 0x00, 0x00,
  0x00, 0x00, 0x00, 0x00, 0x4a, 0xb7, 0x8f, 0xe6, 0x87, 0xbc, 0x40, 0x00,
  0x00, 0x00, 0x00, 0x00, 0x00, 0xac, 0x06, 0x25, 0xff, 0x24, 0x10, 0xa7,
  0x00, 0x00, 0x00, 0x00, 0x00, 0x00, 0xa6, 0x0a, 0x05, 0x7f, 0x05, 0x0b,
  0xa7, 0x00, 0x00, 0x00, 0x00, 0x00, 0x00, 0x66, 0x7d, 0x00, 0x00, 0x00,
  0x80, 0x65, 0x00, 0x00, 0x00, 0x00, 0x00, 0x00, 0x00, 0xb8, 0x3c, 0x00,
  0x43, 0xb5, 0x00, 0x00, 0x00, 0x00, 0x00, 0x00, 0x00, 0x00, 0x10, 0xbf,
  0x78, 0xbd, 0x0a, 0x00, 0x00, 0x00, 0x00, 0x00, 0x00, 0x00, 0x00, 0x00,
  0x0e, 0x78, 0x09, 0x00, 0x00, 0x00, 0x00, 0x00, 0x00, 0x00, 0x00, 0x00,
  0x2c, 0x43, 0x08, 0x4e, 0x24, 0x00, 0x00, 0x00, 0x00, 0x00, 0x00, 0x00,
  0x4a, 0xb7, 0x8f, 0xe6, 0x87, 0xbc, 0x40, 0x00, 0x00, 0x00, 0x00, 0x00,
  0x00, 0xac, 0x06, 0x25, 0xff, 0x24, 0x10, 0xa7, 0x00, 0x00, 0x00, 0x00,
  0x00, 0x00, 0xa6, 0x0a, 0x05, 0x7f, 0x05, 0x0b, 0xa7, 0x00, 0x00, 0x00,
  0x00, 0x00, 0x00, 0x66, 0x7d, 0x00, 0x00, 0x00, 0x80, 0x65, 0x00, 0x00,
  0x00, 0x00, 0x00, 0x00, 0x00, 0xb8, 0x3c, 0x00, 0x43, 0xb5, 0x00, 0x00,
  0x00, 0x00, 0x00, 0x00, 0x00, 0x00, 0x10, 0xbf, 0x78, 0xbd, 0x0a, 0x00,
  0x00, 0x00, 0x00, 0x00, 0x00, 0x00, 0x00, 0x00, 0x0e, 0x78, 0x09, 0x00,
  0x00, 0x00, 0x00, 0x00, 0x00, 0x00, 0x00, 0x00, 0x2c, 0x43, 0x08, 0x4e,
  0x24, 0x00, 0x00, 0x00, 0x00, 0x00, 0x00, 0x00, 0x4a, 0xb7, 0x8f, 0xe6,
  0x87, 0xbc, 0x40, 0x00, 0x00, 0x00, 0x00, 0x00, 0x00, 0xac, 0x06, 0x25,
  0xff, 0x24, 0x10, 0xa7, 0x00, 0x00, 0x00, 0x00, 0x00, 0x00, 0xa6, 0x0a,
  0x05, 0x7f, 0x05, 0x0b, 0xa7, 0x00, 0x00, 0x00, 0x00, 0x00, 0x00, 0x66,
  0x7d, 0x00, 0x00, 0x00, 0x80, 0x65, 0x00, 0x00, 0x00, 0x00, 0x00, 0x00,
  0x00, 0xb8, 0x3c, 0x00, 0x43, 0xb5, 0x00, 0x00, 0x00, 0x00, 0x00, 0x00,
  0x00, 0x00, 0x10, 0xbf, 0x78, 0xbd, 0x0a, 0x00, 0x00, 0x00, 0x00, 0x00,
  0x00, 0x00, 0x00, 0x00, 0x0e, 0x78, 0x09, 0x00, 0x00, 0x00, 0x00, 0x00,
  0x00, 0x00, 0x00, 0x00, 0x2c, 0x43, 0x08, 0x4e, 0x24, 0x00, 0x00, 0x00,
  0x00, 0x00, 0x00, 0x00, 0x4a, 0xb7, 0x8f, 0xe6, 0x87, 0xbc, 0x40, 0x00,
  0x00, 0x00, 0x00, 0x00, 0x00, 0xac, 0x06, 0x25, 0xff, 0x24, 0x10, 0xa7,
  0x00, 0x00, 0x00, 0x00, 0x00, 0x00, 0xa6, 0x0a, 0x05, 0x7f, 0x05, 0x0b,
  0xa7, 0x00, 0x00, 0x00, 0x00, 0x00, 0x00, 0x66, 0x7d, 0x00, 0x00, 0x00,
  0x80, 0x65, 0x00, 0x00, 0x00, 0x00, 0x00, 0x00, 0x00, 0xb8, 0x3c, 0x00,
  0x43, 0xb5, 0x00, 0x00, 0x00, 0x00, 0x00, 0x00, 0x00, 0x00, 0x10, 0xbf,
  0x78, 0xbd, 0x0a, 0x00, 0x00, 0x00, 0x00, 0x00, 0x00, 0x00, 0x00, 0x00,
  0x0e, 0x78, 0x09, 0x00, 0x00, 0x00, 0x00, 0x00, 0x00, 0x00, 0x00, 0x00,
  0x2c, 0x43, 0x08, 0x4e, 0x24, 0x00, 0x00, 0x00, 0x00, 0x00, 0x00, 0x00,
  0x4a, 0xb7, 0x8f, 0xe6, 0x87, 0xbc, 0x40, 0x00, 0x00, 0x00, 0x00, 0x00,
  0x00, 0xac, 0x06, 0x25, 0xff, 0x24, 0x10, 0xa7, 0x00, 0x00, 0x00, 0x00,
  0x00, 0x00, 0xa6, 0x0a, 0x05, 0x7f, 0x05, 0x0b, 0xa7, 0x00, 0x00, 0x00,
  0x00, 0x00, 0x00, 0x66, 0x7d, 0x00, 0x00, 0x00, 0x80, 0x65, 0x00, 0x00,
  0x00, 0x00, 0x00, 0x00, 0x00, 0xb8, 0x3c, 0x00, 0x43, 0xb5, 0x00, 0x00,
  0x00, 0x00, 0x00, 0x00, 0x00, 0x00, 0x10, 0xbf, 0x78, 0xbd, 0x0a, 0x00,
  0x00, 0x00, 0x00, 0x00, 0x00, 0x00, 0x00, 0x00, 0x0e, 0x78, 0x09, 0x00,
  0x00, 0x00, 0x00, 0x00, 0x00, 0x00, 0x00, 0x00, 0x2c, 0x43, 0x08, 0x4e,
  0x24, 0x00, 0x00, 0x00, 0x00, 0x00, 0x00, 0x00, 0x4a, 0xb7, 0x8f, 0xe6,
  0x87, 0xbc, 0x40, 0x00, 0x00, 0x00, 0x00, 0x00, 0x00, 0xac, 0x06, 0x25,
  0xff, 0x24, 0x10, 0xa7, 0x00, 0x00, 0x00, 0x00, 0x00, 0x00, 0xa6, 0x0a,
  0x05, 0x7f, 0x05, 0x0b, 0xa7, 0x00, 0x00, 0x00, 0x00, 0x00, 0x00, 0x66,
  0x7d, 0x00, 0x00, 0x00, 0x80, 0x65, 0x00, 0x00, 0x00, 0x00, 0x00, 0x00,
  0x00, 0xb8, 0x3c, 0x00, 0x43, 0xb5, 0x00, 0x00, 0x00, 0x00, 0x00, 0x00,
  0x00, 0x00, 0x10, 0xbf, 0x78, 0xbd, 0x0a, 0x00, 0x00, 0x00, 0x00, 0x00,
  0x00, 0x00, 0x00, 0x00, 0x0e, 0x78, 0x09, 0x00, 0x00, 0x00, 0x00, 0x00,
  0x00, 0x00, 0x00, 0x00, 0x2c, 0x43, 0x08, 0x4e, 0x24, 0x00, 0x00, 0x00,
  0x00, 0x00, 0x00, 0x00, 0x4a, 0xb7, 0x8f, 0xe6, 0x87, 0xbc, 0x40, 0x00,
  0x00, 0x00, 0x00, 0x00, 0x00, 0xac, 0x06, 0x25, 0xff, 0x24, 0x10, 0xa7,
  0x00, 0x00, 0x00, 0x00, 0x00, 0x00, 0xa6, 0x0a, 0x05, 0x7f, 0x05, 0x0b,
  0xa7, 0x00, 0x00, 0x00, 0x00, 0x00, 0x00, 0x66, 0x7d, 0x00, 0x00, 0x00,
  0x80, 0x65, 0x00, 0x00, 0x00, 0x00, 0x00, 0x00, 0x00, 0xb8, 0x3c, 0x00,
  0x43, 0xb5, 0x00, 0x00, 0x00, 0x00, 0x00, 0x00, 0x00, 0x00, 0x10, 0xbf,
  0x78, 0xbd, 0x0a, 0x00, 0x00, 0x00, 0x00, 0x00, 0x00, 0x00, 0x00, 0x00,
  0x0e, 0x78, 0x09, 0x00, 0x00, 0x00, 0x00, 0x00, 0x00, 0x00, 0x00, 0x00,
  0x2c, 0x43, 0x08, 0x4e, 0x24, 0x00, 0x00, 0x00, 0x00, 0x00, 0x00, 0x00,
  0x4a, 0xb7, 0x8f, 0xe6, 0x87, 0xbc, 0x40, 0x00, 0x00, 0x00, 0x00, 0x00,
  0x00, 0xac, 0x06, 0x25, 0xff, 0x24, 0x10, 0xa7, 0x00, 0x00, 0x00, 0x00,
  0x00, 0x00, 0xa6, 0x0a, 0x05, 0x7f, 0x05, 0x0b, 0xa7, 0x00, 0x00, 0x00,
  0x00, 0x00, 0x00, 0x66, 0x7d, 0x00, 0x00, 0x00, 0x80, 0x65, 0x00, 0x00,
  0x00, 0x00, 0x00, 0x00, 0x00, 0xb8, 0x3c, 0x00, 0x43, 0xb5, 0x00, 0x00,
  0x00, 0x00, 0x00, 0x00, 0x00, 0x00, 0x10, 0xbf, 0x78, 0xbd, 0x0a, 0x00,
  0x00, 0x00, 0x00, 0x00, 0x00, 0x00, 0x00, 0x00, 0x0e, 0x78, 0x09, 0x00,
  0x00, 0x00, 0x00, 0x00, 0x00, 0x00, 0x00, 0x00, 0x2c, 0x43, 0x08, 0x4e,
  0x24, 0x00, 0x00, 0x00, 0x00, 0x00, 0x00, 0x00, 0x4a, 0xb7, 0x8f, 0xe6,
  0x87, 0xbc, 0x40, 0x00, 0x00, 0x00, 0x00, 0x00, 0x00, 0xac, 0x06, 0x25,
  0xff, 0x24, 0x10, 0xa7, 0x00, 0x00, 0x00, 0x00, 0x00, 0x00, 0xa6, 0x0a,
  0x05, 0x7f, 0x05, 0x0b, 0xa7, 0x00, 0x00, 0x00, 0x00, 0x00, 0x00, 0x66,
  0x7d, 0x00, 0x00, 0x00, 0x80, 0x65, 0x00, 0x00, 0x00, 0x00, 0x00, 0x00,
  0x00, 0xb8, 0x3c, 0x00, 0x43, 0xb5, 0x00, 0x00, 0x00, 0x00, 0x00, 0x00,
  0x00, 0x00, 0x10, 0xbf, 0x78, 0xbd, 0x0a, 0x00, 0x00, 0x00, 0x00, 0x00,
  0x00, 0x00, 0x00, 0x00, 0x0e, 0x78, 0x09, 0x00, 0x00, 0x00, 0x00, 0x00,
  0x00, 0x00, 0x00, 0x00, 0x2c, 0x43, 0x08, 0x4e, 0x24, 0x00, 0x00, 0x00,
  0x00, 0x00, 0x00, 0x00, 0x4a, 0xb7, 0x8f, 0xe6, 0x87, 0xbc, 0x40, 0x00,
  0x00, 0x00, 0x00, 0x00, 0x00, 0xac, 0x06, 0x25, 0xff, 0x24, 0x10, 0xa7,
  0x00, 0x00, 0x00, 0x00, 0x00, 0x00, 0xa6, 0x0a, 0x05, 0x7f, 0x05, 0x0b,
  0xa7, 0x00, 0x00, 0x00, 0x00, 0x00, 0x00, 0x66, 0x7d, 0x00, 0x00, 0x00,
  0x80, 0x65, 0x00, 0x00, 0x00, 0x00, 0x00, 0x00, 0x00, 0xb8, 0x3c, 0x00,
  0x43, 0xb5, 0x00, 0x00, 0x00, 0x00, 0x00, 0x00, 0x00, 0x00, 0x10, 0xbf,
  0x78, 0xbd, 0x0a, 0x00, 0x00, 0x00, 0x00, 0x00, 0x00, 0x00, 0x00, 0x00,
  0x0e, 0x78, 0x09, 0x00, 0x00, 0x00, 0x00, 0x00, 0x00, 0x00, 0x00, 0x00,
  0x2c, 0x43, 0x08, 0x4e, 0x24, 0x00, 0x00, 0x00, 0x00, 0x00, 0x00, 0x00,
  0x4a, 0xb7, 0x8f, 0xe6, 0x87, 0xbc, 0x40, 0x00, 0x00, 0x00, 0x00, 0x00,
  0x00, 0xac, 0x06, 0x25, 0xff, 0x24, 0x10, 0xa7, 0x00, 0x00, 0x00, 0x00,
  0x00, 0x00, 0xa6, 0x0a, 0x05, 0x7f, 0x05, 0x0b, 0xa7, 0x00, 0x00, 0x00,
  0x00, 0x00, 0x00, 0x66, 0x7d, 0x00, 0x00, 0x00, 0x80, 0x65, 0x00, 0x00,
  0x00, 0x00, 0x00, 0x00, 0x00, 0xb8, 0x3c, 0x00, 0x43, 0xb5, 0x00, 0x00,
  0x00, 0x00, 0x00, 0x00, 0x00, 0x00, 0x10, 0xbf, 0x78, 0xbd, 0x0a, 0x00,
  0x00, 0x00, 0x00, 0x00, 0x00, 0x00, 0x00, 0x00, 0x0e, 0x78, 0x09, 0x00,
  0x00, 0x00, 0x00, 0x00, 0x00, 0x00, 0x00, 0x00, 0x2c, 0x43, 0x08, 0x4e,
  0x24, 0x00, 0x00, 0x00, 0x00, 0x00, 0x00, 0x00, 0x4a, 0xb7, 0x8f, 0xe6,
  0x87, 0xbc, 0x40, 0x00, 0x00, 0x00, 0x00, 0x00, 0x00, 0xac, 0x06, 0x25,
  0xff, 0x24, 0x10, 0xa7, 0x00, 0x00, 0x00, 0x00, 0x00, 0x00, 0xa6, 0x0a,
  0x05, 0x7f, 0x05, 0x0b, 0xa7, 0x00, 0x00, 0x00, 0x00, 0x00, 0x00, 0x66,
  0x7d, 0x00, 0x00, 0x00, 0x80, 0x65, 0x00, 0x00, 0x00, 0x00, 0x00, 0x00,
  0x00, 0xb8, 0x3c, 0x00, 0x43, 0xb5, 0x00, 0x00, 0x00, 0x00, 0x00, 0x00,
  0x00, 0x00, 0x10, 0xbf, 0x78, 0xbd, 0x0a, 0x00, 0x00, 0x00, 0x00, 0x00,
  0x00, 0x00, 0x00, 0x00, 0x0e, 0x78, 0x09, 0x00, 0x00, 0x00, 0x00, 0x00,
  0x00, 0x00, 0x00, 0x00, 0x2c, 0x43, 0x08, 0x4e, 0x24, 0x00, 0x00, 0x00,
  0x00, 0x00, 0x00, 0x00, 0x4a, 0xb7, 0x8f, 0xe6, 0x87, 0xbc, 0x40, 0x00,
  0x00, 0x00, 0x00, 0x00, 0x00, 0xac, 0x06, 0x25, 0xff, 0x24, 0x10, 0xa7,
  0x00, 0x00, 0x00, 0x00, 0x00, 0x00, 0xa6, 0x0a, 0x05, 0x7f, 0x05, 0x0b,
  0xa7, 0x00, 0x00, 0x00, 0x00, 0x00, 0x00, 0x66, 0x7d, 0x00, 0x00, 0x00,
  0x80, 0x65, 0x00, 0x00, 0x00, 0x00, 0x00, 0x00, 0x00, 0xb8, 0x3c, 0x00,
  0x43, 0xb5, 0x00, 0x00, 0x00, 0x00, 0x00, 0x00, 0x00, 0x00, 0x10, 0xbf,
  0x78, 0xbd, 0x0a, 0x00, 0x00, 0x00, 0x00, 0x00, 0x00, 0x00, 0x00, 0x00,
  0x0e, 0x78, 0x09, 0x00, 0x00, 0x00, 0x00, 0x00, 0x00, 0x00, 0x00, 0x00,
  0x2c, 0x43, 0x08, 0x4e, 0x24, 0x00, 0x00, 0x00, 0x00, 0x00, 0x00, 0x00,
  0x4a, 0xb7, 0x8f, 0xe6, 0x87, 0xbc, 0x40, 0x00, 0x00, 0x00, 0x00, 0x00,
  0x00, 0xac, 0x06, 0x25, 0xff, 0x24, 0x10, 0xa7, 0x00, 0x00, 0x00, 0x00,
  0x00, 0x00, 0xa6, 0x0a, 0x05, 0x7f, 0x05, 0x0b, 0xa7, 0x00, 0x00, 0x00,
  0x00, 0x00, 0x00, 0x66, 0x7d, 0x00, 0x00, 0x00, 0x80, 0x65, 0x00, 0x00,
  0x00, 0x00, 0x00, 0x00, 0x00, 0xb8, 0x3c, 0x00, 0x43, 0xb5, 0x00, 0x00,
  0x00, 0x00, 0x00, 0x00, 0x00, 0x00, 0x10, 0xbf, 0x78, 0xbd, 0x0a, 0x00,
  0x00, 0x00, 0x00, 0x00, 0x00, 0x00, 0x00, 0x00, 0x0e, 0x78, 0x09, 0x00,
  0x00, 0x00, 0x00, 0x00, 0x00, 0x00, 0x00, 0x00, 0x2c, 0x43, 0x08, 0x4e,
  0x24, 0x00, 0x00, 0x00, 0x00, 0x00, 0x00, 0x00, 0x4a, 0xb7, 0x8f, 0xe6,
  0x87, 0xbc, 0x40, 0x00, 0x00, 0x00, 0x00, 0x00, 0x00, 0xac, 0x06, 0x25,
  0xff, 0x24, 0x10, 0xa7, 0x00, 0x00, 0x00, 0x00, 0x00, 0x00, 0xa6, 0x0a,
  0x05, 0x7f, 0x05, 0x0b, 0xa7, 0x00, 0x00, 0x00, 0x00, 0x00, 0x00, 0x66,
  0x7d, 0x00, 0x00, 0x00, 0x80, 0x65, 0x00, 0x00, 0x00, 0x00, 0x00, 0x00,
  0x00, 0xb8, 0x3c, 0x00, 0x43, 0xb5, 0x00, 0x00, 0x00, 0x00, 0x00, 0x00,
  0x00, 0x00, 0x10, 0xbf, 0x78, 0xbd, 0x0a, 0x00, 0x00, 0x00, 0x00, 0x00,
  0x00, 0x00, 0x00, 0x00, 0x0e, 0x78, 0x09, 0x00, 0x00, 0x00, 0x00, 0x00,
  0x00, 0x00, 0x00, 0x00, 0x2c, 0x43, 0x08, 0x4e, 0x24, 0x00, 0x00, 0x00,
  0x00, 0x00, 0x00, 0x00, 0x4a, 0xb7, 0x8f, 0xe6, 0x87, 0xbc, 0x40, 0x00,
  0x00, 0x00, 0x00, 0x00, 0x00, 0xac, 0x06, 0x25, 0xff, 0x24, 0x10, 0xa7,
  0x00, 0x00, 0x00, 0x00, 0x00, 0x00, 0xa6, 0x0a, 0x05, 0x7f, 0x05, 0x0b,
  0xa7, 0x00, 0x00, 0x00, 0x00, 0x00, 0x00, 0x66, 0x7d, 0x00, 0x00, 0x00,
  0x80, 0x65, 0x00, 0x00, 0x00, 0x00, 0x00, 0x00, 0x00, 0xb8, 0x3c, 0x00,
  0x43, 0xb5, 0x00, 0x00, 0x00, 0x00, 0x00, 0x00, 0x00, 0x00, 0x10, 0xbf,
  0x78, 0xbd, 0x0a, 0x00, 0x00, 0x00, 0x00, 0x00, 0x00, 0x00, 0x00, 0x00,
  0x0e, 0x78, 0x09, 0x00, 0x00, 0x00, 0x00, 0x00, 0x00, 0x00, 0x00, 0x00,
  0x2c, 0x43, 0x08, 0x4e, 0x24, 0x00, 0x00, 0x00, 0x00, 0x00, 0x00, 0x00,
  0x4a, 0xb7, 0x8f, 0xe6, 0x87, 0xbc, 0x40, 0x00, 0x00, 0x00, 0x00, 0x00,
  0x00, 0xac, 0x06, 0x25, 0xff, 0x24, 0x10, 0xa7, 0x00, 0x00, 0x00, 0x00,
  0x00, 0x00, 0xa6, 0x0a, 0x05, 0x7f, 0x05, 0x0b, 0xa7, 0x00, 0x00, 0x00,
  0x00, 0x00, 0x00, 0x66, 0x7d, 0x00, 0x00, 0x00, 0x80, 0x65, 0x00, 0x00,
  0x00, 0x00, 0x00, 0x00, 0x00, 0xb8, 0x3c, 0x00, 0x43, 0xb5, 0x00, 0x00,
  0x00, 0x00, 0x00, 0x00, 0x00, 0x00, 0x10, 0xbf, 0x78, 0xbd, 0x0a, 0x00,
  0x00, 0x00, 0x00, 0x00, 0x00, 0x00, 0x00, 0x00, 0x0e, 0x78, 0x09, 0x00,
  0x00, 0x00, 0x00, 0x00, 0x00, 0x00, 0x00, 0x00, 0x2c, 0x43, 0x08, 0x4e,
  0x24, 0x00, 0x00, 0x00, 0x00, 0x00, 0x00, 0x00, 0x4a, 0xb7, 0x8f, 0xe6,
  0x87, 0xbc, 0x40, 0x00, 0x00, 0x00, 0x00, 0x00, 0x00, 0xac, 0x06, 0x25,
  0xff, 0x24, 0x10, 0xa7, 0x00, 0x00, 0x00, 0x00, 0x00, 0x00, 0xa6, 0x0a,
  0x05, 0x7f, 0x05, 0x0b, 0xa7, 0x00, 0x00, 0x00, 0x00, 0x00, 0x00, 0x66,
  0x7d, 0x00, 0x00, 0x00, 0x80, 0x65, 0x00, 0x00, 0x00, 0x00, 0x00, 0x00,
  0x00, 0xb8, 0x3c, 0x00, 0x43, 0xb5, 0x00, 0x00, 0x00, 0x00, 0x00, 0x00,
  0x00, 0x00, 0x10, 0xbf, 0x78, 0xbd, 0x0a, 0x00, 0x00, 0x00, 0x00, 0x00,
  0x00, 0x00, 0x00, 0x00, 0x0e, 0x78, 0x09, 0x00, 0x00, 0x00, 0x00, 0x00,
  0x00, 0x00, 0x00, 0x00, 0x2c, 0x43, 0x08, 0x4e, 0x24, 0x00, 0x00, 0x00,
  0x00, 0x00, 0x00, 0x00, 0x4a, 0xb7, 0x8f, 0xe6, 0x87, 0xbc, 0x40, 0x00,
  0x00, 0x00, 0x00, 0x00, 0x00, 0xac, 0x06, 0x25, 0xff, 0x24, 0x10, 0xa7,
  0x00, 0x00, 0x00, 0x00, 0x00, 0x00, 0xa6, 0x0a, 0x05, 0x7f, 0x05, 0x0b,
  0xa7, 0x00, 0x00, 0x00, 0x00, 0x00, 0x00, 0x66, 0x7d, 0x00, 0x00, 0x00,
  0x80, 0x65, 0x00, 0x00, 0x00, 0x00, 0x00, 0x00, 0x00, 0xb8, 0x3c, 0x00,
  0x43, 0xb5, 0x00, 0x00, 0x00, 0x00, 0x00, 0x00, 0x00, 0x00, 0x10, 0xbf,
  0x78, 0xbd, 0x0a, 0x00, 0x00, 0x00, 0x00, 0x00, 0x00, 0x00, 0x00, 0x00,
  0x0e, 0x78, 0x09, 0x00, 0x00, 0x00, 0x00, 0x00, 0x00, 0x00, 0x00, 0x00,
  0x2c, 0x43, 0x08, 0x4e, 0x24, 0x00, 0x00, 0x00, 0x00, 0x00, 0x00, 0x00,
  0x4a, 0xb7, 0x8f, 0xe6, 0x87, 0xbc, 0x40, 0x00, 0x00, 0x00, 0x00, 0x00,
  0x00, 0xac, 0x06, 0x25, 0xff, 0x24, 0x10, 0xa7, 0x00, 0x00, 0x00, 0x00,
  0x00, 0x00, 0xa6, 0x0a, 0x05, 0x7f, 0x05, 0x0b, 0xa7, 0x00, 0x00, 0x00,
  0x00, 0x00, 0x00, 0x66, 0x7d, 0x00, 0x00, 0x00, 0x80, 0x65, 0x00, 0x00,
  0x00, 0x00, 0x00, 0x00, 0x00, 0xb8, 0x3c, 0x00, 0x43, 0xb5, 0x00, 0x00,
  0x00, 0x00, 0x00, 0x00, 0x00, 0x00, 0x10, 0xbf, 0x78, 0xbd, 0x0a, 0x00,
  0x00, 0x00, 0x00, 0x00, 0x00, 0x00, 0x00, 0x00, 0x0e, 0x78, 0x09, 0x00,
  0x00, 0x00, 0x00, 0x00, 0x00, 0x00, 0x00, 0x00, 0x2c, 0x43, 0x08, 0x4e,
  0x24, 0x00, 0x00, 0x00, 0x00, 0x00, 0x00, 0x00, 0x4a, 0xb7, 0x8f, 0xe6,
  0x87, 0xbc, 0x40, 0x00, 0x00, 0x00, 0x00, 0x00, 0x00, 0xac, 0x06, 0x25,
  0xff, 0x24, 0x10, 0xa7, 0x00, 0x00, 0x00, 0x00, 0x00, 0x00, 0xa6, 0x0a,
  0x05, 0x7f, 0x05, 0x0b, 0xa7, 0x00, 0x00, 0x00, 0x00, 0x00, 0x00, 0x66,
  0x7d, 0x00, 0x00, 0x00, 0x80, 0x65, 0x00, 0x00, 0x00, 0x00, 0x00, 0x00,
  0x00, 0xb8, 0x3c, 0x00, 0x43, 0xb5, 0x00, 0x00, 0x00, 0x00, 0x00, 0x00,
  0x00, 0x00, 0x10, 0xbf, 0x78, 0xbd, 0x0a, 0x00, 0x00, 0x00, 0x00, 0x00,
  0x00, 0x00, 0x00, 0x00, 0x0e, 0x78, 0x09, 0x00, 0x00, 0x00, 0x00, 0x00,
  0x00, 0x00, 0x00, 0x00, 0x2c, 0x43, 0x08, 0x4e, 0x24, 0x00, 0x00, 0x00,
  0x00, 0x00, 0x00, 0x00, 0x4a, 0xb7, 0x8f, 0xe6, 0x87, 0xbc, 0x40, 0x00,
  0x00, 0x00, 0x00, 0x00, 0x00, 0xac, 0x06, 0x25, 0xff, 0x24, 0x10, 0xa7,
  0x00, 0x00, 0x00, 0x00, 0x00, 0x00, 0xa6, 0x0a, 0x05, 0x7f, 0x05, 0x0b,
  0xa7, 0x00, 0x00, 0x00, 0x00, 0x00, 0x00, 0x66, 0x7d, 0x00, 0x00, 0x00,
  0x80, 0x65, 0x00, 0x00, 0x00, 0x00, 0x00, 0x00, 0x00, 0xb8, 0x3c, 0x00,
  0x43, 0xb5, 0x00, 0x00, 0x00, 0x00, 0x00, 0x00, 0x00, 0x00, 0x10, 0xbf,
  0x78, 0xbd, 0x0a, 0x00, 0x00, 0x00, 0x00, 0x00, 0x00, 0x00, 0x00, 0x00,
  0x0e, 0x78, 0x09, 0x00, 0x00, 0x00, 0x00, 0x00, 0x00, 0x00, 0x00, 0x00,
  0x2c, 0x43, 0x08, 0x4e, 0x24, 0x00, 0x00, 0x00, 0x00, 0x00, 0x00, 0x00,
  0x4a, 0xb7, 0x8f, 0xe6, 0x87, 0xbc, 0x40, 0x00, 0x00, 0x00, 0x00, 0x00,
  0x00, 0xac, 0x06, 0x25, 0xff, 0x24, 0x10, 0xa7, 0x00, 0x00, 0x00, 0x00,
  0x00, 0x00, 0xa6, 0x0a, 0x05, 0x7f, 0x05, 0x0b, 0xa7, 0x00, 0x00, 0x00,
  0x00, 0x00, 0x00, 0x66, 0x7d, 0x00, 0x00, 0x00, 0x80, 0x65, 0x00, 0x00,
  0x00, 0x00, 0x00, 0x00, 0x00, 0xb8, 0x3c, 0x00, 0x43, 0xb5, 0x00, 0x00,
  0x00, 0x00, 0x00, 0x00, 0x00, 0x00, 0x10, 0xbf, 0x78, 0xbd, 0x0a, 0x00,
  0x00, 0x00, 0x00, 0x00, 0x00, 0x00, 0x00, 0x00, 0x0e, 0x78, 0x09, 0x00,
  0x00, 0x00, 0x00, 0x00, 0x00, 0x00, 0x00, 0x00, 0x2c, 0x43, 0x08, 0x4e,
  0x24, 0x00, 0x00, 0x00, 0x00, 0x00, 0x00, 0x00, 0x4a, 0xb7, 0x8f, 0xe6,
  0x87, 0xbc, 0x40, 0x00, 0x00, 0x00, 0x00, 0x00, 0x00, 0xac, 0x06, 0x25,
  0xff, 0x24, 0x10, 0xa7, 0x00, 0x00, 0x00, 0x00, 0x00, 0x00, 0xa6, 0x0a,
  0x05, 0x7f, 0x05, 0x0b, 0xa7, 0x00, 0x00, 0x00, 0x00, 0x00, 0x00, 0x66,
  0x7d, 0x00, 0x00, 0x00, 0x80, 0x65, 0x00, 0x00, 0x00, 0x00, 0x00, 0x00,
  0x00, 0xb8, 0x3c, 0x00, 0x43, 0xb5, 0x00, 0x00, 0x00, 0x00, 0x00, 0x00,
  0x00, 0x00, 0x10, 0xbf, 0x78, 0xbd, 0x0a, 0x00, 0x00, 0x00, 0x00, 0x00,
  0x00, 0x00, 0x00, 0x00, 0x0e, 0x78, 0x09, 0x00, 0x00, 0x00, 0x00, 0x00,
  0x00, 0x00, 0x00, 0x00, 0x2c, 0x43, 0x08, 0x4e, 0x24, 0x00, 0x00, 0x00,
  0x00, 0x00, 0x00, 0x00, 0x4a, 0xb7, 0x8f, 0xe6, 0x87, 0xbc, 0x40, 0x00,
  0x00, 0x00, 0x00, 0x00, 0x00, 0xac, 0x06, 0x25, 0xff, 0x24, 0x10, 0xa7,
  0x00, 0x00, 0x00, 0x00, 0x00, 0x00, 0xa6, 0x0a, 0x05, 0x7f, 0x05, 0x0b,
  0xa7, 0x00, 0x00, 0x00, 0x00, 0x00, 0x00, 0x66, 0x7d, 0x00, 0x00, 0x00,
  0x80, 0x65, 0x00, 0x00, 0x00, 0x00, 0x00, 0x00, 0x00, 0xb8, 0x3c, 0x00,
  0x43, 0xb5, 0x00, 0x00, 0x00, 0x00, 0x00, 0x00, 0x00, 0x00, 0x10, 0xbf,
  0x78, 0xbd, 0x0a, 0x00, 0x00, 0x00, 0x00, 0x00, 0x00, 0x00, 0x00, 0x00,
  0x0e, 0x78, 0x09, 0x00, 0x00, 0x00, 0x00, 0x00, 0x00, 0x00, 0x00, 0x00,
  0x2c, 0x43, 0x08, 0x4e, 0x24, 0x00, 0x00, 0x00, 0x00, 0x00, 0x00, 0x00,
  0x4a, 0xb7, 0x8f, 0xe6, 0x87, 0xbc, 0x40, 0x00, 0x00, 0x00, 0x00, 0x00,
  0x00, 0xac, 0x06, 0x25, 0xff, 0x24, 0x10, 0xa7, 0x00, 0x00, 0x00, 0x00,
  0x00, 0x00, 0xa6, 0x0a, 0x05, 0x7f, 0x05, 0x0b, 0xa7, 0x00, 0x00, 0x00,
  0x00, 0x00, 0x00, 0x66, 0x7d, 0x00, 0x00, 0x00, 0x80, 0x65, 0x00, 0x00,
  0x00, 0x00, 0x00, 0x00, 0x00, 0xb8, 0x3c, 0x00, 0x43, 0xb5, 0x00, 0x00,
  0x00, 0x00, 0x00, 0x00, 0x00, 0x00, 0x10, 0xbf, 0x78, 0xbd, 0x0a, 0x00,
  0x00, 0x00, 0x00, 0x00, 0x00, 0x00, 0x00, 0x00, 0x0e, 0x78, 0x09, 0x00,
  0x00, 0x00, 0x00, 0x00, 0x00, 0x00, 0x00, 0x00, 0x2c, 0x43, 0x08, 0x4e,
  0x24, 0x00, 0x00, 0x00, 0x00, 0x00, 0x00, 0x00, 0x4a, 0xb7, 0x8f, 0xe6,
  0x87, 0xbc, 0x40, 0x00, 0x00, 0x00, 0x00, 0x00, 0x00, 0xac, 0x06, 0x25,
  0xff, 0x24, 0x10, 0xa7, 0x00, 0x00, 0x00, 0x00, 0x00, 0x00, 0xa6, 0x0a,
  0x05, 0x7f, 0x05, 0x0b, 0xa7, 0x00, 0x00, 0x00, 0x00, 0x00, 0x00, 0x66,
  0x7d, 0x00, 0x00, 0x00, 0x80, 0x65, 0x00, 0x00, 0x00, 0x00, 0x00, 0x00,
  0x00, 0xb8, 0x3c, 0x00, 0x43, 0xb5, 0x00, 0x00, 0x00, 0x00, 0x00, 0x00,
  0x00, 0x00, 0x10, 0xbf, 0x78, 0xbd, 0x0a, 0x00, 0x00, 0x00, 0x00, 0x00,
  0x00, 0x00, 0x00, 0x00, 0x0e, 0x78, 0x09, 0x00, 0x00, 0x00, 0x00, 0x00,
  0x00, 0x00, 0x00, 0x00, 0x2c, 0x43, 0x08, 0x4e, 0x24, 0x00, 0x00, 0x00,
  0x00, 0x00, 0x00, 0x00, 0x4a, 0xb7, 0x8f, 0xe6, 0x87, 0xbc, 0x40, 0x00,
  0x00, 0x00, 0x00, 0x00, 0x00, 0xac, 0x06, 0x25, 0xff, 0x24, 0x10, 0xa7,
  0x00, 0x00, 0x00, 0x00, 0x00, 0x00, 0xa6, 0x0a, 0x05, 0x7f, 0x05, 0x0b,
  0xa7, 0x00, 0x00, 0x00, 0x00, 0x00, 0x00, 0x66, 0x7d, 0x00, 0x00, 0x00,
  0x80, 0x65, 0x00, 0x00, 0x00, 0x00, 0x00, 0x00, 0x00, 0xb8, 0x3c, 0x00,
  0x43, 0xb5, 0x00, 0x00, 0x00, 0x00, 0x00, 0x00, 0x00, 0x00, 0x10, 0xbf,
  0x78, 0xbd, 0x0a, 0x00, 0x00, 0x00, 0x00, 0x00, 0x00, 0x00, 0x00, 0x00,
  0x0e, 0x78, 0x09, 0x00, 0x00, 0x00, 0x00, 0x00, 0x00, 0x00, 0x00, 0x00,
  0x2c, 0x43, 0x08, 0x4e, 0x24, 0x00, 0x00, 0x00, 0x00, 0x00, 0x00, 0x00,
  0x4a, 0xb7, 0x8f, 0xe6, 0x87, 0xbc, 0x40, 0x00, 0x00, 0x00, 0x00, 0x00,
  0x00, 0xac, 0x06, 0x25, 0xff, 0x24, 0x10, 0xa7, 0x00, 0x00, 0x00, 0x00,
  0x00, 0x00, 0xa6, 0x0a, 0x05, 0x7f, 0x05, 0x0b, 0xa7, 0x00, 0x00, 0x00,
  0x00, 0x00, 0x00, 0x66, 0x7d, 0x00, 0x00, 0x00, 0x80, 0x65, 0x00, 0x00,
  0x00, 0x00, 0x00, 0x00, 0x00, 0xb8, 0x3c, 0x00, 0x43, 0xb5, 0x00, 0x00,
  0x00, 0x00, 0x00, 0x00, 0x00, 0x00, 0x10, 0xbf, 0x78, 0xbd, 0x0a, 0x00,
  0x00, 0x00, 0x00, 0x00, 0x00, 0x00, 0x00, 0x00, 0x0e, 0x78, 0x09, 0x00,
  0x00, 0x00, 0x00, 0x00, 0x00, 0x00, 0x00, 0x00, 0x2c, 0x43, 0x08, 0x4e,
  0x24, 0x00, 0x00, 0x00, 0x00, 0x00, 0x00, 0x00, 0x4a, 0xb7, 0x8f, 0xe6,
  0x87, 0xbc, 0x40, 0x00, 0x00, 0x00, 0x00, 0x00, 0x00, 0xac, 0x06, 0x25,
  0xff, 0x24, 0x10, 0xa7, 0x00, 0x00, 0x00, 0x00, 0x00, 0x00, 0xa6, 0x0a,
  0x05, 0x7f, 0x05, 0x0b, 0xa7, 0x00, 0x00, 0x00, 0x00, 0x00, 0x00, 0x66,
  0x7d, 0x00, 0x00, 0x00, 0x80, 0x65, 0x00, 0x00, 0x00, 0x00, 0x00, 0x00,
  0x00, 0xb8, 0x3c, 0x00, 0x43, 0xb5, 0x00, 0x00, 0x00, 0x00, 0x00, 0x00,
  0x00, 0x00, 0x10, 0xbf, 0x78, 0xbd, 0x0a, 0x00, 0x00, 0x00, 0x00, 0x00,
  0x00, 0x00, 0x00, 0x00, 0x0e, 0x78, 0x09, 0x00, 0x00, 0x00, 0x00, 0x00,
  0x00, 0x00, 0x00, 0x00, 0x2c, 0x43, 0x08, 0x4e, 0x24, 0x00, 0x00, 0x00,
  0x00, 0x00, 0x00, 0x00, 0x4a, 0xb7, 0x8f, 0xe6, 0x87, 0xbc, 0x40, 0x00,
  0x00, 0x00, 0x00, 0x00, 0x00, 0xac, 0x06, 0x25, 0xff, 0x24, 0x10, 0xa7,
  0x00, 0x00, 0x00, 0x00, 0x00, 0x00, 0xa6, 0x0a, 0x05, 0x7f, 0x05, 0x0b,
  0xa7, 0x00, 0x00, 0x00, 0x00, 0x00, 0x00, 0x66, 0x7d, 0x00, 0x00, 0x00,
  0x80, 0x65, 0x00, 0x00, 0x00, 0x00, 0x00, 0x00, 0x00, 0xb8, 0x3c, 0x00,
  0x43, 0xb5, 0x00, 0x00, 0x00, 0x00, 0x00, 0x00, 0x00, 0x00, 0x10, 0xbf,
  0x78, 0xbd, 0x0a, 0x00, 0x00, 0x00, 0x00, 0x00, 0x00, 0x00, 0x00, 0x00,
  0x0e, 0x78, 0x09, 0x00, 0x00, 0x00, 0x00, 0x00, 0x00, 0x00, 0x00, 0x00,
  0x2c, 0x43, 0x08, 0x4e, 0x24, 0x00, 0x00, 0x00, 0x00, 0x00, 0x00, 0x00,
  0x4a, 0xb7, 0x8f, 0xe6, 0x87, 0xbc, 0x40, 0x00, 0x00, 0x00, 0x00, 0x00,
  0x00, 0xac, 0x06, 0x25, 0xff, 0x24, 0x10, 0xa7, 0x00, 0x00, 0x00, 0x00,
  0x00, 0x00, 0xa6, 0x0a, 0x05, 0x7f, 0x05, 0x0b, 0xa7, 0x00, 0x00, 0x00,
  0x00, 0x00, 0x00, 0x66, 0x7d, 0x00, 0x00, 0x00, 0x80, 0x65, 0x00, 0x00,
  0x00, 0x00, 0x00, 0x00, 0x00, 0xb8, 0x3c, 0x00, 0x43, 0xb5, 0x00, 0x00,
  0x00, 0x00, 0x00, 0x00, 0x00, 0x00, 0x10, 0xbf, 0x78, 0xbd, 0x0a, 0x00,
  0x00, 0x00, 0x00, 0x00, 0x00, 0x00, 0x00, 0x00, 0x0e, 0x78, 0x09, 0x00,
  0x00, 0x00, 0x00, 0x00, 0x00, 0x00, 0x00, 0x00, 0x2c, 0x43, 0x08, 0x4e,
  0x24, 0x00, 0x00, 0x00, 0x00, 0x00, 0x00, 0x00, 0x4a, 0xb7, 0x8f, 0xe6,
  0x87, 0xbc, 0x40, 0x00, 0x00, 0x00, 0x00, 0x00, 0x00, 0xac, 0x06, 0x25,
  0xff, 0x24, 0x10, 0xa7, 0x00, 0x00, 0x00, 0x00, 0x00, 0x00, 0xa6, 0x0a,
  0x05, 0x7f, 0x05, 0x0b, 0xa7, 0x00, 0x00, 0x00, 0x00, 0x00, 0x00, 0x66,
  0x7d, 0x00, 0x00, 0x00, 0x80, 0x65, 0x00, 0x00, 0x00, 0x00, 0x00, 0x00,
  0x00, 0xb8, 0x3c, 0x00, 0x43, 0xb5, 0x00, 0x00, 0x00, 0x00, 0x00, 0x00,
  0x00, 0x00, 0x10, 0xbf, 0x78, 0xbd, 0x0a, 0x00, 0x00, 0x00, 0x00, 0x00,
  0x00, 0x00, 0x00, 0x00, 0x0e, 0x78, 0x09, 0x00, 0x00, 0x00, 0x00, 0x00,
  0x00, 0x00, 0x00, 0x00, 0x2c, 0x43, 0x08, 0x4e, 0x24, 0x00, 0x00, 0x00,
  0x00, 0x00, 0x00, 0x00, 0x4a, 0xb7, 0x8f, 0xe6, 0x87, 0xbc, 0x40, 0x00,
  0x00, 0x00, 0x00, 0x00, 0x00, 0xac, 0x06, 0x25, 0xff, 0x24, 0x10, 0xa7,
  0x00, 0x00, 0x00, 0x00, 0x00, 0x00, 0xa6, 0x0a, 0x05, 0x7f, 0x05, 0x0b,
  0xa7, 0x00, 0x00, 0x00, 0x00, 0x00, 0x00, 0x66, 0x7d, 0x00, 0x00, 0x00,
  0x80, 0x65, 0x00, 0x00, 0x00, 0x00, 0x00, 0x00, 0x00, 0xb8, 0x3c, 0x00,
  0x43, 0xb5, 0x00, 0x00, 0x00, 0x00, 0x00, 0x00, 0x00, 0x00, 0x10, 0xbf,
  0x78, 0xbd, 0x0a, 0x00, 0x00, 0x00, 0x00, 0x00, 0x00, 0x00, 0x00, 0x00,
  0x0e, 0x78, 0x09, 0x00, 0x00, 0x00, 0x00, 0x00, 0x00, 0x00, 0x00, 0x00,
  0x2c, 0x43, 0x08, 0x4e, 0x24, 0x00, 0x00, 0x00, 0x00, 0x00, 0x00, 0x00,
  0x4a, 0xb7, 0x8f, 0xe6, 0x87, 0xbc, 0x40, 0x00, 0x00, 0x00, 0x00, 0x00,
  0x00, 0xac, 0x06, 0x25, 0xff, 0x24, 0x10, 0xa7, 0x00, 0x00, 0x00, 0x00,
  0x00, 0x00, 0xa6, 0x0a, 0x05, 0x7f, 0x05, 0x0b, 0xa7, 0x00, 0x00, 0x00,
  0x00, 0x00, 0x00, 0x66, 0x7d, 0x00, 0x00, 0x00, 0x80, 0x65, 0x00, 0x00,
  0x00, 0x00, 0x00, 0x00, 0x00, 0xb8, 0x3c, 0x00, 0x43, 0xb5, 0x00, 0x00,
  0x00, 0x00, 0x00, 0x00, 0x00, 0x00, 0x10, 0xbf, 0x78, 0xbd, 0x0a, 0x00,
  0x00, 0x00, 0x00, 0x00, 0x00, 0x00, 0x00, 0x00, 0x0e, 0x78, 0x09, 0x00,
  0x00, 0x00, 0x00, 0x00, 0x00, 0x00, 0x00, 0x00, 0x2c, 0x43, 0x08, 0x4e,
  0x24, 0x00, 0x00, 0x00, 0x00, 0x00, 0x00, 0x00, 0x4a, 0xb7, 0x8f, 0xe6,
  0x87, 0xbc, 0x40, 0x00, 0x00, 0x00, 0x00, 0x00, 0x00, 0xac, 0x06, 0x25,
  0xff, 0x24, 0x10, 0xa7, 0x00, 0x00, 0x00, 0x00, 0x00, 0x00, 0xa6, 0x0a,
  0x05, 0x7f, 0x05, 0x0b, 0xa7, 0x00, 0x00, 0x00, 0x00, 0x00, 0x00, 0x66,
  0x7d, 0x00, 0x00, 0x00, 0x80, 0x65, 0x00, 0x00, 0x00, 0x00, 0x00, 0x00,
  0x00, 0xb8, 0x3c, 0x00, 0x43, 0xb5, 0x00, 0x00, 0x00, 0x00, 0x00, 0x00,
  0x00, 0x00, 0x10, 0xbf, 0x78, 0xbd, 0x0a, 0x00, 0x00, 0x00, 0x00, 0x00,
  0x00, 0x00, 0x00, 0x00, 0x0e, 0x78, 0x09, 0x00, 0x00, 0x00, 0x00, 0x00,
  0x00, 0x00, 0x00, 0x00, 0x2c, 0x43, 0x08, 0x4e, 0x24, 0x00, 0x00, 0x00,
  0x00, 0x00, 0x00, 0x00, 0x4a, 0xb7, 0x8f, 0xe6, 0x87, 0xbc, 0x40, 0x00,
  0x00, 0x00, 0x00, 0x00, 0x00, 0xac, 0x06, 0x25, 0xff, 0x24, 0x10, 0xa7,
  0x00, 0x00, 0x00, 0x00, 0x00, 0x00, 0xa6, 0x0a, 0x05, 0x7f, 0x05, 0x0b,
  0xa7, 0x00, 0x00, 0x00, 0x00, 0x00, 0x00, 0x66, 0x7d, 0x00, 0x00, 0x00,
  0x80, 0x65, 0x00, 0x00, 0x00, 0x00, 0x00, 0x00, 0x00, 0xb8, 0x3c, 0x00,
  0x43, 0xb5, 0x00, 0x00, 0x00, 0x00, 0x00, 0x00, 0x00, 0x00, 0x10, 0xbf,
  0x78, 0xbd, 0x0a, 0x00, 0x00, 0x00, 0x00, 0x00, 0x00, 0x00, 0x00, 0x00,
  0x0e, 0x78, 0x09, 0x00, 0x00, 0x00, 0x00, 0x00, 0x00, 0x00, 0x00, 0x00,
  0x2c, 0x43, 0x08, 0x4e, 0x24, 0x00, 0x00, 0x00, 0x00, 0x00, 0x00, 0x00,
  0x4a, 0xb7, 0x8f, 0xe6, 0x87, 0xbc, 0x40, 0x00, 0x00, 0x00, 0x00, 0x00,
  0x00, 0xac, 0x06, 0x25, 0xff, 0x24, 0x10, 0xa7, 0x00, 0x00, 0x00, 0x00,
  0x00, 0x00, 0xa6, 0x0a, 0x05, 0x7f, 0x05, 0x0b, 0xa7, 0x00, 0x00, 0x00,
  0x00, 0x00, 0x00, 0x66, 0x7d, 0x00, 0x00, 0x00, 0x80, 0x65, 0x00, 0x00,
  0x00, 0x00, 0x00, 0x00, 0x00, 0xb8, 0x3c, 0x00, 0x43, 0xb5, 0x00, 0x00,
  0x00, 0x00, 0x00, 0x00, 0x00, 0x00, 0x10, 0xbf, 0x78, 0xbd, 0x0a, 0x00,
  0x00, 0x00, 0x00, 0x00, 0x00, 0x00, 0x00, 0x00, 0x0e, 0x78, 0x09, 0x00,
  0x00, 0x00, 0x00, 0x00, 0x00, 0x00, 0x00, 0x00, 0x2c, 0x43, 0x08, 0x4e,
  0x24, 0x00, 0x00, 0x00, 0x00, 0x00, 0x00, 0x00, 0x4a, 0xb7, 0x8f, 0xe6,
  0x87, 0xbc, 0x40, 0x00, 0x00, 0x00, 0x00, 0x00, 0x00, 0xac, 0x06, 0x25,
  0xff, 0x24, 0x10, 0xa7, 0x00, 0x00, 0x00, 0x00, 0x00, 0x00, 0xa6, 0x0a,
  0x05, 0x7f, 0x05, 0x0b, 0xa7, 0x00, 0x00, 0x00, 0x00, 0x00, 0x00, 0x66,
  0x7d, 0x00, 0x00, 0x00, 0x80, 0x65, 0x00, 0x00, 0x00, 0x00, 0x00, 0x00,
  0x00, 0xb8, 0x3c, 0x00, 0x43, 0xb5, 0x00, 0x00, 0x00, 0x00, 0x00, 0x00,
  0x00, 0x00, 0x10, 0xbf, 0x78, 0xbd, 0x0a, 0x00, 0x00, 0x00, 0x00, 0x00,
  0x00, 0x00, 0x00, 0x00, 0x0e, 0x78, 0x09, 0x00, 0x00, 0x00, 0x00, 0x00,
  0x00, 0x00, 0x00, 0x00, 0x2c, 0x43, 0x08, 0x4e, 0x24, 0x00, 0x00, 0x00,
  0x00, 0x00, 0x00, 0x00, 0x4a, 0xb7, 0x8f, 0xe6, 0x87, 0xbc, 0x40, 0x00,
  0x00, 0x00, 0x00, 0x00, 0x00, 0xac, 0x06, 0x25, 0xff, 0x24, 0x10, 0xa7,
  0x00, 0x00, 0x00, 0x00, 0x00, 0x00, 0xa6, 0x0a, 0x05, 0x7f, 0x05, 0x0b,
  0xa7, 0x00, 0x00, 0x00, 0x00, 0x00, 0x00, 0x66, 0x7d, 0x00, 0x00, 0x00,
  0x80, 0x65, 0x00, 0x00, 0x00, 0x00, 0x00, 0x00, 0x00, 0xb8, 0x3c, 0x00,
  0x43, 0xb5, 0x00, 0x00, 0x00, 0x00, 0x00, 0x00, 0x00, 0x00, 0x10, 0xbf,
  0x78, 0xbd, 0x0a, 0x00, 0x00, 0x00, 0x00, 0x00, 0x00, 0x00, 0x00, 0x00,
  0x0e, 0x78, 0x09, 0x00, 0x00, 0x00, 0x00, 0x00, 0x00, 0x00, 0x00, 0x00,
  0x2c, 0x43, 0x08, 0x4e, 0x24, 0x00, 0x00, 0x00, 0x00, 0x00, 0x00, 0x00,
  0x4a, 0xb7, 0x8f, 0xe6, 0x87, 0xbc, 0x40, 0x00, 0x00, 0x00, 0x00, 0x00,
  0x00, 0xac, 0x06, 0x25, 0xff, 0x24, 0x10, 0xa7, 0x00, 0x00, 0x00, 0x00,
  0x00, 0x00, 0xa6, 0x0a, 0x05, 0x7f, 0x05, 0x0b, 0xa7, 0x00, 0x00, 0x00,
  0x00, 0x00, 0x00, 0x66, 0x7d, 0x00, 0x00, 0x00, 0x80, 0x65, 0x00, 0x00,
  0x00, 0x00, 0x00, 0x00, 0x00, 0xb8, 0x3c, 0x00, 0x43, 0xb5, 0x00, 0x00,
  0x00, 0x00, 0x00, 0x00, 0x00, 0x00, 0x10, 0xbf, 0x78, 0xbd, 0x0a, 0x00,
  0x00, 0x00, 0x00, 0x00, 0x00, 0x00, 0x00, 0x00, 0x0e, 0x78, 0x09, 0x00,
  0x00, 0x00, 0x00, 0x00, 0x00, 0x00, 0x00, 0x00, 0x2c, 0x43, 0x08, 0x4e,
  0x24, 0x00, 0x00, 0x00, 0x00, 0x00, 0x00, 0x00, 0x4a, 0xb7, 0x8f, 0xe6,
  0x87, 0xbc, 0x40, 0x00, 0x00, 0x00, 0x00, 0x00, 0x00, 0xac, 0x06, 0x25,
  0xff, 0x24, 0x10, 0xa7, 0x00, 0x00, 0x00, 0x00, 0x00, 0x00, 0xa6, 0x0a,
  0x05, 0x7f, 0x05, 0x0b, 0xa7, 0x00, 0x00, 0x00, 0x00, 0x00, 0x00, 0x66,
  0x7d, 0x00, 0x00, 0x00, 0x80, 0x65, 0x00, 0x00, 0x00, 0x00, 0x00, 0x00,
  0x00, 0xb8, 0x3c, 0x00, 0x43, 0xb5, 0x00, 0x00, 0x00, 0x00, 0x00, 0x00,
  0x00, 0x00, 0x10, 0xbf, 0x78, 0xbd, 0x0a, 0x00, 0x00, 0x00, 0x00, 0x00,
  0x00, 0x00, 0x00, 0x00, 0x0e, 0x78, 0x09, 0x00, 0x00, 0x00, 0x00, 0x00,
  0x00, 0x00, 0x00, 0x00, 0x2c, 0x43, 0x08, 0x4e, 0x24, 0x00, 0x00, 0x00,
  0x00, 0x00, 0x00, 0x00, 0x4a, 0xb7, 0x8f, 0xe6, 0x87, 0xbc, 0x40, 0x00,
  0x00, 0x00, 0x00, 0x00, 0x00, 0xac, 0x06, 0x25, 0xff, 0x24, 0x10, 0xa7,
  0x00, 0x00, 0x00, 0x00, 0x00, 0x00, 0xa6, 0x0a, 0x05, 0x7f, 0x05, 0x0b,
  0xa7, 0x00, 0x00, 0x00, 0x00, 0x00, 0x00, 0x66, 0x7d, 0x00, 0x00, 0x00,
  0x80, 0x65, 0x00, 0x00, 0x00, 0x00, 0x00, 0x00, 0x00, 0xb8, 0x3c, 0x00,
  0x43, 0xb5, 0x00, 0x00, 0x00, 0x00, 0x00, 0x00, 0x00, 0x00, 0x10, 0xbf,
  0x78, 0xbd, 0x0a, 0x00, 0x00, 0x00, 0x00, 0x00, 0x00, 0x00, 0x00, 0x00,
  0x0e, 0x78, 0x09, 0x00, 0x00, 0x00, 0x00, 0x00, 0x00, 0x00, 0x00, 0x00,
  0x2c, 0x43, 0x08, 0x4e, 0x24, 0x00, 0x00, 0x00, 0x00, 0x00, 0x00, 0x00,
  0x4a, 0xb7, 0x8f, 0xe6, 0x87, 0xbc, 0x40, 0x00, 0x00, 0x00, 0x00, 0x00,
  0x00, 0xac, 0x06, 0x25, 0xff, 0x24, 0x10, 0xa7, 0x00, 0x00, 0x00, 0x00,
  0x00, 0x00, 0xa6, 0x0a, 0x05, 0x7f, 0x05, 0x0b, 0xa7, 0x00, 0x00, 0x00,
  0x00, 0x00, 0x00, 0x66, 0x7d, 0x00, 0x00, 0x00, 0x80, 0x65, 0x00, 0x00,
  0x00, 0x00, 0x00, 0x00, 0x00, 0xb8, 0x3c, 0x00, 0x43, 0xb5, 0x00, 0x00,
  0x00, 0x00, 0x00, 0x00, 0x00, 0x00, 0x10, 0xbf, 0x78, 0xbd, 0x0a, 0x00,
  0x00, 0x00, 0x00, 0x00, 0x00, 0x00, 0x00, 0x00, 0x0e, 0x78, 0x09, 0x00,
  0x00, 0x00, 0x00, 0x00, 0x00, 0x00, 0x00, 0x00, 0x2c, 0x43, 0x08, 0x4e,
  0x24, 0x00, 0x00, 0x00, 0x00, 0x00, 0x00, 0x00, 0x4a, 0xb7, 0x8f, 0xe6,
  0x87, 0xbc, 0x40, 0x00, 0x00, 0x00, 0x00, 0x00, 0x00, 0xac, 0x06, 0x25,
  0xff, 0x24, 0x10, 0xa7, 0x00, 0x00, 0x00, 0x00, 0x00, 0x00, 0xa6, 0x0a,
  0x05, 0x7f, 0x05, 0x0b, 0xa7, 0x00, 0x00, 0x00, 0x00, 0x00, 0x00, 0x66,
  0x7d, 0x00, 0x00, 0x00, 0x80, 0x65, 0x00, 0x00, 0x00, 0x00, 0x00, 0x00,
  0x00, 0xb8, 0x3c, 0x00, 0x43, 0xb5, 0x00, 0x00, 0x00, 0x00, 0x00, 0x00,
  0x00, 0x00, 0x10, 0xbf, 0x78, 0xbd, 0x0a, 0x00, 0x00, 0x00, 0x00, 0x00,
  0x00, 0x00, 0x00, 0x00, 0x0e, 0x78, 0x09, 0x00, 0x00, 0x00, 0x00, 0x00,
  0x00, 0x00, 0x00, 0x00, 0x2c, 0x43, 0x08, 0x4e, 0x24, 0x00, 0x00, 0x00,
  0x00, 0x00, 0x00, 0x00, 0x4a, 0xb7, 0x8f, 0xe6, 0x87, 0xbc, 0x40, 0x00,
  0x00, 0x00, 0x00, 0x00, 0x00, 0xac, 0x06, 0x25, 0xff, 0x24, 0x10, 0xa7,
  0x00, 0x00, 0x00, 0x00, 0x00, 0x00, 0xa6, 0x0a, 0x05, 0x7f, 0x05, 0x0b,
  0xa7, 0x00, 0x00, 0x00, 0x00, 0x00, 0x00, 0x66, 0x7d, 0x00, 0x00, 0x00,
  0x80, 0x65, 0x00, 0x00, 0x00, 0x00, 0x00, 0x00, 0x00, 0xb8, 0x3c, 0x00,
  0x43, 0xb5, 0x00, 0x00, 0x00, 0x00, 0x00, 0x00, 0x00, 0x00, 0x10, 0xbf,
  0x78, 0xbd, 0x0a, 0x00, 0x00, 0x00, 0x00, 0x00, 0x00, 0x00, 0x00, 0x00,
  0x0e, 0x78, 0x09, 0x00, 0x00, 0x00, 0x00, 0x00, 0x00, 0x00, 0x00, 0x00,
  0x2c, 0x43, 0x08, 0x4e, 0x24, 0x00, 0x00, 0x00, 0x00, 0x00, 0x00, 0x00,
  0x4a, 0xb7, 0x8f, 0xe6, 0x87, 0xbc, 0x40, 0x00, 0x00, 0x00, 0x00, 0x00,
  0x00, 0xac, 0x06, 0x25, 0xff, 0x24, 0x10, 0xa7, 0x00, 0x00, 0x00, 0x00,
  0x00, 0x00, 0xa6, 0x0a, 0x05, 0x7f, 0x05, 0x0b, 0xa7, 0x00, 0x00, 0x00,
  0x00, 0x00, 0x00, 0x66, 0x7d, 0x00, 0x00, 0x00, 0x80, 0x65, 0x00, 0x00,
  0x00, 0x00, 0x00, 0x00, 0x00, 0xb8, 0x3c, 0x00, 0x43, 0xb5, 0x00, 0x00,
  0x00, 0x00, 0x00, 0x00, 0x00, 0x00, 0x10, 0xbf, 0x78, 0xbd, 0x0a, 0x00,
  0x00, 0x00, 0x00, 0x00, 0x00, 0x00, 0x00, 0x00, 0x0e, 0x78, 0x09, 0x00,
  0x00, 0x00, 0x00, 0x00, 0x00, 0x00, 0x00, 0x00, 0x2c, 0x43, 0x08, 0x4e,
  0x24, 0x00, 0x00, 0x00, 0x00, 0x00, 0x00, 0x00, 0x4a, 0xb7, 0x8f, 0xe6,
  0x87, 0xbc, 0x40, 0x00, 0x00, 0x00, 0x00, 0x00, 0x00, 0xac, 0x06, 0x25,
  0xff, 0x24, 0x10, 0xa7, 0x00, 0x00, 0x00, 0x00, 0x00, 0x00, 0xa6, 0x0a,
  0x05, 0x7f, 0x05, 0x0b, 0xa7, 0x00, 0x00, 0x00, 0x00, 0x00, 0x00, 0x66,
  0x7d, 0x00, 0x00, 0x00, 0x80, 0x65, 0x00, 0x00, 0x00, 0x00, 0x00, 0x00,
  0x00, 0xb8, 0x3c, 0x00, 0x43, 0xb5, 0x00, 0x00, 0x00, 0x00, 0x00, 0x00,
  0x00, 0x00, 0x10, 0xbf, 0x78, 0xbd, 0x0a, 0x00, 0x00, 0x00, 0x00, 0x00,
  0x00, 0x00, 0x00, 0x00, 0x0e, 0x78, 0x09, 0x00, 0x00, 0x00, 0x00, 0x00,
  0x00, 0x00, 0x00, 0x00, 0x2c, 0x43, 0x08, 0x4e, 0x24, 0x00, 0x00, 0x00,
  0x00, 0x00, 0x00, 0x00, 0x4a, 0xb7, 0x8f, 0xe6, 0x87, 0xbc, 0x40, 0x00,
  0x00, 0x00, 0x00, 0x00, 0x00, 0xac, 0x06, 0x25, 0xff, 0x24, 0x10, 0xa7,
  0x00, 0x00, 0x00, 0x00, 0x00, 0x00, 0xa6, 0x0a, 0x05, 0x7f, 0x05, 0x0b,
  0xa7, 0x00, 0x00, 0x00, 0x00, 0x00, 0x00, 0x66, 0x7d, 0x00, 0x00, 0x00,
  0x80, 0x65, 0x00, 0x00, 0x00, 0x00, 0x00, 0x00, 0x00, 0xb8, 0x3c, 0x00,
  0x43, 0xb5, 0x00, 0x00, 0x00, 0x00, 0x00, 0x00, 0x00, 0x00, 0x10, 0xbf,
  0x78, 0xbd, 0x0a, 0x00, 0x00, 0x00, 0x00, 0x00, 0x00, 0x00, 0x00, 0x00,
  0x0e, 0x78, 0x09, 0x00, 0x00, 0x00, 0x00, 0x00, 0x00, 0x00, 0x00, 0x00,
  0x2c, 0x43, 0x08, 0x4e, 0x24, 0x00, 0x00, 0x00, 0x00, 0x00, 0x00, 0x00,
  0x4a, 0xb7, 0x8f, 0xe6, 0x87, 0xbc, 0x40, 0x00, 0x00, 0x00, 0x00, 0x00,
  0x00, 0xac, 0x06, 0x25, 0xff, 0x24, 0x10, 0xa7, 0x00, 0x00, 0x00, 0x00,
  0x00, 0x00, 0xa6, 0x0a, 0x05, 0x7f, 0x05, 0x0b, 0xa7, 0x00, 0x00, 0x00,
  0x00, 0x00, 0x00, 0x66, 0x7d, 0x00, 0x00, 0x00, 0x80, 0x65, 0x00, 0x00,
  0x00, 0x00, 0x00, 0x00, 0x00, 0xb8, 0x3c, 0x00, 0x43, 0xb5, 0x00, 0x00,
  0x00, 0x00, 0x00, 0x00, 0x00, 0x00, 0x10, 0xbf, 0x78, 0xbd, 0x0a, 0x00,
  0x00, 0x00, 0x00, 0x00, 0x00, 0x00, 0x00, 0x00, 0x0e, 0x78, 0x09, 0x00,
  0x00, 0x00, 0x00, 0x00, 0x00, 0x00, 0x00, 0x00, 0x2c, 0x43, 0x08, 0x4e,
  0x24, 0x00, 0x00, 0x00, 0x00, 0x00, 0x00, 0x00, 0x4a, 0xb7, 0x8f, 0xe6,
  0x87, 0xbc, 0x40, 0x00, 0x00, 0x00, 0x00, 0x00, 0x00, 0xac, 0x06, 0x25,
  0xff, 0x24, 0x10, 0xa7, 0x00, 0x00, 0x00, 0x00, 0x00, 0x00, 0xa6, 0x0a,
  0x05, 0x7f, 0x05, 0x0b, 0xa7, 0x00, 0x00, 0x00, 0x00, 0x00, 0x00, 0x66,
  0x7d, 0x00, 0x00, 0x00, 0x80, 0x65, 0x00, 0x00, 0x00, 0x00, 0x00, 0x00,
  0x00, 0xb8, 0x3c, 0x00, 0x43, 0xb5, 0x00, 0x00, 0x00, 0x00, 0x00, 0x00,
  0x00, 0x00, 0x10, 0xbf, 0x78, 0xbd, 0x0a, 0x00, 0x00, 0x00, 0x00, 0x00,
  0x00, 0x00, 0x00, 0x00, 0x0e, 0x78, 0x09, 0x00, 0x00, 0x00, 0x00, 0x00,
  0x00, 0x00, 0x00, 0x00, 0x2c, 0x43, 0x08, 0x4e, 0x24, 0x00, 0x00, 0x00,
  0x00, 0x00, 0x00, 0x00, 0x4a, 0xb7, 0x8f, 0xe6, 0x87, 0xbc, 0x40, 0x00,
  0x00, 0x00, 0x00, 0x00, 0x00, 0xac, 0x06, 0x25, 0xff, 0x24, 0x10, 0xa7,
  0x00, 0x00, 0x00, 0x00, 0x00, 0x00, 0xa6, 0x0a, 0x05, 0x7f, 0x05, 0x0b,
  0xa7, 0x00, 0x00, 0x00, 0x00, 0x00, 0x00, 0x66, 0x7d, 0x00, 0x00, 0x00,
  0x80, 0x65, 0x00, 0x00, 0x00, 0x00, 0x00, 0x00, 0x00, 0xb8, 0x3c, 0x00,
  0x43, 0xb5, 0x00, 0x00, 0x00, 0x00, 0x00, 0x00, 0x00, 0x00, 0x10, 0xbf,
  0x78, 0xbd, 0x0a, 0x00, 0x00, 0x00, 0x00, 0x00, 0x00, 0x00, 0x00, 0x00,
  0x0e, 0x78, 0x09, 0x00, 0x00, 0x00, 0x00, 0x00, 0x00, 0x00, 0x00, 0x00,
  0x2c, 0x43, 0x08, 0x4e, 0x24, 0x00, 0x00, 0x00, 0x00, 0x00, 0x00, 0x00,
  0x4a, 0xb7, 0x8f, 0xe6, 0x87, 0xbc, 0x40, 0x00, 0x00, 0x00, 0x00, 0x00,
  0x00, 0xac, 0x06, 0x25, 0xff, 0x24, 0x10, 0xa7, 0x00, 0x00, 0x00, 0x00,
  0x00, 0x00, 0xa6, 0x0a, 0x05, 0x7f, 0x05, 0x0b, 0xa7, 0x00, 0x00, 0x00,
  0x00, 0x00, 0x00, 0x66, 0x7d, 0x00, 0x00, 0x00, 0x80, 0x65, 0x00, 0x00,
  0x00, 0x00, 0x00, 0x00, 0x00, 0xb8, 0x3c, 0x00, 0x43, 0xb5, 0x00, 0x00,
  0x00, 0x00, 0x00, 0x00, 0x00, 0x00, 0x10, 0xbf, 0x78, 0xbd, 0x0a, 0x00,
  0x00, 0x00, 0x00, 0x00, 0x00, 0x00, 0x00, 0x00, 0x0e, 0x78, 0x09, 0x00,
  0x00, 0x00, 0x00, 0x00, 0x00, 0x00, 0x00, 0x00, 0x2c, 0x43, 0x08, 0x4e,
  0x24, 0x00, 0x00, 0x00, 0x00, 0x00, 0x00, 0x00, 0x4a, 0xb7, 0x8f, 0xe6,
  0x87, 0xbc, 0x40, 0x00, 0x00, 0x00, 0x00, 0x00, 0x00, 0xac, 0x06, 0x25,
  0xff, 0x24, 0x10, 0xa7, 0x00, 0x00, 0x00, 0x00, 0x00, 0x00, 0xa6, 0x0a,
  0x05, 0x7f, 0x05, 0x0b, 0xa7, 0x00, 0x00, 0x00, 0x00, 0x00, 0x00, 0x66,
  0x7d, 0x00, 0x00, 0x00, 0x80, 0x65, 0x00, 0x00, 0x00, 0x00, 0x00, 0x00,
  0x00, 0xb8, 0x3c, 0x00, 0x43, 0xb5, 0x00, 0x00, 0x00, 0x00, 0x00, 0x00,
  0x00, 0x00, 0x10, 0xbf, 0x78, 0xbd, 0x0a, 0x00, 0x00, 0x00, 0x00, 0x00,
  0x00, 0x00, 0x00, 0x00, 0x0e, 0x78, 0x09, 0x00, 0x00, 0x00, 0x00, 0x00,
  0x00, 0x00, 0x00, 0x00, 0x2c, 0x43, 0x08, 0x4e, 0x24, 0x00, 0x00, 0x00,
  0x00, 0x00, 0x00, 0x00, 0x4a, 0xb7, 0x8f, 0xe6, 0x87, 0xbc, 0x40, 0x00,
  0x00, 0x00, 0x00, 0x00, 0x00, 0xac, 0x06, 0x25, 0xff, 0x24, 0x10, 0xa7,
  0x00, 0x00, 0x00, 0x00, 0x00, 0x00, 0xa6, 0x0a, 0x05, 0x7f, 0x05, 0x0b,
  0xa7, 0x00, 0x00, 0x00, 0x00, 0x00, 0x00, 0x66, 0x7d, 0x00, 0x00, 0x00,
  0x80, 0x65, 0x00, 0x00, 0x00, 0x00, 0x00, 0x00, 0x00, 0xb8, 0x3c, 0x00,
  0x43, 0xb5, 0x00, 0x00, 0x00, 0x00, 0x00, 0x00, 0x00, 0x00, 0x10, 0xbf,
  0x78, 0xbd, 0x0a, 0x00, 0x00, 0x00, 0x00, 0x00, 0x00, 0x00, 0x00, 0x00,
  0x0e, 0x78, 0x09, 0x00, 0x00, 0x00, 0x00, 0x00, 0x00, 0x00, 0x00, 0x00,
  0x2c, 0x43, 0x08, 0x4e, 0x24, 0x00, 0x00, 0x00, 0x00, 0x00, 0x00, 0x00,
  0x4a, 0xb7, 0x8f, 0xe6, 0x87, 0xbc, 0x40, 0x00, 0x00, 0x00, 0x00, 0x00,
  0x00, 0xac, 0x06, 0x25, 0xff, 0x24, 0x10, 0xa7, 0x00, 0x00, 0x00, 0x00,
  0x00, 0x00, 0xa6, 0x0a, 0x05, 0x7f, 0x05, 0x0b, 0xa7, 0x00, 0x00, 0x00,
  0x00, 0x00, 0x00, 0x66, 0x7d, 0x00, 0x00, 0x00, 0x80, 0x65, 0x00, 0x00,
  0x00, 0x00, 0x00, 0x00, 0x00, 0xb8, 0x3c, 0x00, 0x43, 0xb5, 0x00, 0x00,
  0x00, 0x00, 0x00, 0x00, 0x00, 0x00, 0x10, 0xbf, 0x78, 0xbd, 0x0a, 0x00,
  0x00, 0x00, 0x00, 0x00, 0x00, 0x00, 0x00, 0x00, 0x0e, 0x78, 0x09, 0x00,
  0x00, 0x00, 0x00, 0x00, 0x00, 0x00, 0x00, 0x00, 0x2c, 0x43, 0x08, 0x4e,
  0x24, 0x00, 0x00, 0x00, 0x00, 0x00, 0x00, 0x00, 0x4a, 0xb7, 0x8f, 0xe6,
  0x87, 0xbc, 0x40, 0x00, 0x00, 0x00, 0x00, 0x00, 0x00, 0xac, 0x06, 0x25,
  0xff, 0x24, 0x10, 0xa7, 0x00, 0x00, 0x00, 0x00, 0x00, 0x00, 0xa6, 0x0a,
  0x05, 0x7f, 0x05, 0x0b, 0xa7, 0x00, 0x00, 0x00, 0x00, 0x00, 0x00, 0x66,
  0x7d, 0x00, 0x00, 0x00, 0x80, 0x65, 0x00, 0x00, 0x00, 0x00, 0x00, 0x00,
  0x00, 0xb8, 0x3c, 0x00, 0x43, 0xb5, 0x00, 0x00, 0x00, 0x00, 0x00, 0x00,
  0x00, 0x00, 0x10, 0xbf, 0x78, 0xbd, 0x0a, 0x00, 0x00, 0x00, 0x00, 0x00,
  0x00, 0x00, 0x00, 0x00, 0x0e, 0x78, 0x09, 0x00, 0x00, 0x00, 0x00, 0x00,
  0x00, 0x00, 0x00, 0x00, 0x2c, 0x43, 0x08, 0x4e, 0x24, 0x00, 0x00, 0x00,
  0x00, 0x00, 0x00, 0x00, 0x4a, 0xb7, 0x8f, 0xe6, 0x87, 0xbc, 0x40, 0x00,
  0x00, 0x00, 0x00, 0x00, 0x00, 0xac, 0x06, 0x25, 0xff, 0x24, 0x10, 0xa7,
  0x00, 0x00, 0x00, 0x00, 0x00, 0x00, 0xa6, 0x0a, 0x05, 0x7f, 0x05, 0x0b,
  0xa7, 0x00, 0x00, 0x00, 0x00, 0x00, 0x00, 0x66, 0x7d, 0x00, 0x00, 0x00,
  0x80, 0x65, 0x00, 0x00, 0x00, 0x00, 0x00, 0x00, 0x00, 0xb8, 0x3c, 0x00,
  0x43, 0xb5, 0x00, 0x00, 0x00, 0x00, 0x00, 0x00, 0x00, 0x00, 0x10, 0xbf,
  0x78, 0xbd, 0x0a, 0x00, 0x00, 0x00, 0x00, 0x00, 0x00, 0x00, 0x00, 0x00,
  0x0e, 0x78, 0x09, 0x00, 0x00, 0x00, 0x00, 0x00, 0x00, 0x00, 0x00, 0x00,
  0x2c, 0x43, 0x08, 0x4e, 0x24, 0x00, 0x00, 0x00, 0x00, 0x00, 0x00, 0x00,
  0x4a, 0xb7, 0x8f, 0xe6, 0x87, 0xbc, 0x40, 0x00, 0x00, 0x00, 0x00, 0x00,
  0x00, 0xac, 0x06, 0x25, 0xff, 0x24, 0x10, 0xa7, 0x00, 0x00, 0x00, 0x00,
  0x00, 0x00, 0xa6, 0x0a, 0x05, 0x7f, 0x05, 0x0b, 0xa7, 0x00, 0x00, 0x00,
  0x00, 0x00, 0x00, 0x66, 0x7d, 0x00, 0x00, 0x00, 0x80, 0x65, 0x00, 0x00,
  0x00, 0x00, 0x00, 0x00, 0x00, 0xb8, 0x3c, 0x00, 0x43, 0xb5, 0x00, 0x00,
  0x00, 0x00, 0x00, 0x00, 0x00, 0x00, 0x10, 0xbf, 0x78, 0xbd, 0x0a, 0x00,
  0x00, 0x00, 0x00, 0x00, 0x00, 0x00, 0x00, 0x00, 0x0e, 0x78, 0x09, 0x00,
  0x00, 0x00, 0x00, 0x00, 0x00, 0x00, 0x00, 0x00, 0x2c, 0x43, 0x08, 0x4e,
  0x24, 0x00, 0x00, 0x00, 0x00, 0x00, 0x00, 0x00, 0x4a, 0xb7, 0x8f, 0xe6,
  0x87, 0xbc, 0x40, 0x00, 0x00, 0x00, 0x00, 0x00, 0x00, 0xac, 0x06, 0x25,
  0xff, 0x24, 0x10, 0xa7, 0x00, 0x00, 0x00, 0x00, 0x00, 0x00, 0xa6, 0x0a,
  0x05, 0x7f, 0x05, 0x0b, 0xa7, 0x00, 0x00, 0x00, 0x00, 0x00, 0x00, 0x66,
  0x7d, 0x00, 0x00, 0x00, 0x80, 0x65, 0x00, 0x00, 0x00, 0x00, 0x00, 0x00,
  0x00, 0xb8, 0x3c, 0x00, 0x43, 0xb5, 0x00, 0x00, 0x00, 0x00, 0x00, 0x00,
  0x00, 0x00, 0x10, 0xbf, 0x78, 0xbd, 0x0a, 0x00, 0x00, 0x00, 0x00, 0x00,
  0x00, 0x00, 0x00, 0x00, 0x0e, 0x78, 0x09, 0x00, 0x00, 0x00, 0x00, 0x00,
  0x00, 0x00, 0x00, 0x00, 0x2c, 0x43, 0x08, 0x4e, 0x24, 0x00, 0x00, 0x00,
  0x00, 0x00, 0x00, 0x00, 0x4a, 0xb7, 0x8f, 0xe6, 0x87, 0xbc, 0x40, 0x00,
  0x00, 0x00, 0x00, 0x00, 0x00, 0xac, 0x06, 0x25, 0xff, 0x24, 0x10, 0xa7,
  0x00, 0x00, 0x00, 0x00, 0x00, 0x00, 0xa6, 0x0a, 0x05, 0x7f, 0x05, 0x0b,
  0xa7, 0x00, 0x00, 0x00, 0x00, 0x00, 0x00, 0x66, 0x7d, 0x00, 0x00, 0x00,
  0x80, 0x65, 0x00, 0x00, 0x00, 0x00, 0x00, 0x00, 0x00, 0xb8, 0x3c, 0x00,
  0x43, 0xb5, 0x00, 0x00, 0x00, 0x00, 0x00, 0x00, 0x00, 0x00, 0x10, 0xbf,
  0x78, 0xbd, 0x0a, 0x00, 0x00, 0x00, 0x00, 0x00, 0x00, 0x00, 0x00, 0x00,
  0x0e, 0x78, 0x09, 0x00, 0x00, 0x00, 0x00, 0x00, 0x00, 0x00, 0x00, 0x00,
  0x2c, 0x43, 0x08, 0x4e, 0x24, 0x00, 0x00, 0x00, 0x00, 0x00, 0x00, 0x00,
  0x4a, 0xb7, 0x8f, 0xe6, 0x87, 0xbc, 0x40, 0x00, 0x00, 0x00, 0x00, 0x00,
  0x00, 0xac, 0x06, 0x25, 0xff, 0x24, 0x10, 0xa7, 0x00, 0x00, 0x00, 0x00,
  0x00, 0x00, 0xa6, 0x0a, 0x05, 0x7f, 0x05, 0x0b, 0xa7, 0x00, 0x00, 0x00,
  0x00, 0x00, 0x00, 0x66, 0x7d, 0x00, 0x00, 0x00, 0x80, 0x65, 0x00, 0x00,
  0x00, 0x00, 0x00, 0x00, 0x00, 0xb8, 0x3c, 0x00, 0x43, 0xb5, 0x00, 0x00,
  0x00, 0x00, 0x00, 0x00, 0x00, 0x00, 0x10, 0xbf, 0x78, 0xbd, 0x0a, 0x00,
  0x00, 0x00, 0x00, 0x00, 0x00, 0x00, 0x00, 0x00, 0x0e, 0x78, 0x09, 0x00,
  0x00, 0x00, 0x00, 0x00, 0x00, 0x00, 0x00, 0x00, 0x2c, 0x43, 0x08, 0x4e,
  0x24, 0x00, 0x00, 0x00, 0x00, 0x00, 0x00, 0x00, 0x4a, 0xb7, 0x8f, 0xe6,
  0x87, 0xbc, 0x40, 0x00, 0x00, 0x00, 0x00, 0x00, 0x00, 0xac, 0x06, 0x25,
  0xff, 0x24, 0x10, 0xa7, 0x00, 0x00, 0x00, 0x00, 0x00, 0x00, 0xa6, 0x0a,
  0x05, 0x7f, 0x05, 0x0b, 0xa7, 0x00, 0x00, 0x00, 0x00, 0x00, 0x00, 0x66,
  0x7d, 0x00, 0x00, 0x00, 0x80, 0x65, 0x00, 0x00, 0x00, 0x00, 0x00, 0x00,
  0x00, 0xb8, 0x3c, 0x00, 0x43, 0xb5, 0x00, 0x00, 0x00, 0x00, 0x00, 0x00,
  0x00, 0x00, 0x10, 0xbf, 0x78, 0xbd, 0x0a, 0x00, 0x00, 0x00, 0x00, 0x00,
  0x00, 0x00, 0x00, 0x00, 0x0e, 0x78, 0x09, 0x00, 0x00, 0x00, 0x00, 0x00,
  0x00, 0x00, 0x00, 0x00, 0x2c, 0x43, 0x08, 0x4e, 0x24, 0x00, 0x00, 0x00,
  0x00, 0x00, 0x00, 0x00, 0x4a, 0xb7, 0x8f, 0xe6, 0x87, 0xbc, 0x40, 0x00,
  0x00, 0x00, 0x00, 0x00, 0x00, 0xac, 0x06, 0x25, 0xff, 0x24, 0x10, 0xa7,
  0x00, 0x00, 0x00, 0x00, 0x00, 0x00, 0xa6, 0x0a, 0x05, 0x7f, 0x05, 0x0b,
  0xa7, 0x00, 0x00, 0x00, 0x00, 0x00, 0x00, 0x66, 0x7d, 0x00, 0x00, 0x00,
  0x80, 0x65, 0x00, 0x00, 0x00, 0x00, 0x00, 0x00, 0x00, 0xb8, 0x3c, 0x00,
  0x43, 0xb5, 0x00, 0x00, 0x00, 0x00, 0x00, 0x00, 0x00, 0x00, 0x10, 0xbf,
  0x78, 0xbd, 0x0a, 0x00, 0x00, 0x00, 0x00, 0x00, 0x00, 0x00, 0x00, 0x00,
  0x0e, 0x78, 0x09, 0x00, 0x00, 0x00, 0x00, 0x00, 0x00, 0x00, 0x00, 0x00,
  0x2c, 0x43, 0x08, 0x4e, 0x24, 0x00, 0x00, 0x00, 0x00, 0x00, 0x00, 0x00,
  0x4a, 0xb7, 0x8f, 0xe6, 0x87, 0xbc, 0x40, 0x00, 0x00, 0x00, 0x00, 0x00,
  0x00, 0xac, 0x06, 0x25, 0xff, 0x24, 0x10, 0xa7, 0x00, 0x00, 0x00, 0x00,
  0x00, 0x00, 0xa6, 0x0a, 0x05, 0x7f, 0x05, 0x0b, 0xa7, 0x00, 0x00, 0x00,
  0x00, 0x00, 0x00, 0x66, 0x7d, 0x00, 0x00, 0x00, 0x80, 0x65, 0x00, 0x00,
  0x00, 0x00, 0x00, 0x00, 0x00, 0xb8, 0x3c, 0x00, 0x43, 0xb5, 0x00, 0x00,
  0x00, 0x00, 0x00, 0x00, 0x00, 0x00, 0x10, 0xbf, 0x78, 0xbd, 0x0a, 0x00,
  0x00, 0x00, 0x00, 0x00, 0x00, 0x00, 0x00, 0x00, 0x0e, 0x78, 0x09, 0x00,
  0x00, 0x00, 0x00, 0x00, 0x00, 0x00, 0x00, 0x00, 0x2c, 0x43, 0x08, 0x4e,
  0x24, 0x00, 0x00, 0x00, 0x00, 0x00, 0x00, 0x00, 0x4a, 0xb7, 0x8f, 0xe6,
  0x87, 0xbc, 0x40, 0x00, 0x00, 0x00, 0x00, 0x00, 0x00, 0xac, 0x06, 0x25,
  0xff, 0x24, 0x10, 0xa7, 0x00, 0x00, 0x00, 0x00, 0x00, 0x00, 0xa6, 0x0a,
  0x05, 0x7f, 0x05, 0x0b, 0xa7, 0x00, 0x00, 0x00, 0x00, 0x00, 0x00, 0x66,
  0x7d, 0x00, 0x00, 0x00, 0x80, 0x65, 0x00, 0x00, 0x00, 0x00, 0x00, 0x00,
  0x00, 0xb8, 0x3c, 0x00, 0x43, 0xb5, 0x00, 0x00, 0x00, 0x00, 0x00, 0x00,
  0x00, 0x00, 0x10, 0xbf, 0x78, 0xbd, 0x0a, 0x00, 0x00, 0x00, 0x00, 0x00,
  0x00, 0x00, 0x00, 0x00, 0x0e, 0x78, 0x09, 0x00, 0x00, 0x00, 0x00, 0x00,
  0x00, 0x00, 0x00, 0x00, 0x2c, 0x43, 0x08, 0x4e, 0x24, 0x00, 0x00, 0x00,
  0x00, 0x00, 0x00, 0x00, 0x4a, 0xb7, 0x8f, 0xe6, 0x87, 0xbc, 0x40, 0x00,
  0x00, 0x00, 0x00, 0x00, 0x00, 0xac, 0x06, 0x25, 0xff, 0x24, 0x10, 0xa7,
  0x00, 0x00, 0x00, 0x00, 0x00, 0x00, 0xa6, 0x0a, 0x05, 0x7f, 0x05, 0x0b,
  0xa7, 0x00, 0x00, 0x00, 0x00, 0x00, 0x00, 0x66, 0x7d, 0x00, 0x00, 0x00,
  0x80, 0x65, 0x00, 0x00, 0x00, 0x00, 0x00, 0x00, 0x00, 0xb8, 0x3c, 0x00,
  0x43, 0xb5, 0x00, 0x00, 0x00, 0x00, 0x00, 0x00, 0x00, 0x00, 0x10, 0xbf,
  0x78, 0xbd, 0x0a, 0x00, 0x00, 0x00, 0x00, 0x00, 0x00, 0x00, 0x00, 0x00,
  0x0e, 0x78, 0x09, 0x00, 0x00, 0x00, 0x00, 0x00, 0x00, 0x00, 0x00, 0x00,
  0x2c, 0x43, 0x08, 0x4e, 0x24, 0x00, 0x00, 0x00, 0x00, 0x00, 0x00, 0x00,
  0x4a, 0xb7, 0x8f, 0xe6, 0x87, 0xbc, 0x40, 0x00, 0x00, 0x00, 0x00, 0x00,
  0x00, 0xac, 0x06, 0x25, 0xff, 0x24, 0x10, 0xa7, 0x00, 0x00, 0x00, 0x00,
  0x00, 0x00, 0xa6, 0x0a, 0x05, 0x7f, 0x05, 0x0b, 0xa7, 0x00, 0x00, 0x00,
  0x00, 0x00, 0x00, 0x66, 0x7d, 0x00, 0x00, 0x00, 0x80, 0x65, 0x00, 0x00,
  0x00, 0x00, 0x00, 0x00, 0x00, 0xb8, 0x3c, 0x00, 0x43, 0xb5, 0x00, 0x00,
  0x00, 0x00, 0x00, 0x00, 0x00, 0x00, 0x10, 0xbf, 0x78, 0xbd, 0x0a, 0x00,
  0x00, 0x00, 0x00, 0x00, 0x00, 0x00, 0x00, 0x00, 0x0e, 0x78, 0x09, 0x00,
  0x00, 0x00, 0x00, 0x00, 0x00, 0x00, 0x00, 0x00, 0x2c, 0x43, 0x08, 0x4e,
  0x24, 0x00, 0x00, 0x00, 0x00, 0x00, 0x00, 0x00, 0x4a, 0xb7, 0x8f, 0xe6,
  0x87, 0xbc, 0x40, 0x00, 0x00, 0x00, 0x00, 0x00, 0x00, 0xac, 0x06, 0x25,
  0xff, 0x24, 0x10, 0xa7, 0x00, 0x00, 0x00, 0x00, 0x00, 0x00, 0xa6, 0x0a,
  0x05, 0x7f, 0x05, 0x0b, 0xa7, 0x00, 0x00, 0x00, 0x00, 0x00, 0x00, 0x66,
  0x7d, 0x00, 0x00, 0x00, 0x80, 0x65, 0x00, 0x00, 0x00, 0x00, 0x00, 0x00,
  0x00, 0xb8, 0x3c, 0x00, 0x43, 0xb5, 0x00, 0x00, 0x00, 0x00, 0x00, 0x00,
  0x00, 0x00, 0x10, 0xbf, 0x78, 0xbd, 0x0a, 0x00, 0x00, 0x00, 0x00, 0x00,
  0x00, 0x00, 0x00, 0x00, 0x0e, 0x78, 0x09, 0x00, 0x00, 0x00, 0x00, 0x00,
  0x00, 0x00, 0x00, 0x00, 0x2c, 0x43, 0x08, 0x4e, 0x24, 0x00, 0x00, 0x00,
  0x00, 0x00, 0x00, 0x00, 0x4a, 0xb7, 0x8f, 0xe6, 0x87, 0xbc, 0x40, 0x00,
  0x00, 0x00, 0x00, 0x00, 0x00, 0xac, 0x06, 0x25, 0xff, 0x24, 0x10, 0xa7,
  0x00, 0x00, 0x00, 0x00, 0x00, 0x00, 0xa6, 0x0a, 0x05, 0x7f, 0x05, 0x0b,
  0xa7, 0x00, 0x00, 0x00, 0x00, 0x00, 0x00, 0x66, 0x7d, 0x00, 0x00, 0x00,
  0x80, 0x65, 0x00, 0x00, 0x00, 0x00, 0x00, 0x00, 0x00, 0xb8, 0x3c, 0x00,
  0x43, 0xb5, 0x00, 0x00, 0x00, 0x00, 0x00, 0x00, 0x00, 0x00, 0x10, 0xbf,
  0x78, 0xbd, 0x0a, 0x00, 0x00, 0x00, 0x00, 0x00, 0x00, 0x00, 0x00, 0x00,
  0x0e, 0x78, 0x09, 0x00, 0x00, 0x00, 0x00, 0x00, 0x00, 0x00, 0x00, 0x00,
  0x2c, 0x43, 0x08, 0x4e, 0x24, 0x00, 0x00, 0x00, 0x00, 0x00, 0x00, 0x00,
  0x4a, 0xb7, 0x8f, 0xe6, 0x87, 0xbc, 0x40, 0x00, 0x00, 0x00, 0x00, 0x00,
  0x00, 0xac, 0x06, 0x25, 0xff, 0x24, 0x10, 0xa7, 0x00, 0x00, 0x00, 0x00,
  0x00, 0x00, 0xa6, 0x0a, 0x05, 0x7f, 0x05, 0x0b, 0xa7, 0x00, 0x00, 0x00,
  0x00, 0x00, 0x00, 0x66, 0x7d, 0x00, 0x00, 0x00, 0x80, 0x65, 0x00, 0x00,
  0x00, 0x00, 0x00, 0x00, 0x00, 0xb8, 0x3c, 0x00, 0x43, 0xb5, 0x00, 0x00,
  0x00, 0x00, 0x00, 0x00, 0x00, 0x00, 0x10, 0xbf, 0x78, 0xbd, 0x0a, 0x00,
  0x00, 0x00, 0x00, 0x00, 0x00, 0x00, 0x00, 0x00, 0x0e, 0x78, 0x09, 0x00,
  0x00, 0x00, 0x00, 0x00, 0x00, 0x00, 0x00, 0x00, 0x2c, 0x43, 0x08, 0x4e,
  0x24, 0x00, 0x00, 0x00, 0x00, 0x00, 0x00, 0x00, 0x4a, 0xb7, 0x8f, 0xe6,
  0x87, 0xbc, 0x40, 0x00, 0x00, 0x00, 0x00, 0x00, 0x00, 0xac, 0x06, 0x25,
  0xff, 0x24, 0x10, 0xa7, 0x00, 0x00, 0x00, 0x00, 0x00, 0x00, 0xa6, 0x0a,
  0x05, 0x7f, 0x05, 0x0b, 0xa7, 0x00, 0x00, 0x00, 0x00, 0x00, 0x00, 0x66,
  0x7d, 0x00, 0x00, 0x00, 0x80, 0x65, 0x00, 0x00, 0x00, 0x00, 0x00, 0x00,
  0x00, 0xb8, 0x3c, 0x00, 0x43, 0xb5, 0x00, 0x00, 0x00, 0x00, 0x00, 0x00,
  0x00, 0x00, 0x10, 0xbf, 0x78, 0xbd, 0x0a, 0x00, 0x00, 0x00, 0x00, 0x00,
  0x00, 0x00, 0x00, 0x00, 0x0e, 0x78, 0x09, 0x00, 0x00, 0x00, 0x00, 0x00,
  0x00, 0x00, 0x00, 0x00, 0x2c, 0x43, 0x08, 0x4e, 0x24, 0x00, 0x00, 0x00,
  0x00, 0x00, 0x00, 0x00, 0x4a, 0xb7, 0x8f, 0xe6, 0x87, 0xbc, 0x40, 0x00,
  0x00, 0x00, 0x00, 0x00, 0x00, 0xac, 0x06, 0x25, 0xff, 0x24, 0x10, 0xa7,
  0x00, 0x00, 0x00, 0x00, 0x00, 0x00, 0xa6, 0x0a, 0x05, 0x7f, 0x05, 0x0b,
  0xa7, 0x00, 0x00, 0x00, 0x00, 0x00, 0x00, 0x66, 0x7d, 0x00, 0x00, 0x00,
  0x80, 0x65, 0x00, 0x00, 0x00, 0x00, 0x00, 0x00, 0x00, 0xb8, 0x3c, 0x00,
  0x43, 0xb5, 0x00, 0x00, 0x00, 0x00, 0x00, 0x00, 0x00, 0x00, 0x10, 0xbf,
  0x78, 0xbd, 0x0a, 0x00, 0x00, 0x00, 0x00, 0x00, 0x00, 0x00, 0x00, 0x00,
  0x0e, 0x78, 0x09, 0x00, 0x00, 0x00, 0x00, 0x00, 0x00, 0x00, 0x00, 0x00,
  0x2c, 0x43, 0x08, 0x4e, 0x24, 0x00, 0x00, 0x00, 0x00, 0x00, 0x00, 0x00,
  0x4a, 0xb7, 0x8f, 0xe6, 0x87, 0xbc, 0x40, 0x00, 0x00, 0x00, 0x00, 0x00,
  0x00, 0xac, 0x06, 0x25, 0xff, 0x24, 0x10, 0xa7, 0x00, 0x00, 0x00, 0x00,
  0x00, 0x00, 0xa6, 0x0a, 0x05, 0x7f, 0x05, 0x0b, 0xa7, 0x00, 0x00, 0x00,
  0x00, 0x00, 0x00, 0x66, 0x7d, 0x00, 0x00, 0x00, 0x80, 0x65, 0x00, 0x00,
  0x00, 0x00, 0x00, 0x00, 0x00, 0xb8, 0x3c, 0x00, 0x43, 0xb5, 0x00, 0x00,
  0x00, 0x00, 0x00, 0x00, 0x00, 0x00, 0x10, 0xbf, 0x78, 0xbd, 0x0a, 0x00,
  0x00, 0x00, 0x00, 0x00, 0x00, 0x00, 0x00, 0x00, 0x0e, 0x78, 0x09, 0x00,
  0x00, 0x00, 0x00, 0x00, 0x00, 0x00, 0x00, 0x00, 0x2c, 0x43, 0x08, 0x4e,
  0x24, 0x00, 0x00, 0x00, 0x00, 0x00, 0x00, 0x00, 0x4a, 0xb7, 0x8f, 0xe6,
  0x87, 0xbc, 0x40, 0x00, 0x00, 0x00, 0x00, 0x00, 0x00, 0xac, 0x06, 0x25,
  0xff, 0x24, 0x10, 0xa7, 0x00, 0x00, 0x00, 0x00, 0x00, 0x00, 0xa6, 0x0a,
  0x05, 0x7f, 0x05, 0x0b, 0xa7, 0x00, 0x00, 0x00, 0x00, 0x00, 0x00, 0x66,
  0x7d, 0x00, 0x00, 0x00, 0x80, 0x65, 0x00, 0x00, 0x00, 0x00, 0x00, 0x00,
  0x00, 0xb8, 0x3c, 0x00, 0x43, 0xb5, 0x00, 0x00, 0x00, 0x00, 0x00, 0x00,
  0x00, 0x00, 0x10, 0xbf, 0x78, 0xbd, 0x0a, 0x00, 0x00, 0x00, 0x00, 0x00,
  0x00, 0x00, 0x00, 0x00, 0x0e, 0x78, 0x09, 0x00, 0x00, 0x00, 0x00, 0x00,
  0x00, 0x00, 0x00, 0x00, 0x2c, 0x43, 0x08, 0x4e, 0x24, 0x00, 0x00, 0x00,
  0x00, 0x00, 0x00, 0x00, 0x4a, 0xb7, 0x8f, 0xe6, 0x87, 0xbc, 0x40, 0x00,
  0x00, 0x00, 0x00, 0x00, 0x00, 0xac, 0x06, 0x25, 0xff, 0x24, 0x10, 0xa7,
  0x00, 0x00, 0x00, 0x00, 0x00, 0x00, 0xa6, 0x0a, 0x05, 0x7f, 0x05, 0x0b,
  0xa7, 0x00, 0x00, 0x00, 0x00, 0x00, 0x00, 0x66, 0x7d, 0x00, 0x00, 0x00,
  0x80, 0x65, 0x00, 0x00, 0x00, 0x00, 0x00, 0x00, 0x00, 0xb8, 0x3c, 0x00,
  0x43, 0xb5, 0x00, 0x00, 0x00, 0x00, 0x00, 0x00, 0x00, 0x00, 0x10, 0xbf,
  0x78, 0xbd, 0x0a, 0x00, 0x00, 0x00, 0x00, 0x00, 0x00, 0x00, 0x00, 0x00,
  0x0e, 0x78, 0x09, 0x00, 0x00, 0x00, 0x00, 0x00, 0x00, 0x00, 0x00, 0x00,
  0x2c, 0x43, 0x08, 0x4e, 0x24, 0x00, 0x00, 0x00, 0x00, 0x00, 0x00, 0x00,
  0x4a, 0xb7, 0x8f, 0xe6, 0x87, 0xbc, 0x40, 0x00, 0x00, 0x00, 0x00, 0x00,
  0x00, 0xac, 0x06, 0x25, 0xff, 0x24, 0x10, 0xa7, 0x00, 0x00, 0x00, 0x00,
  0x00, 0x00, 0xa6, 0x0a, 0x05, 0x7f, 0x05, 0x0b, 0xa7, 0x00, 0x00, 0x00,
  0x00, 0x00, 0x00, 0x66, 0x7d, 0x00, 0x00, 0x00, 0x80, 0x65, 0x00, 0x00,
  0x00, 0x00, 0x00, 0x00, 0x00, 0xb8, 0x3c, 0x00, 0x43, 0xb5, 0x00, 0x00,
  0x00, 0x00, 0x00, 0x00, 0x00, 0x00, 0x10, 0xbf, 0x78, 0xbd, 0x0a, 0x00,
  0x00, 0x00, 0x00, 0x00, 0x00, 0x00, 0x00, 0x00, 0x0e, 0x78, 0x09, 0x00,
  0x00, 0x00, 0x00, 0x00, 0x00, 0x00, 0x00, 0x00, 0x2c, 0x43, 0x08, 0x4e,
  0x24, 0x00, 0x00, 0x00, 0x00, 0x00, 0x00, 0x00, 0x4a, 0xb7, 0x8f, 0xe6,
  0x87, 0xbc, 0x40, 0x00, 0x00, 0x00, 0x00, 0x00, 0x00, 0xac, 0x06, 0x25,
  0xff, 0x24, 0x10, 0xa7, 0x00, 0x00, 0x00, 0x00, 0x00, 0x00, 0xa6, 0x0a,
  0x05, 0x7f, 0x05, 0x0b, 0xa7, 0x00, 0x00, 0x00, 0x00, 0x00, 0x00, 0x66,
  0x7d, 0x00, 0x00, 0x00, 0x80, 0x65, 0x00, 0x00, 0x00, 0x00, 0x00, 0x00,
  0x00, 0xb8, 0x3c, 0x00, 0x43, 0xb5, 0x00, 0x00, 0x00, 0x00, 0x00, 0x00,
  0x00, 0x00, 0x10, 0xbf, 0x78, 0xbd, 0x0a, 0x00, 0x00, 0x00, 0x00, 0x00,
  0x00, 0x00, 0x00, 0x00, 0x0e, 0x78, 0x09, 0x00, 0x00, 0x00, 0x00, 0x00,
  0x00, 0x00, 0x00, 0x00, 0x2c, 0x43, 0x08, 0x4e, 0x24, 0x00, 0x00, 0x00,
  0x00, 0x00, 0x00, 0x00, 0x4a, 0xb7, 0x8f, 0xe6, 0x87, 0xbc, 0x40, 0x00,
  0x00, 0x00, 0x00, 0x00, 0x00, 0xac, 0x06, 0x25, 0xff, 0x24, 0x10, 0xa7,
  0x00, 0x00, 0x00, 0x00, 0x00, 0x00, 0xa6, 0x0a, 0x05, 0x7f, 0x05, 0x0b,
  0xa7, 0x00, 0x00, 0x00, 0x00, 0x00, 0x00, 0x66, 0x7d, 0x00, 0x00, 0x00,
  0x80, 0x65, 0x00, 0x00, 0x00, 0x00, 0x00, 0x00, 0x00, 0xb8, 0x3c, 0x00,
  0x43, 0xb5, 0x00, 0x00, 0x00, 0x00, 0x00, 0x00, 0x00, 0x00, 0x10, 0xbf,
  0x78, 0xbd, 0x0a, 0x00, 0x00, 0x00, 0x00, 0x00, 0x00, 0x00, 0x00, 0x00,
  0x0e, 0x78, 0x09, 0x00, 0x00, 0x00, 0x00, 0x00, 0x00, 0x00, 0x00, 0x00,
  0x2c, 0x43, 0x08, 0x4e, 0x24, 0x00, 0x00, 0x00, 0x00, 0x00, 0x00, 0x00,
  0x4a, 0xb7, 0x8f, 0xe6, 0x87, 0xbc, 0x40, 0x00, 0x00, 0x00, 0x00, 0x00,
  0x00, 0xac, 0x06, 0x25, 0xff, 0x24, 0x10, 0xa7, 0x00, 0x00, 0x00, 0x00,
  0x00, 0x00, 0xa6, 0x0a, 0x05, 0x7f, 0x05, 0x0b, 0xa7, 0x00, 0x00, 0x00,
  0x00, 0x00, 0x00, 0x66, 0x7d, 0x00, 0x00, 0x00, 0x80, 0x65, 0x00, 0x00,
  0x00, 0x00, 0x00, 0x00, 0x00, 0xb8, 0x3c, 0x00, 0x43, 0xb5, 0x00, 0x00,
  0x00, 0x00, 0x00, 0x00, 0x00, 0x00, 0x10, 0xbf, 0x78, 0xbd, 0x0a, 0x00,
  0x00, 0x00, 0x00, 0x00, 0x00, 0x00, 0x00, 0x00, 0x0e, 0x78, 0x09, 0x00,
  0x00, 0x00, 0x00, 0x00, 0x00, 0x00, 0x00, 0x00, 0x2c, 0x43, 0x08, 0x4e,
  0x24, 0x00, 0x00, 0x00, 0x00, 0x00, 0x00, 0x00, 0x4a, 0xb7, 0x8f, 0xe6,
  0x87, 0xbc, 0x40, 0x00, 0x00, 0x00, 0x00, 0x00, 0x00, 0xac, 0x06, 0x25,
  0xff, 0x24, 0x10, 0xa7, 0x00, 0x00, 0x00, 0x00, 0x00, 0x00, 0xa6, 0x0a,
  0x05, 0x7f, 0x05, 0x0b, 0xa7, 0x00, 0x00, 0x00, 0x00, 0x00, 0x00, 0x66,
  0x7d, 0x00, 0x00, 0x00, 0x80, 0x65, 0x00, 0x00, 0x00, 0x00, 0x00, 0x00,
  0x00, 0xb8, 0x3c, 0x00, 0x43, 0xb5, 0x00, 0x00, 0x00, 0x00, 0x00, 0x00,
  0x00, 0x00, 0x10, 0xbf, 0x78, 0xbd, 0x0a, 0x00, 0x00, 0x00, 0x00, 0x00,
  0x00, 0x00, 0x00, 0x00, 0x0e, 0x78, 0x09, 0x00, 0x00, 0x00, 0x00, 0x00,
  0x00, 0x00, 0x00, 0x00, 0x2c, 0x43, 0x08, 0x4e, 0x24, 0x00, 0x00, 0x00,
  0x00, 0x00, 0x00, 0x00, 0x4a, 0xb7, 0x8f, 0xe6, 0x87, 0xbc, 0x40, 0x00,
  0x00, 0x00, 0x00, 0x00, 0x00, 0xac, 0x06, 0x25, 0xff, 0x24, 0x10, 0xa7,
  0x00, 0x00, 0x00, 0x00, 0x00, 0x00, 0xa6, 0x0a, 0x05, 0x7f, 0x05, 0x0b,
  0xa7, 0x00, 0x00, 0x00, 0x00, 0x00, 0x00, 0x66, 0x7d, 0x00, 0x00, 0x00,
  0x80, 0x65, 0x00, 0x00, 0x00, 0x00, 0x00, 0x00, 0x00, 0xb8, 0x3c, 0x00,
  0x43, 0xb5, 0x00, 0x00, 0x00, 0x00, 0x00, 0x00, 0x00, 0x00, 0x10, 0xbf,
  0x78, 0xbd, 0x0a, 0x00, 0x00, 0x00, 0x00, 0x00, 0x00, 0x00, 0x00, 0x00,
  0x0e, 0x78, 0x09, 0x00, 0x00, 0x00, 0x00, 0x00, 0x00, 0x00, 0x00, 0x00,
  0x2c, 0x43, 0x08, 0x4e, 0x24, 0x00, 0x00, 0x00, 0x00, 0x00, 0x00, 0x00,
  0x4a, 0xb7, 0x8f, 0xe6, 0x87, 0xbc, 0x40, 0x00, 0x00, 0x00, 0x00, 0x00,
  0x00, 0xac, 0x06, 0x25, 0xff, 0x24, 0x10, 0xa7, 0x00, 0x00, 0x00, 0x00,
  0x00, 0x00, 0xa6, 0x0a, 0x05, 0x7f, 0x05, 0x0b, 0xa7, 0x00, 0x00, 0x00,
  0x00, 0x00, 0x00, 0x66, 0x7d, 0x00, 0x00, 0x00, 0x80, 0x65, 0x00, 0x00,
  0x00, 0x00, 0x00, 0x00, 0x00, 0xb8, 0x3c, 0x00, 0x43, 0xb5, 0x00, 0x00,
  0x00, 0x00, 0x00, 0x00, 0x00, 0x00, 0x10, 0xbf, 0x78, 0xbd, 0x0a, 0x00,
  0x00, 0x00, 0x00, 0x00, 0x00, 0x00, 0x00, 0x00, 0x0e, 0x78, 0x09, 0x00,
  0x00, 0x00, 0x00, 0x00, 0x00, 0x00, 0x00, 0x00, 0x2c, 0x43, 0x08, 0x4e,
  0x24, 0x00, 0x00, 0x00, 0x00, 0x00, 0x00, 0x00, 0x4a, 0xb7, 0x8f, 0xe6,
  0x87, 0xbc, 0x40, 0x00, 0x00, 0x00, 0x00, 0x00, 0x00, 0xac, 0x06, 0x25,
  0xff, 0x24, 0x10, 0xa7, 0x00, 0x00, 0x00, 0x00, 0x00, 0x00, 0xa6, 0x0a,
  0x05, 0x7f, 0x05, 0x0b, 0xa7, 0x00, 0x00, 0x00, 0x00, 0x00, 0x00, 0x66,
  0x7d, 0x00, 0x00, 0x00, 0x80, 0x65, 0x00, 0x00, 0x00, 0x00, 0x00, 0x00,
  0x00, 0xb8, 0x3c, 0x00, 0x43, 0xb5, 0x00, 0x00, 0x00, 0x00, 0x00, 0x00,
  0x00, 0x00, 0x10, 0xbf, 0x78, 0xbd, 0x0a, 0x00, 0x00, 0x00, 0x00, 0x00,
  0x00, 0x00, 0x00, 0x00, 0x0e, 0x78, 0x09, 0x00, 0x00, 0x00, 0x00, 0x00,
  0x00, 0x00, 0x00, 0x00, 0x2c, 0x43, 0x08, 0x4e, 0x24, 0x00, 0x00, 0x00,
  0x00, 0x00, 0x00, 0x00, 0x4a, 0xb7, 0x8f, 0xe6, 0x87, 0xbc, 0x40, 0x00,
  0x00, 0x00, 0x00, 0x00, 0x00, 0xac, 0x06, 0x25, 0xff, 0x24, 0x10, 0xa7,
  0x00, 0x00, 0x00, 0x00, 0x00, 0x00, 0xa6, 0x0a, 0x05, 0x7f, 0x05, 0x0b,
  0xa7, 0x00, 0x00, 0x00, 0x00, 0x00, 0x00, 0x66, 0x7d, 0x00, 0x00, 0x00,
  0x80, 0x65, 0x00, 0x00, 0x00, 0x00, 0x00, 0x00, 0x00, 0xb8, 0x3c, 0x00,
  0x43, 0xb5, 0x00, 0x00, 0x00, 0x00, 0x00, 0x00, 0x00, 0x00, 0x10, 0xbf,
  0x78, 0xbd, 0x0a, 0x00, 0x00, 0x00, 0x00, 0x00, 0x00, 0x00, 0x00, 0x00,
  0x0e, 0x78, 0x09, 0x00, 0x00, 0x00, 0x00, 0x00, 0x00, 0x00, 0x00, 0x00,
  0x2c, 0x43, 0x08, 0x4e, 0x24, 0x00, 0x00, 0x00, 0x00, 0x00, 0x00, 0x00,
  0x4a, 0xb7, 0x8f, 0xe6, 0x87, 0xbc, 0x40, 0x00, 0x00, 0x00, 0x00, 0x00,
  0x00, 0xac, 0x06, 0x25, 0xff, 0x24, 0x10, 0xa7, 0x00, 0x00, 0x00, 0x00,
  0x00, 0x00, 0xa6, 0x0a, 0x05, 0x7f, 0x05, 0x0b, 0xa7, 0x00, 0x00, 0x00,
  0x00, 0x00, 0x00, 0x66, 0x7d, 0x00, 0x00, 0x00, 0x80, 0x65, 0x00, 0x00,
  0x00, 0x00, 0x00, 0x00, 0x00, 0xb8, 0x3c, 0x00, 0x43, 0xb5, 0x00, 0x00,
  0x00, 0x00, 0x00, 0x00, 0x00, 0x00, 0x10, 0xbf, 0x78, 0xbd, 0x0a, 0x00,
  0x00, 0x00, 0x00, 0x00, 0x00, 0x00, 0x00, 0x00, 0x0e, 0x78, 0x09, 0x00,
  0x00, 0x00, 0x00, 0x00, 0x00, 0x00, 0x00, 0x00, 0x2c, 0x43, 0x08, 0x4e,
  0x24, 0x00, 0x00, 0x00, 0x00, 0x00, 0x00, 0x00, 0x4a, 0xb7, 0x8f, 0xe6,
  0x87, 0xbc, 0x40, 0x00, 0x00, 0x00, 0x00, 0x00, 0x00, 0xac, 0x06, 0x25,
  0xff, 0x24, 0x10, 0xa7, 0x00, 0x00, 0x00, 0x00, 0x00, 0x00, 0xa6, 0x0a,
  0x05, 0x7f, 0x05, 0x0b, 0xa7, 0x00, 0x00, 0x00, 0x00, 0x00, 0x00, 0x66,
  0x7d, 0x00, 0x00, 0x00, 0x80, 0x65, 0x00, 0x00, 0x00, 0x00, 0x00, 0x00,
  0x00, 0xb8, 0x3c, 0x00, 0x43, 0xb5, 0x00, 0x00, 0x00, 0x00, 0x00, 0x00,
  0x00, 0x00, 0x10, 0xbf, 0x78, 0xbd, 0x0a, 0x00, 0x00, 0x00, 0x00, 0x00,
  0x00, 0x00, 0x00, 0x00, 0x0e, 0x78, 0x09, 0x00, 0x00, 0x00, 0x00, 0x00,
  0x00, 0x00, 0x00, 0x00, 0x2c, 0x43, 0x08, 0x4e, 0x24, 0x00, 0x00, 0x00,
  0x00, 0x00, 0x00, 0x00, 0x4a, 0xb7, 0x8f, 0xe6, 0x87, 0xbc, 0x40, 0x00,
  0x00, 0x00, 0x00, 0x00, 0x00, 0xac, 0x06, 0x25, 0xff, 0x24, 0x10, 0xa7,
  0x00, 0x00, 0x00, 0x00, 0x00, 0x00, 0xa6, 0x0a, 0x05, 0x7f, 0x05, 0x0b,
  0xa7, 0x00, 0x00, 0x00, 0x00, 0x00, 0x00, 0x66, 0x7d, 0x00, 0x00, 0x00,
  0x80, 0x65, 0x00, 0x00, 0x00, 0x00, 0x00, 0x00, 0x00, 0xb8, 0x3c, 0x00,
  0x43, 0xb5, 0x00, 0x00, 0x00, 0x00, 0x00, 0x00, 0x00, 0x00, 0x10, 0xbf,
  0x78, 0xbd, 0x0a, 0x00, 0x00, 0x00, 0x00, 0x00, 0x00, 0x00, 0x00, 0x00,
  0x0e, 0x78, 0x09, 0x00, 0x00, 0x00, 0x00, 0x00, 0x00, 0x00, 0x00, 0x00,
  0x2c, 0x43, 0x08, 0x4e, 0x24, 0x00, 0x00, 0x00, 0x00, 0x00, 0x00, 0x00,
  0x4a, 0xb7, 0x8f, 0xe6, 0x87, 0xbc, 0x40, 0x00, 0x00, 0x00, 0x00, 0x00,
  0x00, 0xac, 0x06, 0x25, 0xff, 0x24, 0x10, 0xa7, 0x00, 0x00, 0x00, 0x00,
  0x00, 0x00, 0xa6, 0x0a, 0x05, 0x7f, 0x05, 0x0b, 0xa7, 0x00, 0x00, 0x00,
  0x00, 0x00, 0x00, 0x66, 0x7d, 0x00, 0x00, 0x00, 0x80, 0x65, 0x00, 0x00,
  0x00, 0x00, 0x00, 0x00, 0x00, 0xb8, 0x3c, 0x00, 0x43, 0xb5, 0x00, 0x00,
  0x00, 0x00, 0x00, 0x00, 0x00, 0x00, 0x10, 0xbf, 0x78, 0xbd, 0x0a, 0x00,
  0x00, 0x00, 0x00, 0x00, 0x00, 0x00, 0x00, 0x00, 0x0e, 0x78, 0x09, 0x00,
  0x00, 0x00, 0x00, 0x00, 0x00, 0x00, 0x00, 0x00, 0x2c, 0x43, 0x08, 0x4e,
  0x24, 0x00, 0x00, 0x00, 0x00, 0x00, 0x00, 0x00, 0x4a, 0xb7, 0x8f, 0xe6,
  0x87, 0xbc, 0x40, 0x00, 0x00, 0x00, 0x00, 0x00, 0x00, 0xac, 0x06, 0x25,
  0xff, 0x24, 0x10, 0xa7, 0x00, 0x00, 0x00, 0x00, 0x00, 0x00, 0xa6, 0x0a,
  0x05, 0x7f, 0x05, 0x0b, 0xa7, 0x00, 0x00, 0x00, 0x00, 0x00, 0x00, 0x66,
  0x7d, 0x00, 0x00, 0x00, 0x80, 0x65, 0x00, 0x00, 0x00, 0x00, 0x00, 0x00,
  0x00, 0xb8, 0x3c, 0x00, 0x43, 0xb5, 0x00, 0x00, 0x00, 0x00, 0x00, 0x00,
  0x00, 0x00, 0x10, 0xbf, 0x78, 0xbd, 0x0a, 0x00, 0x00, 0x00, 0x00, 0x00,
  0x00, 0x00, 0x00, 0x00, 0x0e, 0x78, 0x09, 0x00, 0x00, 0x00, 0x00, 0x00,
  0x00, 0x00, 0x00, 0x00, 0x2c, 0x43, 0x08, 0x4e, 0x24, 0x00, 0x00, 0x00,
  0x00, 0x00, 0x00, 0x00, 0x4a, 0xb7, 0x8f, 0xe6, 0x87, 0xbc, 0x40, 0x00,
  0x00, 0x00, 0x00, 0x00, 0x00, 0xac, 0x06, 0x25, 0xff, 0x24, 0x10, 0xa7,
  0x00, 0x00, 0x00, 0x00, 0x00, 0x00, 0xa6, 0x0a, 0x05, 0x7f, 0x05, 0x0b,
  0xa7, 0x00, 0x00, 0x00, 0x00, 0x00, 0x00, 0x66, 0x7d, 0x00, 0x00, 0x00,
  0x80, 0x65, 0x00, 0x00, 0x00, 0x00, 0x00, 0x00, 0x00, 0xb8, 0x3c, 0x00,
  0x43, 0xb5, 0x00, 0x00, 0x00, 0x00, 0x00, 0x00, 0x00, 0x00, 0x10, 0xbf,
  0x78, 0xbd, 0x0a, 0x00, 0x00, 0x00, 0x00, 0x00, 0x00, 0x00, 0x00, 0x00,
  0x0e, 0x78, 0x09, 0x00, 0x00, 0x00, 0x00, 0x00, 0x00, 0x00, 0x00, 0x00,
  0x2c, 0x43, 0x08, 0x4e, 0x24, 0x00, 0x00, 0x00, 0x00, 0x00, 0x00, 0x00,
  0x4a, 0xb7, 0x8f, 0xe6, 0x87, 0xbc, 0x40, 0x00, 0x00, 0x00, 0x00, 0x00,
  0x00, 0xac, 0x06, 0x25, 0xff, 0x24, 0x10, 0xa7, 0x00, 0x00, 0x00, 0x00,
  0x00, 0x00, 0xa6, 0x0a, 0x05, 0x7f, 0x05, 0x0b, 0xa7, 0x00, 0x00, 0x00,
  0x00, 0x00, 0x00, 0x66, 0x7d, 0x00, 0x00, 0x00, 0x80, 0x65, 0x00, 0x00,
  0x00, 0x00, 0x00, 0x00, 0x00, 0xb8, 0x3c, 0x00, 0x43, 0xb5, 0x00, 0x00,
  0x00, 0x00, 0x00, 0x00, 0x00, 0x00, 0x10, 0xbf, 0x78, 0xbd, 0x0a, 0x00,
  0x00, 0x00, 0x00, 0x00, 0x00, 0x00, 0x00, 0x00, 0x0e, 0x78, 0x09, 0x00,
  0x00, 0x00, 0x00, 0x00, 0x00, 0x00, 0x00, 0x00, 0x2c, 0x43, 0x08, 0x4e,
  0x24, 0x00, 0x00, 0x00, 0x00, 0x00, 0x00, 0x00, 0x4a, 0xb7, 0x8f, 0xe6,
  0x87, 0xbc, 0x40, 0x00, 0x00, 0x00, 0x00, 0x00, 0x00, 0xac, 0x06, 0x25,
  0xff, 0x24, 0x10, 0xa7, 0x00, 0x00, 0x00, 0x00, 0x00, 0x00, 0xa6, 0x0a,
  0x05, 0x7f, 0x05, 0x0b, 0xa7, 0x00, 0x00, 0x00, 0x00, 0x00, 0x00, 0x66,
  0x7d, 0x00, 0x00, 0x00, 0x80, 0x65, 0x00, 0x00, 0x00, 0x00, 0x00, 0x00,
  0x00, 0xb8, 0x3c, 0x00, 0x43, 0xb5, 0x00, 0x00, 0x00, 0x00, 0x00, 0x00,
  0x00, 0x00, 0x10, 0xbf, 0x78, 0xbd, 0x0a, 0x00, 0x00, 0x00, 0x00, 0x00,
  0x00, 0x00, 0x00, 0x00, 0x0e, 0x78, 0x09, 0x00, 0x00, 0x00, 0x00, 0x00,
  0x00, 0x00, 0x00, 0x00, 0x2c, 0x43, 0x08, 0x4e, 0x24, 0x00, 0x00, 0x00,
  0x00, 0x00, 0x00, 0x00, 0x4a, 0xb7, 0x8f, 0xe6, 0x87, 0xbc, 0x40, 0x00,
  0x00, 0x00, 0x00, 0x00, 0x00, 0xac, 0x06, 0x25, 0xff, 0x24, 0x10, 0xa7,
  0x00, 0x00, 0x00, 0x00, 0x00, 0x00, 0xa6, 0x0a, 0x05, 0x7f, 0x05, 0x0b,
  0xa7, 0x00, 0x00, 0x00, 0x00, 0x00, 0x00, 0x66, 0x7d, 0x00, 0x00, 0x00,
  0x80, 0x65, 0x00, 0x00, 0x00, 0x00, 0x00, 0x00, 0x00, 0xb8, 0x3c, 0x00,
  0x43, 0xb5, 0x00, 0x00, 0x00, 0x00, 0x00, 0x00, 0x00, 0x00, 0x10, 0xbf,
  0x78, 0xbd, 0x0a, 0x00, 0x00, 0x00, 0x00, 0x00, 0x00, 0x00, 0x00, 0x00,
  0x0e, 0x78, 0x09, 0x00, 0x00, 0x00, 0x00, 0x00, 0x00, 0x00, 0x00, 0x00,
  0x2c, 0x43, 0x08, 0x4e, 0x24, 0x00, 0x00, 0x00, 0x00, 0x00, 0x00, 0x00,
  0x4a, 0xb7, 0x8f, 0xe6, 0x87, 0xbc, 0x40, 0x00, 0x00, 0x00, 0x00, 0x00,
  0x00, 0xac, 0x06, 0x25, 0xff, 0x24, 0x10, 0xa7, 0x00, 0x00, 0x00, 0x00,
  0x00, 0x00, 0xa6, 0x0a, 0x05, 0x7f, 0x05, 0x0b, 0xa7, 0x00, 0x00, 0x00,
  0x00, 0x00, 0x00, 0x66, 0x7d, 0x00, 0x00, 0x00, 0x80, 0x65, 0x00, 0x00,
  0x00, 0x00, 0x00, 0x00, 0x00, 0xb8, 0x3c, 0x00, 0x43, 0xb5, 0x00, 0x00,
  0x00, 0x00, 0x00, 0x00, 0x00, 0x00, 0x10, 0xbf, 0x78, 0xbd, 0x0a, 0x00,
  0x00, 0x00, 0x00, 0x00, 0x00, 0x00, 0x00, 0x00, 0x0e, 0x78, 0x09, 0x00,
  0x00, 0x00, 0x00, 0x00, 0x00, 0x00, 0x00, 0x00, 0x2c, 0x43, 0x08, 0x4e,
  0x24, 0x00, 0x00, 0x00, 0x00, 0x00, 0x00, 0x00, 0x4a, 0xb7, 0x8f, 0xe6,
  0x87, 0xbc, 0x40, 0x00, 0x00, 0x00, 0x00, 0x00, 0x00, 0xac, 0x06, 0x25,
  0xff, 0x24, 0x10, 0xa7, 0x00, 0x00, 0x00, 0x00, 0x00, 0x00, 0xa6, 0x0a,
  0x05, 0x7f, 0x05, 0x0b, 0xa7, 0x00, 0x00, 0x00, 0x00, 0x00, 0x00, 0x66,
  0x7d, 0x00, 0x00, 0x00, 0x80, 0x65, 0x00, 0x00, 0x00, 0x00, 0x00, 0x00,
  0x00, 0xb8, 0x3c, 0x00, 0x43, 0xb5, 0x00, 0x00, 0x00, 0x00, 0x00, 0x00,
  0x00, 0x00, 0x10, 0xbf, 0x78, 0xbd, 0x0a, 0x00, 0x00, 0x00, 0x00, 0x00,
  0x00, 0x00, 0x00, 0x00, 0x0e, 0x78, 0x09, 0x00, 0x00, 0x00, 0x00, 0x00,
  0x00, 0x00, 0x00, 0x00, 0x2c, 0x43, 0x08, 0x4e, 0x24, 0x00, 0x00, 0x00,
  0x00, 0x00, 0x00, 0x00, 0x4a, 0xb7, 0x8f, 0xe6, 0x87, 0xbc, 0x40, 0x00,
  0x00, 0x00, 0x00, 0x00, 0x00, 0xac, 0x06, 0x25, 0xff, 0x24, 0x10, 0xa7,
  0x00, 0x00, 0x00, 0x00, 0x00, 0x00, 0xa6, 0x0a, 0x05, 0x7f, 0x05, 0x0b,
  0xa7, 0x00, 0x00, 0x00, 0x00, 0x00, 0x00, 0x66, 0x7d, 0x00, 0x00, 0x00,
  0x80, 0x65, 0x00, 0x00, 0x00, 0x00, 0x00, 0x00, 0x00, 0xb8, 0x3c, 0x00,
  0x43, 0xb5, 0x00, 0x00, 0x00, 0x00, 0x00, 0x00, 0x00, 0x00, 0x10, 0xbf,
  0x78, 0xbd, 0x0a, 0x00, 0x00, 0x00, 0x00, 0x00, 0x00, 0x00, 0x00, 0x00,
  0x0e, 0x78, 0x09, 0x00, 0x00, 0x00, 0x00, 0x00, 0x00, 0x00, 0x00, 0x00,
  0x2c, 0x43, 0x08, 0x4e, 0x24, 0x00, 0x00, 0x00, 0x00, 0x00, 0x00, 0x00,
  0x4a, 0xb7, 0x8f, 0xe6, 0x87, 0xbc, 0x40, 0x00, 0x00, 0x00, 0x00, 0x00,
  0x00, 0xac, 0x06, 0x25, 0xff, 0x24, 0x10, 0xa7, 0x00, 0x00, 0x00, 0x00,
  0x00, 0x00, 0xa6, 0x0a, 0x05, 0x7f, 0x05, 0x0b, 0xa7, 0x00, 0x00, 0x00,
  0x00, 0x00, 0x00, 0x66, 0x7d, 0x00, 0x00, 0x00, 0x80, 0x65, 0x00, 0x00,
  0x00, 0x00, 0x00, 0x00, 0x00, 0xb8, 0x3c, 0x00, 0x43, 0xb5, 0x00, 0x00,
  0x00, 0x00, 0x00, 0x00, 0x00, 0x00, 0x10, 0xbf, 0x78, 0xbd, 0x0a, 0x00,
  0x00, 0x00, 0x00, 0x00, 0x00, 0x00, 0x00, 0x00, 0x0e, 0x78, 0x09, 0x00,
  0x00, 0x00, 0x00, 0x00, 0x00, 0x00, 0x00, 0x00, 0x2c, 0x43, 0x08, 0x4e,
  0x24, 0x00, 0x00, 0x00, 0x00, 0x00, 0x00, 0x00, 0x4a, 0xb7, 0x8f, 0xe6,
  0x87, 0xbc, 0x40, 0x00, 0x00, 0x00, 0x00, 0x00, 0x00, 0xac, 0x06, 0x25,
  0xff, 0x24, 0x10, 0xa7, 0x00, 0x00, 0x00, 0x00, 0x00, 0x00, 0xa6, 0x0a,
  0x05, 0x7f, 0x05, 0x0b, 0xa7, 0x00, 0x00, 0x00, 0x00, 0x00, 0x00, 0x66,
  0x7d, 0x00, 0x00, 0x00, 0x80, 0x65, 0x00, 0x00, 0x00, 0x00, 0x00, 0x00,
  0x00, 0xb8, 0x3c, 0x00, 0x43, 0xb5, 0x00, 0x00, 0x00, 0x00, 0x00, 0x00,
  0x00, 0x00, 0x10, 0xbf, 0x78, 0xbd, 0x0a, 0x00, 0x00, 0x00, 0x00, 0x00,
  0x00, 0x00, 0x00, 0x00, 0x0e, 0x78, 0x09, 0x00, 0x00, 0x00, 0x00, 0x00,
  0x00, 0x00, 0x00, 0x00, 0x2c, 0x43, 0x08, 0x4e, 0x24, 0x00, 0x00, 0x00,
  0x00, 0x00, 0x00, 0x00, 0x4a, 0xb7, 0x8f, 0xe6, 0x87, 0xbc, 0x40, 0x00,
  0x00, 0x00, 0x00, 0x00, 0x00, 0xac, 0x06, 0x25, 0xff, 0x24, 0x10, 0xa7,
  0x00, 0x00, 0x00, 0x00, 0x00, 0x00, 0xa6, 0x0a, 0x05, 0x7f, 0x05, 0x0b,
  0xa7, 0x00, 0x00, 0x00, 0x00, 0x00, 0x00, 0x66, 0x7d, 0x00, 0x00, 0x00,
  0x80, 0x65, 0x00, 0x00, 0x00, 0x00, 0x00, 0x00, 0x00, 0xb8, 0x3c, 0x00,
  0x43, 0xb5, 0x00, 0x00, 0x00, 0x00, 0x00, 0x00, 0x00, 0x00, 0x10, 0xbf,
  0x78, 0xbd, 0x0a, 0x00, 0x00, 0x00, 0x00, 0x00, 0x00, 0x00, 0x00, 0x00,
  0x0e, 0x78, 0x09, 0x00, 0x00, 0x00, 0x00, 0x00, 0x00, 0x00, 0x00, 0x00,
  0x2c, 0x43, 0x08, 0x4e, 0x24, 0x00, 0x00, 0x00, 0x00, 0x00, 0x00, 0x00,
  0x4a, 0xb7, 0x8f, 0xe6, 0x87, 0xbc, 0x40, 0x00, 0x00, 0x00, 0x00, 0x00,
  0x00, 0xac, 0x06, 0x25, 0xff, 0x24, 0x10, 0xa7, 0x00, 0x00, 0x00, 0x00,
  0x00, 0x00, 0xa6, 0x0a, 0x05, 0x7f, 0x05, 0x0b, 0xa7, 0x00, 0x00, 0x00,
  0x00, 0x00, 0x00, 0x66, 0x7d, 0x00, 0x00, 0x00, 0x80, 0x65, 0x00, 0x00,
  0x00, 0x00, 0x00, 0x00, 0x00, 0xb8, 0x3c, 0x00, 0x43, 0xb5, 0x00, 0x00,
  0x00, 0x00, 0x00, 0x00, 0x00, 0x00, 0x10, 0xbf, 0x78, 0xbd, 0x0a, 0x00,
  0x00, 0x00, 0x00, 0x00, 0x00, 0x00, 0x00, 0x00, 0x0e, 0x78, 0x09, 0x00,
  0x00, 0x00, 0x00, 0x00, 0x00, 0x00, 0x00, 0x00, 0x2c, 0x43, 0x08, 0x4e,
  0x24, 0x00, 0x00, 0x00, 0x00, 0x00, 0x00, 0x00, 0x4a, 0xb7, 0x8f, 0xe6,
  0x87, 0xbc, 0x40, 0x00, 0x00, 0x00, 0x00, 0x00, 0x00, 0xac, 0x06, 0x25,
  0xff, 0x24, 0x10, 0xa7, 0x00, 0x00, 0x00, 0x00, 0x00, 0x00, 0xa6, 0x0a,
  0x05, 0x7f, 0x05, 0x0b, 0xa7, 0x00, 0x00, 0x00, 0x00, 0x00, 0x00, 0x66,
  0x7d, 0x00, 0x00, 0x00, 0x80, 0x65, 0x00, 0x00, 0x00, 0x00, 0x00, 0x00,
  0x00, 0xb8, 0x3c, 0x00, 0x43, 0xb5, 0x00, 0x00, 0x00, 0x00, 0x00, 0x00,
  0x00, 0x00, 0x10, 0xbf, 0x78, 0xbd, 0x0a, 0x00, 0x00, 0x00, 0x00, 0x00,
  0x00, 0x00, 0x00, 0x00, 0x0e, 0x78, 0x09, 0x00, 0x00, 0x00, 0x00, 0x00,
  0x00, 0x00, 0x00, 0x00, 0x2c, 0x43, 0x08, 0x4e, 0x24, 0x00, 0x00, 0x00,
  0x00, 0x00, 0x00, 0x00, 0x4a, 0xb7, 0x8f, 0xe6, 0x87, 0xbc, 0x40, 0x00,
  0x00, 0x00, 0x00, 0x00, 0x00, 0xac, 0x06, 0x25, 0xff, 0x24, 0x10, 0xa7,
  0x00, 0x00, 0x00, 0x00, 0x00, 0x00, 0xa6, 0x0a, 0x05, 0x7f, 0x05, 0x0b,
  0xa7, 0x00, 0x00, 0x00, 0x00, 0x00, 0x00, 0x66, 0x7d, 0x00, 0x00, 0x00,
  0x80, 0x65, 0x00, 0x00, 0x00, 0x00, 0x00, 0x00, 0x00, 0xb8, 0x3c, 0x00,
  0x43, 0xb5, 0x00, 0x00, 0x00, 0x00, 0x00, 0x00, 0x00, 0x00, 0x10, 0xbf,
  0x78, 0xbd, 0x0a, 0x00, 0x00, 0x00, 0x00, 0x00, 0x00, 0x00, 0x00, 0x00,
  0x0e, 0x78, 0x09, 0x00, 0x00, 0x00, 0x00, 0x00, 0x00, 0x00, 0x00, 0x00,
  0x2c, 0x43, 0x08, 0x4e, 0x24, 0x00, 0x00, 0x00, 0x00, 0x00, 0x00, 0x00,
  0x4a, 0xb7, 0x8f, 0xe6, 0x87, 0xbc, 0x40, 0x00, 0x00, 0x00, 0x00, 0x00,
  0x00, 0xac, 0x06, 0x25, 0xff, 0x24, 0x10, 0xa7, 0x00, 0x00, 0x00, 0x00,
  0x00, 0x00, 0xa6, 0x0a, 0x05, 0x7f, 0x05, 0x0b, 0xa7, 0x00, 0x00, 0x00,
  0x00, 0x00, 0x00, 0x66, 0x7d, 0x00, 0x00, 0x00, 0x80, 0x65, 0x00, 0x00,
  0x00, 0x00, 0x00, 0x00, 0x00, 0xb8, 0x3c, 0x00, 0x43, 0xb5, 0x00, 0x00,
  0x00, 0x00, 0x00, 0x00, 0x00, 0x00, 0x10, 0xbf, 0x78, 0xbd, 0x0a, 0x00,
  0x00, 0x00, 0x00, 0x00, 0x00, 0x00, 0x00, 0x00, 0x0e, 0x78, 0x09, 0x00,
  0x00, 0x00, 0x00, 0x00, 0x00, 0x00, 0x00, 0x00, 0x2c, 0x43, 0x08, 0x4e,
  0x24, 0x00, 0x00, 0x00, 0x00, 0x00, 0x00, 0x00, 0x4a, 0xb7, 0x8f, 0xe6,
  0x87, 0xbc, 0x40, 0x00, 0x00, 0x00, 0x00, 0x00, 0x00, 0xac, 0x06, 0x25,
  0xff, 0x24, 0x10, 0xa7, 0x00, 0x00, 0x00, 0x00, 0x00, 0x00, 0xa6, 0x0a,
  0x05, 0x7f, 0x05, 0x0b, 0xa7, 0x00, 0x00, 0x00, 0x00, 0x00, 0x00, 0x66,
  0x7d, 0x00, 0x00, 0x00, 0x80, 0x65, 0x00, 0x00, 0x00, 0x00, 0x00, 0x00,
  0x00, 0xb8, 0x3c, 0x00, 0x43, 0xb5, 0x00, 0x00, 0x00, 0x00, 0x00, 0x00,
  0x00, 0x00, 0x10, 0xbf, 0x78, 0xbd, 0x0a, 0x00, 0x00, 0x00, 0x00, 0x00,
  0x00, 0x00, 0x00, 0x00, 0x0e, 0x78, 0x09, 0x00, 0x00, 0x00, 0x00, 0x00,
  0x00, 0x00, 0x00, 0x00, 0x2c, 0x43, 0x08, 0x4e, 0x24, 0x00, 0x00, 0x00,
  0x00, 0x00, 0x00, 0x00, 0x4a, 0xb7, 0x8f, 0xe6, 0x87, 0xbc, 0x40, 0x00,
  0x00, 0x00, 0x00, 0x00, 0x00, 0xac, 0x06, 0x25, 0xff, 0x24, 0x10, 0xa7,
  0x00, 0x00, 0x00, 0x00, 0x00, 0x00, 0xa6, 0x0a, 0x05, 0x7f, 0x05, 0x0b,
  0xa7, 0x00, 0x00, 0x00, 0x00, 0x00, 0x00, 0x66, 0x7d, 0x00, 0x00, 0x00,
  0x80, 0x65, 0x00, 0x00, 0x00, 0x00, 0x00, 0x00, 0x00, 0xb8, 0x3c, 0x00,
  0x43, 0xb5, 0x00, 0x00, 0x00, 0x00, 0x00, 0x00, 0x00, 0x00, 0x10, 0xbf,
  0x78, 0xbd, 0x0a, 0x00, 0x00, 0x00, 0x00, 0x00, 0x00, 0x00, 0x00, 0x00,
  0x0e, 0x78, 0x09, 0x00, 0x00, 0x00, 0x00, 0x00, 0x00, 0x00, 0x00, 0x00,
  0x2c, 0x43, 0x08, 0x4e, 0x24, 0x00, 0x00, 0x00, 0x00, 0x00, 0x00, 0x00,
  0x4a, 0xb7, 0x8f, 0xe6, 0x87, 0xbc, 0x40, 0x00, 0x00, 0x00, 0x00, 0x00,
  0x00, 0xac, 0x06, 0x25, 0xff, 0x24, 0x10, 0xa7, 0x00, 0x00, 0x00, 0x00,
  0x00, 0x00, 0xa6, 0x0a, 0x05, 0x7f, 0x05, 0x0b, 0xa7, 0x00, 0x00, 0x00,
  0x00, 0x00, 0x00, 0x66, 0x7d, 0x00, 0x00, 0x00, 0x80, 0x65, 0x00, 0x00,
  0x00, 0x00, 0x00, 0x00, 0x00, 0xb8, 0x3c, 0x00, 0x43, 0xb5, 0x00, 0x00,
  0x00, 0x00, 0x00, 0x00, 0x00, 0x00, 0x10, 0xbf, 0x78, 0xbd, 0x0a, 0x00,
  0x00, 0x00, 0x00, 0x00, 0x00, 0x00, 0x00, 0x00, 0x0e, 0x78, 0x09, 0x00,
  0x00, 0x00, 0x00, 0x00, 0x00, 0x00, 0x00, 0x00, 0x2c, 0x43, 0x08, 0x4e,
  0x24, 0x00, 0x00, 0x00, 0x00, 0x00, 0x00, 0x00, 0x4a, 0xb7, 0x8f, 0xe6,
  0x87, 0xbc, 0x40, 0x00, 0x00, 0x00, 0x00, 0x00, 0x00, 0xac, 0x06, 0x25,
  0xff, 0x24, 0x10, 0xa7, 0x00, 0x00, 0x00, 0x00, 0x00, 0x00, 0xa6, 0x0a,
  0x05, 0x7f, 0x05, 0x0b, 0xa7, 0x00, 0x00, 0x00, 0x00, 0x00, 0x00, 0x66,
  0x7d, 0x00, 0x00, 0x00, 0x80, 0x65, 0x00, 0x00, 0x00, 0x00, 0x00, 0x00,
  0x00, 0xb8, 0x3c, 0x00, 0x43, 0xb5, 0x00, 0x00, 0x00, 0x00, 0x00, 0x00,
  0x00, 0x00, 0x10, 0xbf, 0x78, 0xbd, 0x0a, 0x00, 0x00, 0x00, 0x00, 0x00,
  0x00, 0x00, 0x00, 0x00, 0x0e, 0x78, 0x09, 0x00, 0x00, 0x00, 0x00, 0x00,
  0x00, 0x00, 0x00, 0x00, 0x2c, 0x43, 0x08, 0x4e, 0x24, 0x00, 0x00, 0x00,
  0x00, 0x00, 0x00, 0x00, 0x4a, 0xb7, 0x8f, 0xe6, 0x87, 0xbc, 0x40, 0x00,
  0x00, 0x00, 0x00, 0x00, 0x00, 0xac, 0x06, 0x25, 0xff, 0x24, 0x10, 0xa7,
  0x00, 0x00, 0x00, 0x00, 0x00, 0x00, 0xa6, 0x0a, 0x05, 0x7f, 0x05, 0x0b,
  0xa7, 0x00, 0x00, 0x00, 0x00, 0x00, 0x00, 0x66, 0x7d, 0x00, 0x00, 0x00,
  0x80, 0x65, 0x00, 0x00, 0x00, 0x00, 0x00, 0x00, 0x00, 0xb8, 0x3c, 0x00,
  0x43, 0xb5, 0x00, 0x00, 0x00, 0x00, 0x00, 0x00, 0x00, 0x00, 0x10, 0xbf,
  0x78, 0xbd, 0x0a, 0x00, 0x00, 0x00, 0x00, 0x00, 0x00, 0x00, 0x00, 0x00,
  0x0e, 0x78, 0x09, 0x00, 0x00, 0x00, 0x00, 0x00, 0x00, 0x00, 0x00, 0x00,
  0x2c, 0x43, 0x08, 0x4e, 0x24, 0x00, 0x00, 0x00, 0x00, 0x00, 0x00, 0x00,
  0x4a, 0xb7, 0x8f, 0xe6, 0x87, 0xbc, 0x40, 0x00, 0x00, 0x00, 0x00, 0x00,
  0x00, 0xac, 0x06, 0x25, 0xff, 0x24, 0x10, 0xa7, 0x00, 0x00, 0x00, 0x00,
  0x00, 0x00, 0xa6, 0x0a, 0x05, 0x7f, 0x05, 0x0b, 0xa7, 0x00, 0x00, 0x00,
  0x00, 0x00, 0x00, 0x66, 0x7d, 0x00, 0x00, 0x00, 0x80, 0x65, 0x00, 0x00,
  0x00, 0x00, 0x00, 0x00, 0x00, 0xb8, 0x3c, 0x00, 0x43, 0xb5, 0x00, 0x00,
  0x00, 0x00, 0x00, 0x00, 0x00, 0x00, 0x10, 0xbf, 0x78, 0xbd, 0x0a, 0x00,
  0x00, 0x00, 0x00, 0x00, 0x00, 0x00, 0x00, 0x00, 0x0e, 0x78, 0x09, 0x00,
  0x00, 0x00, 0x00, 0x00, 0x00, 0x00, 0x00, 0x00, 0x2c, 0x43, 0x08, 0x4e,
  0x24, 0x00, 0x00, 0x00, 0x00, 0x00, 0x00, 0x00, 0x4a, 0xb7, 0x8f, 0xe6,
  0x87, 0xbc, 0x40, 0x00, 0x00, 0x00, 0x00, 0x00, 0x00, 0xac, 0x06, 0x25,
  0xff, 0x24, 0x10, 0xa7, 0x00, 0x00, 0x00, 0x00, 0x00, 0x00, 0xa6, 0x0a,
  0x05, 0x7f, 0x05, 0x0b, 0xa7, 0x00, 0x00, 0x00, 0x00, 0x00, 0x00, 0x66,
  0x7d, 0x00, 0x00, 0x00, 0x80, 0x65, 0x00, 0x00, 0x00, 0x00, 0x00, 0x00,
  0x00, 0xb8, 0x3c, 0x00, 0x43, 0xb5, 0x00, 0x00, 0x00, 0x00, 0x00, 0x00,
  0x00, 0x00, 0x10, 0xbf, 0x78, 0xbd, 0x0a, 0x00, 0x00, 0x00, 0x00, 0x00,
  0x00, 0x00, 0x00, 0x00, 0x0e, 0x78, 0x09, 0x00, 0x00, 0x00, 0x00, 0x00,
  0x00, 0x00, 0x00, 0x00, 0x2c, 0x43, 0x08, 0x4e, 0x24, 0x00, 0x00, 0x00,
  0x00, 0x00, 0x00, 0x00, 0x4a, 0xb7, 0x8f, 0xe6, 0x87, 0xbc, 0x40, 0x00,
  0x00, 0x00, 0x00, 0x00, 0x00, 0xac, 0x06, 0x25, 0xff, 0x24, 0x10, 0xa7,
  0x00, 0x00, 0x00, 0x00, 0x00, 0x00, 0xa6, 0x0a, 0x05, 0x7f, 0x05, 0x0b,
  0xa7, 0x00, 0x00, 0x00, 0x00, 0x00, 0x00, 0x66, 0x7d, 0x00, 0x00, 0x00,
  0x80, 0x65, 0x00, 0x00, 0x00, 0x00, 0x00, 0x00, 0x00, 0xb8, 0x3c, 0x00,
  0x43, 0xb5, 0x00, 0x00, 0x00, 0x00, 0x00, 0x00, 0x00, 0x00, 0x10, 0xbf,
  0x78, 0xbd, 0x0a, 0x00, 0x00, 0x00, 0x00, 0x00, 0x00, 0x00, 0x00, 0x00,
  0x0e, 0x78, 0x09, 0x00, 0x00, 0x00, 0x00, 0x00, 0x00, 0x00, 0x00, 0x00,
  0x2c, 0x43, 0x08, 0x4e, 0x24, 0x00, 0x00, 0x00, 0x00, 0x00, 0x00, 0x00,
  0x4a, 0xb7, 0x8f, 0xe6, 0x87, 0xbc, 0x40, 0x00, 0x00, 0x00, 0x00, 0x00,
  0x00, 0xac, 0x06, 0x25, 0xff, 0x24, 0x10, 0xa7, 0x00, 0x00, 0x00, 0x00,
  0x00, 0x00, 0xa6, 0x0a, 0x05, 0x7f, 0x05, 0x0b, 0xa7, 0x00, 0x00, 0x00,
  0x00, 0x00, 0x00, 0x66, 0x7d, 0x00, 0x00, 0x00, 0x80, 0x65, 0x00, 0x00,
  0x00, 0x00, 0x00, 0x00, 0x00, 0xb8, 0x3c, 0x00, 0x43, 0xb5, 0x00, 0x00,
  0x00, 0x00, 0x00, 0x00, 0x00, 0x00, 0x10, 0xbf, 0x78, 0xbd, 0x0a, 0x00,
  0x00, 0x00, 0x00, 0x00, 0x00, 0x00, 0x00, 0x00, 0x0e, 0x78, 0x09, 0x00,
  0x00, 0x00, 0x00, 0x00, 0x00, 0x00, 0x00, 0x00, 0x2c, 0x43, 0x08, 0x4e,
  0x24, 0x00, 0x00, 0x00, 0x00, 0x00, 0x00, 0x00, 0x4a, 0xb7, 0x8f, 0xe6,
  0x87, 0xbc, 0x40, 0x00, 0x00, 0x00, 0x00, 0x00, 0x00, 0xac, 0x06, 0x25,
  0xff, 0x24, 0x10, 0xa7, 0x00, 0x00, 0x00, 0x00, 0x00, 0x00, 0xa6, 0x0a,
  0x05, 0x7f, 0x05, 0x0b, 0xa7, 0x00, 0x00, 0x00, 0x00, 0x00, 0x00, 0x66,
  0x7d, 0x00, 0x00, 0x00, 0x80, 0x65, 0x00, 0x00, 0x00, 0x00, 0x00, 0x00,
  0x00, 0xb8, 0x3c, 0x00, 0x43, 0xb5, 0x00, 0x00, 0x00, 0x00, 0x00, 0x00,
  0x00, 0x00, 0x10, 0xbf, 0x78, 0xbd, 0x0a, 0x00, 0x00, 0x00, 0x00, 0x00,
  0x00, 0x00, 0x00, 0x00, 0x0e, 0x78, 0x09, 0x00, 0x00, 0x00, 0x00, 0x00,
  0x00, 0x00, 0x00, 0x00, 0x2c, 0x43, 0x08, 0x4e, 0x24, 0x00, 0x00, 0x00,
  0x00, 0x00, 0x00, 0x00, 0x4a, 0xb7, 0x8f, 0xe6, 0x87, 0xbc, 0x40, 0x00,
  0x00, 0x00, 0x00, 0x00, 0x00, 0xac, 0x06, 0x25, 0xff, 0x24, 0x10, 0xa7,
  0x00, 0x00, 0x00, 0x00, 0x00, 0x00, 0xa6, 0x0a, 0x05, 0x7f, 0x05, 0x0b,
  0xa7, 0x00, 0x00, 0x00, 0x00, 0x00, 0x00, 0x66, 0x7d, 0x00, 0x00, 0x00,
  0x80, 0x65, 0x00, 0x00, 0x00, 0x00, 0x00, 0x00, 0x00, 0xb8, 0x3c, 0x00,
  0x43, 0xb5, 0x00, 0x00, 0x00, 0x00, 0x00, 0x00, 0x00, 0x00, 0x10, 0xbf,
  0x78, 0xbd, 0x0a, 0x00, 0x00, 0x00, 0x00, 0x00, 0x00, 0x00, 0x00, 0x00,
  0x0e, 0x78, 0x09, 0x00, 0x00, 0x00, 0x00, 0x00, 0x00, 0x00, 0x00, 0x00,
  0x2c, 0x43, 0x08, 0x4e, 0x24, 0x00, 0x00, 0x00, 0x00, 0x00, 0x00, 0x00,
  0x4a, 0xb7, 0x8f, 0xe6, 0x87, 0xbc, 0x40, 0x00, 0x00, 0x00, 0x00, 0x00,
  0x00, 0xac, 0x06, 0x25, 0xff, 0x24, 0x10, 0xa7, 0x00, 0x00, 0x00, 0x00,
  0x00, 0x00, 0xa6, 0x0a, 0x05, 0x7f, 0x05, 0x0b, 0xa7, 0x00, 0x00, 0x00,
  0x00, 0x00, 0x00, 0x66, 0x7d, 0x00, 0x00, 0x00, 0x80, 0x65, 0x00, 0x00,
  0x00, 0x00, 0x00, 0x00, 0x00, 0xb8, 0x3c, 0x00, 0x43, 0xb5, 0x00, 0x00,
  0x00, 0x00, 0x00, 0x00, 0x00, 0x00, 0x10, 0xbf, 0x78, 0xbd, 0x0a, 0x00,
  0x00, 0x00, 0x00, 0x00, 0x00, 0x00, 0x00, 0x00, 0x0e, 0x78, 0x09, 0x00,
  0x00, 0x00, 0x00, 0x00, 0x00, 0x00, 0x00, 0x00, 0x2c, 0x43, 0x08, 0x4e,
  0x24, 0x00, 0x00, 0x00, 0x00, 0x00, 0x00, 0x00, 0x4a, 0xb7, 0x8f, 0xe6,
  0x87, 0xbc, 0x40, 0x00, 0x00, 0x00, 0x00, 0x00, 0x00, 0xac, 0x06, 0x25,
  0xff, 0x24, 0x10, 0xa7, 0x00, 0x00, 0x00, 0x00, 0x00, 0x00, 0xa6, 0x0a,
  0x05, 0x7f, 0x05, 0x0b, 0xa7, 0x00, 0x00, 0x00, 0x00, 0x00, 0x00, 0x66,
  0x7d, 0x00, 0x00, 0x00, 0x80, 0x65, 0x00, 0x00, 0x00, 0x00, 0x00, 0x00,
  0x00, 0xb8, 0x3c, 0x00, 0x43, 0xb5, 0x00, 0x00, 0x00, 0x00, 0x00, 0x00,
  0x00, 0x00, 0x10, 0xbf, 0x78, 0xbd, 0x0a, 0x00, 0x00, 0x00, 0x00, 0x00,
  0x00, 0x00, 0x00, 0x00, 0x0e, 0x78, 0x09, 0x00, 0x00, 0x00, 0x00, 0x00,
  0x00, 0x00, 0x00, 0x00, 0x2c, 0x43, 0x08, 0x4e, 0x24, 0x00, 0x00, 0x00,
  0x00, 0x00, 0x00, 0x00, 0x4a, 0xb7, 0x8f, 0xe6, 0x87, 0xbc, 0x40, 0x00,
  0x00, 0x00, 0x00, 0x00, 0x00, 0xac, 0x06, 0x25, 0xff, 0x24, 0x10, 0xa7,
  0x00, 0x00, 0x00, 0x00, 0x00, 0x00, 0xa6, 0x0a, 0x05, 0x7f, 0x05, 0x0b,
  0xa7, 0x00, 0x00, 0x00, 0x00, 0x00, 0x00, 0x66, 0x7d, 0x00, 0x00, 0x00,
  0x80, 0x65, 0x00, 0x00, 0x00, 0x00, 0x00, 0x00, 0x00, 0xb8, 0x3c, 0x00,
  0x43, 0xb5, 0x00, 0x00, 0x00, 0x00, 0x00, 0x00, 0x00, 0x00, 0x10, 0xbf,
  0x78, 0xbd, 0x0a, 0x00, 0x00, 0x00, 0x00, 0x00, 0x00, 0x00, 0x00, 0x00,
  0x0e, 0x78, 0x09, 0x00, 0x00, 0x00, 0x00, 0x00, 0x00, 0x00, 0x00, 0x00,
  0x2c, 0x43, 0x08, 0x4e, 0x24, 0x00, 0x00, 0x00, 0x00, 0x00, 0x00, 0x00,
  0x4a, 0xb7, 0x8f, 0xe6, 0x87, 0xbc, 0x40, 0x00, 0x00, 0x00, 0x00, 0x00,
  0x00, 0xac, 0x06, 0x25, 0xff, 0x24, 0x10, 0xa7, 0x00, 0x00, 0x00, 0x00,
  0x00, 0x00, 0xa6, 0x0a, 0x05, 0x7f, 0x05, 0x0b, 0xa7, 0x00, 0x00, 0x00,
  0x00, 0x00, 0x00, 0x66, 0x7d, 0x00, 0x00, 0x00, 0x80, 0x65, 0x00, 0x00,
  0x00, 0x00, 0x00, 0x00, 0x00, 0xb8, 0x3c, 0x00, 0x43, 0xb5, 0x00, 0x00,
  0x00, 0x00, 0x00, 0x00, 0x00, 0x00, 0x10, 0xbf, 0x78, 0xbd, 0x0a, 0x00,
  0x00, 0x00, 0x00, 0x00, 0x00, 0x00, 0x00, 0x00, 0x0e, 0x78, 0x09, 0x00,
  0x00, 0x00, 0x00, 0x00, 0x00, 0x00, 0x00, 0x00, 0x2c, 0x43, 0x08, 0x4e,
  0x24, 0x00, 0x00, 0x00, 0x00, 0x00, 0x00, 0x00, 0x4a, 0xb7, 0x8f, 0xe6,
  0x87, 0xbc, 0x40, 0x00, 0x00, 0x00, 0x00, 0x00, 0x00, 0xac, 0x06, 0x25,
  0xff, 0x24, 0x10, 0xa7, 0x00, 0x00, 0x00, 0x00, 0x00, 0x00, 0xa6, 0x0a,
  0x05, 0x7f, 0x05, 0x0b, 0xa7, 0x00, 0x00, 0x00, 0x00, 0x00, 0x00, 0x66,
  0x7d, 0x00, 0x00, 0x00, 0x80, 0x65, 0x00, 0x00, 0x00, 0x00, 0x00, 0x00,
  0x00, 0xb8, 0x3c, 0x00, 0x43, 0xb5, 0x00, 0x00, 0x00, 0x00, 0x00, 0x00,
  0x00, 0x00, 0x10, 0xbf, 0x78, 0xbd, 0x0a, 0x00, 0x00, 0x00, 0x00, 0x00,
  0x00, 0x00, 0x00, 0x00, 0x0e, 0x78, 0x09, 0x00, 0x00, 0x00, 0x00, 0x00,
  0x00, 0x00, 0x00, 0x00, 0x2c, 0x43, 0x08, 0x4e, 0x24, 0x00, 0x00, 0x00,
  0x00, 0x00, 0x00, 0x00, 0x4a, 0xb7, 0x8f, 0xe6, 0x87, 0xbc, 0x40, 0x00,
  0x00, 0x00, 0x00, 0x00, 0x00, 0xac, 0x06, 0x25, 0xff, 0x24, 0x10, 0xa7,
  0x00, 0x00, 0x00, 0x00, 0x00, 0x00, 0xa6, 0x0a, 0x05, 0x7f, 0x05, 0x0b,
  0xa7, 0x00, 0x00, 0x00, 0x00, 0x00, 0x00, 0x66, 0x7d, 0x00, 0x00, 0x00,
  0x80, 0x65, 0x00, 0x00, 0x00, 0x00, 0x00, 0x00, 0x00, 0xb8, 0x3c, 0x00,
  0x43, 0xb5, 0x00, 0x00, 0x00, 0x00, 0x00, 0x00, 0x00, 0x00, 0x10, 0xbf,
  0x78, 0xbd, 0x0a, 0x00, 0x00, 0x00, 0x00, 0x00, 0x00, 0x00, 0x00, 0x00,
  0x0e, 0x78, 0x09, 0x00, 0x00, 0x00, 0x00, 0x00, 0x00, 0x00, 0x00, 0x00,
  0x2c, 0x43, 0x08, 0x4e, 0x24, 0x00, 0x00, 0x00, 0x00, 0x00, 0x00, 0x00,
  0x4a, 0xb7, 0x8f, 0xe6, 0x87, 0xbc, 0x40, 0x00, 0x00, 0x00, 0x00, 0x00,
  0x00, 0xac, 0x06, 0x25, 0xff, 0x24, 0x10, 0xa7, 0x00, 0x00, 0x00, 0x00,
  0x00, 0x00, 0xa6, 0x0a, 0x05, 0x7f, 0x05, 0x0b, 0xa7, 0x00, 0x00, 0x00,
  0x00, 0x00, 0x00, 0x66, 0x7d, 0x00, 0x00, 0x00, 0x80, 0x65, 0x00, 0x00,
  0x00, 0x00, 0x00, 0x00, 0x00, 0xb8, 0x3c, 0x00, 0x43, 0xb5, 0x00, 0x00,
  0x00, 0x00, 0x00, 0x00, 0x00, 0x00, 0x10, 0xbf, 0x78, 0xbd, 0x0a, 0x00,
  0x00, 0x00, 0x00, 0x00, 0x00, 0x00, 0x00, 0x00, 0x0e, 0x78, 0x09, 0x00,
  0x00, 0x00, 0x00, 0x00, 0x00, 0x00, 0x00, 0x00, 0x2c, 0x43, 0x08, 0x4e,
  0x24, 0x00, 0x00, 0x00, 0x00, 0x00, 0x00, 0x00, 0x4a, 0xb7, 0x8f, 0xe6,
  0x87, 0xbc, 0x40, 0x00, 0x00, 0x00, 0x00, 0x00, 0x00, 0xac, 0x06, 0x25,
  0xff, 0x24, 0x10, 0xa7, 0x00, 0x00, 0x00, 0x00, 0x00, 0x00, 0xa6, 0x0a,
  0x05, 0x7f, 0x05, 0x0b, 0xa7, 0x00, 0x00, 0x00, 0x00, 0x00, 0x00, 0x66,
  0x7d, 0x00, 0x00, 0x00, 0x80, 0x65, 0x00, 0x00, 0x00, 0x00, 0x00, 0x00,
  0x00, 0xb8, 0x3c, 0x00, 0x43, 0xb5, 0x00, 0x00, 0x00, 0x00, 0x00, 0x00,
  0x00, 0x00, 0x10, 0xbf, 0x78, 0xbd, 0x0a, 0x00, 0x00, 0x00, 0x00, 0x00,
  0x00, 0x00, 0x00, 0x00, 0x0e, 0x78, 0x09, 0x00, 0x00, 0x00, 0x00, 0x00,
  0x00, 0x00, 0x00, 0x00, 0x2c, 0x43, 0x08, 0x4e, 0x24, 0x00, 0x00, 0x00,
  0x00, 0x00, 0x00, 0x00, 0x4a, 0xb7, 0x8f, 0xe6, 0x87, 0xbc, 0x40, 0x00,
  0x00, 0x00, 0x00, 0x00, 0x00, 0xac, 0x06, 0x25, 0xff, 0x24, 0x10, 0xa7,
  0x00, 0x00, 0x00, 0x00, 0x00, 0x00, 0xa6, 0x0a, 0x05, 0x7f, 0x05, 0x0b,
  0xa7, 0x00, 0x00, 0x00, 0x00, 0x00, 0x00, 0x66, 0x7d, 0x00, 0x00, 0x00,
  0x80, 0x65, 0x00, 0x00, 0x00, 0x00, 0x00, 0x00, 0x00, 0xb8, 0x3c, 0x00,
  0x43, 0xb5, 0x00, 0x00, 0x00, 0x00, 0x00, 0x00, 0x00, 0x00, 0x10, 0xbf,
  0x78, 0xbd, 0x0a, 0x00, 0x00, 0x00, 0x00, 0x00, 0x00, 0x00, 0x00, 0x00,
  0x0e, 0x78, 0x09, 0x00, 0x00, 0x00, 0x00, 0x00, 0x00, 0x00, 0x00, 0x00,
  0x2c, 0x43, 0x08, 0x4e, 0x24, 0x00, 0x00, 0x00, 0x00, 0x00, 0x00, 0x00,
  0x4a, 0xb7, 0x8f, 0xe6, 0x87, 0xbc, 0x40, 0x00, 0x00, 0x00, 0x00, 0x00,
  0x00, 0xac, 0x06, 0x25, 0xff, 0x24, 0x10, 0xa7, 0x00, 0x00, 0x00, 0x00,
  0x00, 0x00, 0xa6, 0x0a, 0x05, 0x7f, 0x05, 0x0b, 0xa7, 0x00, 0x00, 0x00,
  0x00, 0x00, 0x00, 0x66, 0x7d, 0x00, 0x00, 0x00, 0x80, 0x65, 0x00, 0x00,
  0x00, 0x00, 0x00, 0x00, 0x00, 0xb8, 0x3c, 0x00, 0x43, 0xb5, 0x00, 0x00,
  0x00, 0x00, 0x00, 0x00, 0x00, 0x00, 0x10, 0xbf, 0x78, 0xbd, 0x0a, 0x00,
  0x00, 0x00, 0x00, 0x00, 0x00, 0x00, 0x00, 0x00, 0x0e, 0x78, 0x09, 0x00,
  0x00, 0x00, 0x00, 0x00, 0x00, 0x00, 0x00, 0x00, 0x2c, 0x43, 0x08, 0x4e,
  0x24, 0x00, 0x00, 0x00, 0x00, 0x00, 0x00, 0x00, 0x4a, 0xb7, 0x8f, 0xe6,
  0x87, 0xbc, 0x40, 0x00, 0x00, 0x00, 0x00, 0x00, 0x00, 0xac, 0x06, 0x25,
  0xff, 0x24, 0x10, 0xa7, 0x00, 0x00, 0x00, 0x00, 0x00, 0x00, 0xa6, 0x0a,
  0x05, 0x7f, 0x05, 0x0b, 0xa7, 0x00, 0x00, 0x00, 0x00, 0x00, 0x00, 0x66,
  0x7d, 0x00, 0x00, 0x00, 0x80, 0x65, 0x00, 0x00, 0x00, 0x00, 0x00, 0x00,
  0x00, 0xb8, 0x3c, 0x00, 0x43, 0xb5, 0x00, 0x00, 0x00, 0x00, 0x00, 0x00,
  0x00, 0x00, 0x10, 0xbf, 0x78, 0xbd, 0x0a, 0x00, 0x00, 0x00, 0x00, 0x00,
  0x00, 0x00, 0x00, 0x00, 0x0e, 0x78, 0x09, 0x00, 0x00, 0x00, 0x00, 0x00,
  0x00, 0x00, 0x00, 0x00, 0x2c, 0x43, 0x08, 0x4e, 0x24, 0x00, 0x00, 0x00,
  0x00, 0x00, 0x00, 0x00, 0x4a, 0xb7, 0x8f, 0xe6, 0x87, 0xbc, 0x40, 0x00,
  0x00, 0x00, 0x00, 0x00, 0x00, 0xac, 0x06, 0x25, 0xff, 0x24, 0x10, 0xa7,
  0x00, 0x00, 0x00, 0x00, 0x00, 0x00, 0xa6, 0x0a, 0x05, 0x7f, 0x05, 0x0b,
  0xa7, 0x00, 0x00, 0x00, 0x00, 0x00, 0x00, 0x66, 0x7d, 0x00, 0x00, 0x00,
  0x80, 0x65, 0x00, 0x00, 0x00, 0x00, 0x00, 0x00, 0x00, 0xb8, 0x3c, 0x00,
  0x43, 0xb5, 0x00, 0x00, 0x00, 0x00, 0x00, 0x00, 0x00, 0x00, 0x10, 0xbf,
  0x78, 0xbd, 0x0a, 0x00, 0x00, 0x00, 0x00, 0x00, 0x00, 0x00, 0x00, 0x00,
  0x0e, 0x78, 0x09, 0x00, 0x00, 0x00, 0x00, 0x00, 0x00, 0x00, 0x00, 0x00,
  0x2c, 0x43, 0x08, 0x4e, 0x24, 0x00, 0x00, 0x00, 0x00, 0x00, 0x00, 0x00,
  0x4a, 0xb7, 0x8f, 0xe6, 0x87, 0xbc, 0x40, 0x00, 0x00, 0x00, 0x00, 0x00,
  0x00, 0xac, 0x06, 0x25, 0xff, 0x24, 0x10, 0xa7, 0x00, 0x00, 0x00, 0x00,
  0x00, 0x00, 0xa6, 0x0a, 0x05, 0x7f, 0x05, 0x0b, 0xa7, 0x00, 0x00, 0x00,
  0x00, 0x00, 0x00, 0x66, 0x7d, 0x00, 0x00, 0x00, 0x80, 0x65, 0x00, 0x00,
  0x00, 0x00, 0x00, 0x00, 0x00, 0xb8, 0x3c, 0x00, 0x43, 0xb5, 0x00, 0x00,
  0x00, 0x00, 0x00, 0x00, 0x00, 0x00, 0x10, 0xbf, 0x78, 0xbd, 0x0a, 0x00,
  0x00, 0x00, 0x00, 0x00, 0x00, 0x00, 0x00, 0x00, 0x0e, 0x78, 0x09, 0x00,
  0x00, 0x00, 0x00, 0x00, 0x00, 0x00, 0x00, 0x00, 0x2c, 0x43, 0x08, 0x4e,
  0x24, 0x00, 0x00, 0x00, 0x00, 0x00, 0x00, 0x00, 0x4a, 0xb7, 0x8f, 0xe6,
  0x87, 0xbc, 0x40, 0x00, 0x00, 0x00, 0x00, 0x00, 0x00, 0xac, 0x06, 0x25,
  0xff, 0x24, 0x10, 0xa7, 0x00, 0x00, 0x00, 0x00, 0x00, 0x00, 0xa6, 0x0a,
  0x05, 0x7f, 0x05, 0x0b, 0xa7, 0x00, 0x00, 0x00, 0x00, 0x00, 0x00, 0x66,
  0x7d, 0x00, 0x00, 0x00, 0x80, 0x65, 0x00, 0x00, 0x00, 0x00, 0x00, 0x00,
  0x00, 0xb8, 0x3c, 0x00, 0x43, 0xb5, 0x00, 0x00, 0x00, 0x00, 0x00, 0x00,
  0x00, 0x00, 0x10, 0xbf, 0x78, 0xbd, 0x0a, 0x00, 0x00, 0x00, 0x00, 0x00,
  0x00, 0x00, 0x00, 0x00, 0x0e, 0x78, 0x09, 0x00, 0x00, 0x00, 0x00, 0x00,
  0x00, 0x00, 0x00, 0x00, 0x2c, 0x43, 0x08, 0x4e, 0x24, 0x00, 0x00, 0x00,
  0x00, 0x00, 0x00, 0x00, 0x4a, 0xb7, 0x8f, 0xe6, 0x87, 0xbc, 0x40, 0x00,
  0x00, 0x00, 0x00, 0x00, 0x00, 0xac, 0x06, 0x25, 0xff, 0x24, 0x10, 0xa7,
  0x00, 0x00, 0x00, 0x00, 0x00, 0x00, 0xa6, 0x0a, 0x05, 0x7f, 0x05, 0x0b,
  0xa7, 0x00, 0x00, 0x00, 0x00, 0x00, 0x00, 0x66, 0x7d, 0x00, 0x00, 0x00,
  0x80, 0x65, 0x00, 0x00, 0x00, 0x00, 0x00, 0x00, 0x00, 0xb8, 0x3c, 0x00,
  0x43, 0xb5, 0x00, 0x00, 0x00, 0x00, 0x00, 0x00, 0x00, 0x00, 0x10, 0xbf,
  0x78, 0xbd, 0x0a, 0x00, 0x00, 0x00, 0x00, 0x00, 0x00, 0x00, 0x00, 0x00,
  0x0e, 0x78, 0x09, 0x00, 0x00, 0x00, 0x00, 0x00, 0x00, 0x00, 0x00, 0x00,
  0x2c, 0x43, 0x08, 0x4e, 0x24, 0x00, 0x00, 0x00, 0x00, 0x00, 0x00, 0x00,
  0x4a, 0xb7, 0x8f, 0xe6, 0x87, 0xbc, 0x40, 0x00, 0x00, 0x00, 0x00, 0x00,
  0x00, 0xac, 0x06, 0x25, 0xff, 0x24, 0x10, 0xa7, 0x00, 0x00, 0x00, 0x00,
  0x00, 0x00, 0xa6, 0x0a, 0x05, 0x7f, 0x05, 0x0b, 0xa7, 0x00, 0x00, 0x00,
  0x00, 0x00, 0x00, 0x66, 0x7d, 0x00, 0x00, 0x00, 0x80, 0x65, 0x00, 0x00,
  0x00, 0x00, 0x00, 0x00, 0x00, 0xb8, 0x3c, 0x00, 0x43, 0xb5, 0x00, 0x00,
  0x00, 0x00, 0x00, 0x00, 0x00, 0x00, 0x10, 0xbf, 0x78, 0xbd, 0x0a, 0x00,
  0x00, 0x00, 0x00, 0x00, 0x00, 0x00, 0x00, 0x00, 0x0e, 0x78, 0x09, 0x00,
  0x00, 0x00, 0x00, 0x00, 0x00, 0x00, 0x00, 0x00, 0x2c, 0x43, 0x08, 0x4e,
  0x24, 0x00, 0x00, 0x00, 0x00, 0x00, 0x00, 0x00, 0x4a, 0xb7, 0x8f, 0xe6,
  0x87, 0xbc, 0x40, 0x00, 0x00, 0x00, 0x00, 0x00, 0x00, 0xac, 0x06, 0x25,
  0xff, 0x24, 0x10, 0xa7, 0x00, 0x00, 0x00, 0x00, 0x00, 0x00, 0xa6, 0x0a,
  0x05, 0x7f, 0x05, 0x0b, 0xa7, 0x00, 0x00, 0x00, 0x00, 0x00, 0x00, 0x66,
  0x7d, 0x00, 0x00, 0x00, 0x80, 0x65, 0x00, 0x00, 0x00, 0x00, 0x00, 0x00,
  0x00, 0xb8, 0x3c, 0x00, 0x43, 0xb5, 0x00, 0x00, 0x00, 0x00, 0x00, 0x00,
  0x00, 0x00, 0x10, 0xbf, 0x78, 0xbd, 0x0a, 0x00, 0x00, 0x00, 0x00, 0x00,
  0x00, 0x00, 0x00, 0x00, 0x0e, 0x78, 0x09, 0x00, 0x00, 0x00, 0x00, 0x00,
  0x00, 0x00, 0x00, 0x00, 0x2c, 0x43, 0x08, 0x4e, 0x24, 0x00, 0x00, 0x00,
  0x00, 0x00, 0x00, 0x00, 0x4a, 0xb7, 0x8f, 0xe6, 0x87, 0xbc, 0x40, 0x00,
  0x00, 0x00, 0x00, 0x00, 0x00, 0xac, 0x06, 0x25, 0xff, 0x24, 0x10, 0xa7,
  0x00, 0x00, 0x00, 0x00, 0x00, 0x00, 0xa6, 0x0a, 0x05, 0x7f, 0x05, 0x0b,
  0xa7, 0x00, 0x00, 0x00, 0x00, 0x00, 0x00, 0x66, 0x7d, 0x00, 0x00, 0x00,
  0x80, 0x65, 0x00, 0x00, 0x00, 0x00, 0x00, 0x00, 0x00, 0xb8, 0x3c, 0x00,
  0x43, 0xb5, 0x00, 0x00, 0x00, 0x00, 0x00, 0x00, 0x00, 0x00, 0x10, 0xbf,
  0x78, 0xbd, 0x0a, 0x00, 0x00, 0x00, 0x00, 0x00, 0x00, 0x00, 0x00, 0x00,
  0x0e, 0x78, 0x09, 0x00, 0x00, 0x00, 0x00, 0x00, 0x00, 0x00, 0x00, 0x00,
  0x2c, 0x43, 0x08, 0x4e, 0x24, 0x00, 0x00, 0x00, 0x00, 0x00, 0x00, 0x00,
  0x4a, 0xb7, 0x8f, 0xe6, 0x87, 0xbc, 0x40, 0x00, 0x00, 0x00, 0x00, 0x00,
  0x00, 0xac, 0x06, 0x25, 0xff, 0x24, 0x10, 0xa7, 0x00, 0x00, 0x00, 0x00,
  0x00, 0x00, 0xa6, 0x0a, 0x05, 0x7f, 0x05, 0x0b, 0xa7, 0x00, 0x00, 0x00,
  0x00, 0x00, 0x00, 0x66, 0x7d, 0x00, 0x00, 0x00, 0x80, 0x65, 0x00, 0x00,
  0x00, 0x00, 0x00, 0x00, 0x00, 0xb8, 0x3c, 0x00, 0x43, 0xb5, 0x00, 0x00,
  0x00, 0x00, 0x00, 0x00, 0x00, 0x00, 0x10, 0xbf, 0x78, 0xbd, 0x0a, 0x00,
  0x00, 0x00, 0x00, 0x00, 0x00, 0x00, 0x00, 0x00, 0x0e, 0x78, 0x09, 0x00,
  0x00, 0x00, 0x00, 0x00, 0x00, 0x00, 0x00, 0x00, 0x2c, 0x43, 0x08, 0x4e,
  0x24, 0x00, 0x00, 0x00, 0x00, 0x00, 0x00, 0x00, 0x4a, 0xb7, 0x8f, 0xe6,
  0x87, 0xbc, 0x40, 0x00, 0x00, 0x00, 0x00, 0x00, 0x00, 0xac, 0x06, 0x25,
  0xff, 0x24, 0x10, 0xa7, 0x00, 0x00, 0x00, 0x00, 0x00, 0x00, 0xa6, 0x0a,
  0x05, 0x7f, 0x05, 0x0b, 0xa7, 0x00, 0x00, 0x00, 0x00, 0x00, 0x00, 0x66,
  0x7d, 0x00, 0x00, 0x00, 0x80, 0x65, 0x00, 0x00, 0x00, 0x00, 0x00, 0x00,
  0x00, 0xb8, 0x3c, 0x00, 0x43, 0xb5, 0x00, 0x00, 0x00, 0x00, 0x00, 0x00,
  0x00, 0x00, 0x10, 0xbf, 0x78, 0xbd, 0x0a, 0x00, 0x00, 0x00, 0x00, 0x00,
  0x00, 0x00, 0x00, 0x00, 0x0e, 0x78, 0x09, 0x00, 0x00, 0x00, 0x00, 0x00,
  0x00, 0x00, 0x00, 0x00, 0x2c, 0x43, 0x08, 0x4e, 0x24, 0x00, 0x00, 0x00,
  0x00, 0x00, 0x00, 0x00, 0x4a, 0xb7, 0x8f, 0xe6, 0x87, 0xbc, 0x40, 0x00,
  0x00, 0x00, 0x00, 0x00, 0x00, 0xac, 0x06, 0x25, 0xff, 0x24, 0x10, 0xa7,
  0x00, 0x00, 0x00, 0x00, 0x00, 0x00, 0xa6, 0x0a, 0x05, 0x7f, 0x05, 0x0b,
  0xa7, 0x00, 0x00, 0x00, 0x00, 0x00, 0x00, 0x66, 0x7d, 0x00, 0x00, 0x00,
  0x80, 0x65, 0x00, 0x00, 0x00, 0x00, 0x00, 0x00, 0x00, 0xb8, 0x3c, 0x00,
  0x43, 0xb5, 0x00, 0x00, 0x00, 0x00, 0x00, 0x00, 0x00, 0x00, 0x10, 0xbf,
  0x78, 0xbd, 0x0a, 0x00, 0x00, 0x00, 0x00, 0x00, 0x00, 0x00, 0x00, 0x00,
  0x0e, 0x78, 0x09, 0x00, 0x00, 0x00, 0x00, 0x00, 0x00, 0x00, 0x00, 0x00,
  0x2c, 0x43, 0x08, 0x4e, 0x24, 0x00, 0x00, 0x00, 0x00, 0x00, 0x00, 0x00,
  0x4a, 0xb7, 0x8f, 0xe6, 0x87, 0xbc, 0x40, 0x00, 0x00, 0x00, 0x00, 0x00,
  0x00, 0xac, 0x06, 0x25, 0xff, 0x24, 0x10, 0xa7, 0x00, 0x00, 0x00, 0x00,
  0x00, 0x00, 0xa6, 0x0a, 0x05, 0x7f, 0x05, 0x0b, 0xa7, 0x00, 0x00, 0x00,
  0x00, 0x00, 0x00, 0x66, 0x7d, 0x00, 0x00, 0x00, 0x80, 0x65, 0x00, 0x00,
  0x00, 0x00, 0x00, 0x00, 0x00, 0xb8, 0x3c, 0x00, 0x43, 0xb5, 0x00, 0x00,
  0x00, 0x00, 0x00, 0x00, 0x00, 0x00, 0x10, 0xbf, 0x78, 0xbd, 0x0a, 0x00,
  0x00, 0x00, 0x00, 0x00, 0x00, 0x00, 0x00, 0x00, 0x0e, 0x78, 0x09, 0x00,
  0x00, 0x00, 0x00, 0x00, 0x00, 0x00, 0x00, 0x00, 0x2c, 0x43, 0x08, 0x4e,
  0x24, 0x00, 0x00, 0x00, 0x00, 0x00, 0x00, 0x00, 0x4a, 0xb7, 0x8f, 0xe6,
  0x87, 0xbc, 0x40, 0x00, 0x00, 0x00, 0x00, 0x00, 0x00, 0xac, 0x06, 0x25,
  0xff, 0x24, 0x10, 0xa7, 0x00, 0x00, 0x00, 0x00, 0x00, 0x00, 0xa6, 0x0a,
  0x05, 0x7f, 0x05, 0x0b, 0xa7, 0x00, 0x00, 0x00, 0x00, 0x00, 0x00, 0x66,
  0x7d, 0x00, 0x00, 0x00, 0x80, 0x65, 0x00, 0x00, 0x00, 0x00, 0x00, 0x00,
  0x00, 0xb8, 0x3c, 0x00, 0x43, 0xb5, 0x00, 0x00, 0x00, 0x00, 0x00, 0x00,
  0x00, 0x00, 0x10, 0xbf, 0x78, 0xbd, 0x0a, 0x00, 0x00, 0x00, 0x00, 0x00,
  0x00, 0x00, 0x00, 0x00, 0x0e, 0x78, 0x09, 0x00, 0x00, 0x00, 0x00, 0x00,
  0x00, 0x00, 0x00, 0x00, 0x2c, 0x43, 0x08, 0x4e, 0x24, 0x00, 0x00, 0x00,
  0x00, 0x00, 0x00, 0x00, 0x4a, 0xb7, 0x8f, 0xe6, 0x87, 0xbc, 0x40, 0x00,
  0x00, 0x00, 0x00, 0x00, 0x00, 0xac, 0x06, 0x25, 0xff, 0x24, 0x10, 0xa7,
  0x00, 0x00, 0x00, 0x00, 0x00, 0x00, 0xa6, 0x0a, 0x05, 0x7f, 0x05, 0x0b,
  0xa7, 0x00, 0x00, 0x00, 0x00, 0x00, 0x00, 0x66, 0x7d, 0x00, 0x00, 0x00,
  0x80, 0x65, 0x00, 0x00, 0x00, 0x00, 0x00, 0x00, 0x00, 0xb8, 0x3c, 0x00,
  0x43, 0xb5, 0x00, 0x00, 0x00, 0x00, 0x00, 0x00, 0x00, 0x00, 0x10, 0xbf,
  0x78, 0xbd, 0x0a, 0x00, 0x00, 0x00, 0x00, 0x00, 0x00, 0x00, 0x00, 0x00,
  0x0e, 0x78, 0x09, 0x00, 0x00, 0x00, 0x00, 0x00, 0x00, 0x00, 0x00, 0x00,
  0x2c, 0x43, 0x08, 0x4e, 0x24, 0x00, 0x00, 0x00, 0x00, 0x00, 0x00, 0x00,
  0x4a, 0xb7, 0x8f, 0xe6, 0x87, 0xbc, 0x40, 0x00, 0x00, 0x00, 0x00, 0x00,
  0x00, 0xac, 0x06, 0x25, 0xff, 0x24, 0x10, 0xa7, 0x00, 0x00, 0x00, 0x00,
  0x00, 0x00, 0xa6, 0x0a, 0x05, 0x7f, 0x05, 0x0b, 0xa7, 0x00, 0x00, 0x00,
  0x00, 0x00, 0x00, 0x66, 0x7d, 0x00, 0x00, 0x00, 0x80, 0x65, 0x00, 0x00,
  0x00, 0x00, 0x00, 0x00, 0x00, 0xb8, 0x3c, 0x00, 0x43, 0xb5, 0x00, 0x00,
  0x00, 0x00, 0x00, 0x00, 0x00, 0x00, 0x10, 0xbf, 0x78, 0xbd, 0x0a, 0x00,
  0x00, 0x00, 0x00, 0x00, 0x00, 0x00, 0x00, 0x00, 0x0e, 0x78, 0x09, 0x00,
  0x00, 0x00, 0x00, 0x00, 0x00, 0x00, 0x00, 0x00, 0x2c, 0x43, 0x08, 0x4e,
  0x24, 0x00, 0x00, 0x00, 0x00, 0x00, 0x00, 0x00, 0x4a, 0xb7, 0x8f, 0xe6,
  0x87, 0xbc, 0x40, 0x00, 0x00, 0x00, 0x00, 0x00, 0x00, 0xac, 0x06, 0x25,
  0xff, 0x24, 0x10, 0xa7, 0x00, 0x00, 0x00, 0x00, 0x00, 0x00, 0xa6, 0x0a,
  0x05, 0x7f, 0x05, 0x0b, 0xa7, 0x00, 0x00, 0x00, 0x00, 0x00, 0x00, 0x66,
  0x7d, 0x00, 0x00, 0x00, 0x80, 0x65, 0x00, 0x00, 0x00, 0x00, 0x00, 0x00,
  0x00, 0xb8, 0x3c, 0x00, 0x43, 0xb5, 0x00, 0x00, 0x00, 0x00, 0x00, 0x00,
  0x00, 0x00, 0x10, 0xbf, 0x78, 0xbd, 0x0a, 0x00, 0x00, 0x00, 0x00, 0x00,
  0x00, 0x00, 0x00, 0x00, 0x0e, 0x78, 0x09, 0x00, 0x00, 0x00, 0x00, 0x00,
  0x00, 0x00, 0x00, 0x00, 0x2c, 0x43, 0x08, 0x4e, 0x24, 0x00, 0x00, 0x00,
  0x00, 0x00, 0x00, 0x00, 0x4a, 0xb7, 0x8f, 0xe6, 0x87, 0xbc, 0x40, 0x00,
  0x00, 0x00, 0x00, 0x00, 0x00, 0xac, 0x06, 0x25, 0xff, 0x24, 0x10, 0xa7,
  0x00, 0x00, 0x00, 0x00, 0x00, 0x00, 0xa6, 0x0a, 0x05, 0x7f, 0x05, 0x0b,
  0xa7, 0x00, 0x00, 0x00, 0x00, 0x00, 0x00, 0x66, 0x7d, 0x00, 0x00, 0x00,
  0x80, 0x65, 0x00, 0x00, 0x00, 0x00, 0x00, 0x00, 0x00, 0xb8, 0x3c, 0x00,
  0x43, 0xb5, 0x00, 0x00, 0x00, 0x00, 0x00, 0x00, 0x00, 0x00, 0x10, 0xbf,
  0x78, 0xbd, 0x0a, 0x00, 0x00, 0x00, 0x00, 0x00, 0x00, 0x00, 0x00, 0x00,
  0x0e, 0x78, 0x09, 0x00, 0x00, 0x00, 0x00, 0x00, 0x00, 0x00, 0x00, 0x00,
  0x2c, 0x43, 0x08, 0x4e, 0x24, 0x00, 0x00, 0x00, 0x00, 0x00, 0x00, 0x00,
  0x4a, 0xb7, 0x8f, 0xe6, 0x87, 0xbc, 0x40, 0x00, 0x00, 0x00, 0x00, 0x00,
  0x00, 0xac, 0x06, 0x25, 0xff, 0x24, 0x10, 0xa7, 0x00, 0x00, 0x00, 0x00,
  0x00, 0x00, 0xa6, 0x0a, 0x05, 0x7f, 0x05, 0x0b, 0xa7, 0x00, 0x00, 0x00,
  0x00, 0x00, 0x00, 0x66, 0x7d, 0x00, 0x00, 0x00, 0x80, 0x65, 0x00, 0x00,
  0x00, 0x00, 0x00, 0x00, 0x00, 0xb8, 0x3c, 0x00, 0x43, 0xb5, 0x00, 0x00,
  0x00, 0x00, 0x00, 0x00, 0x00, 0x00, 0x10, 0xbf, 0x78, 0xbd, 0x0a, 0x00,
  0x00, 0x00, 0x00, 0x00, 0x00, 0x00, 0x00, 0x00, 0x0e, 0x78, 0x09, 0x00,
  0x00, 0x00, 0x00, 0x00, 0x00, 0x00, 0x00, 0x00, 0x2c, 0x43, 0x08, 0x4e,
  0x24, 0x00, 0x00, 0x00, 0x00, 0x00, 0x00, 0x00, 0x4a, 0xb7, 0x8f, 0xe6,
  0x87, 0xbc, 0x40, 0x00, 0x00, 0x00, 0x00, 0x00, 0x00, 0xac, 0x06, 0x25,
  0xff, 0x24, 0x10, 0xa7, 0x00, 0x00, 0x00, 0x00, 0x00, 0x00, 0xa6, 0x0a,
  0x05, 0x7f, 0x05, 0x0b, 0xa7, 0x00, 0x00, 0x00, 0x00, 0x00, 0x00, 0x66,
  0x7d, 0x00, 0x00, 0x00, 0x80, 0x65, 0x00, 0x00, 0x00, 0x00, 0x00, 0x00,
  0x00, 0xb8, 0x3c, 0x00, 0x43, 0xb5, 0x00, 0x00, 0x00, 0x00, 0x00, 0x00,
  0x00, 0x00, 0x10, 0xbf, 0x78, 0xbd, 0x0a, 0x00, 0x00, 0x00, 0x00, 0x00,
  0x00, 0x00, 0x00, 0x00, 0x0e, 0x78, 0x09, 0x00, 0x00, 0x00, 0x00, 0x00,
  0x00, 0x00, 0x00, 0x00, 0x2c, 0x43, 0x08, 0x4e, 0x24, 0x00, 0x00, 0x00,
  0x00, 0x00, 0x00, 0x00, 0x4a, 0xb7, 0x8f, 0xe6, 0x87, 0xbc, 0x40, 0x00,
  0x00, 0x00, 0x00, 0x00, 0x00, 0xac, 0x06, 0x25, 0xff, 0x24, 0x10, 0xa7,
  0x00, 0x00, 0x00, 0x00, 0x00, 0x00, 0xa6, 0x0a, 0x05, 0x7f, 0x05, 0x0b,
  0xa7, 0x00, 0x00, 0x00, 0x00, 0x00, 0x00, 0x66, 0x7d, 0x00, 0x00, 0x00,
  0x80, 0x65, 0x00, 0x00, 0x00, 0x00, 0x00, 0x00, 0x00, 0xb8, 0x3c, 0x00,
  0x43, 0xb5, 0x00, 0x00, 0x00, 0x00, 0x00, 0x00, 0x00, 0x00, 0x10, 0xbf,
  0x78, 0xbd, 0x0a, 0x00, 0x00, 0x00, 0x00, 0x00, 0x00, 0x00, 0x00, 0x00,
  0x0e, 0x78, 0x09, 0x00, 0x00, 0x00, 0x00, 0x00, 0x00, 0x00, 0x00, 0x00,
  0x2c, 0x43, 0x08, 0x4e, 0x24, 0x00, 0x00, 0x00, 0x00, 0x00, 0x00, 0x00,
  0x4a, 0xb7, 0x8f, 0xe6, 0x87, 0xbc, 0x40, 0x00, 0x00, 0x00, 0x00, 0x00,
  0x00, 0xac, 0x06, 0x25, 0xff, 0x24, 0x10, 0xa7, 0x00, 0x00, 0x00, 0x00,
  0x00, 0x00, 0xa6, 0x0a, 0x05, 0x7f, 0x05, 0x0b, 0xa7, 0x00, 0x00, 0x00,
  0x00, 0x00, 0x00, 0x66, 0x7d, 0x00, 0x00, 0x00, 0x80, 0x65, 0x00, 0x00,
  0x00, 0x00, 0x00, 0x00, 0x00, 0xb8, 0x3c, 0x00, 0x43, 0xb5, 0x00, 0x00,
  0x00, 0x00, 0x00, 0x00, 0x00, 0x00, 0x10, 0xbf, 0x78, 0xbd, 0x0a, 0x00,
  0x00, 0x00, 0x00, 0x00, 0x00, 0x00, 0x00, 0x00, 0x0e, 0x78, 0x09, 0x00,
  0x00, 0x00, 0x00, 0x00, 0x00, 0x00, 0x00, 0x00, 0x2c, 0x43, 0x08, 0x4e,
  0x24, 0x00, 0x00, 0x00, 0x00, 0x00, 0x00, 0x00, 0x4a, 0xb7, 0x8f, 0xe6,
  0x87, 0xbc, 0x40, 0x00, 0x00, 0x00, 0x00, 0x00, 0x00, 0xac, 0x06, 0x25,
  0xff, 0x24, 0x10, 0xa7, 0x00, 0x00, 0x00, 0x00, 0x00, 0x00, 0xa6, 0x0a,
  0x05, 0x7f, 0x05, 0x0b, 0xa7, 0x00, 0x00, 0x00, 0x00, 0x00, 0x00, 0x66,
  0x7d, 0x00, 0x00, 0x00, 0x80, 0x65, 0x00, 0x00, 0x00, 0x00, 0x00, 0x00,
  0x00, 0xb8, 0x3c, 0x00, 0x43, 0xb5, 0x00, 0x00, 0x00, 0x00, 0x00, 0x00,
  0x00, 0x00, 0x10, 0xbf, 0x78, 0xbd, 0x0a, 0x00, 0x00, 0x00, 0x00, 0x00,
  0x00, 0x00, 0x00, 0x00, 0x0e, 0x78, 0x09, 0x00, 0x00, 0x00, 0x00, 0x00,
  0x00, 0x00, 0x00, 0x00, 0x2c, 0x43, 0x08, 0x4e, 0x24, 0x00, 0x00, 0x00,
  0x00, 0x00, 0x00, 0x00, 0x4a, 0xb7, 0x8f, 0xe6, 0x87, 0xbc, 0x40, 0x00,
  0x00, 0x00, 0x00, 0x00, 0x00, 0xac, 0x06, 0x25, 0xff, 0x24, 0x10, 0xa7,
  0x00, 0x00, 0x00, 0x00, 0x00, 0x00, 0xa6, 0x0a, 0x05, 0x7f, 0x05, 0x0b,
  0xa7, 0x00, 0x00, 0x00, 0x00, 0x00, 0x00, 0x66, 0x7d, 0x00, 0x00, 0x00,
  0x80, 0x65, 0x00, 0x00, 0x00, 0x00, 0x00, 0x00, 0x00, 0xb8, 0x3c, 0x00,
  0x43, 0xb5, 0x00, 0x00, 0x00, 0x00, 0x00, 0x00, 0x00, 0x00, 0x10, 0xbf,
  0x78, 0xbd, 0x0a, 0x00, 0x00, 0x00, 0x00, 0x00, 0x00, 0x00, 0x00, 0x00,
  0x0e, 0x78, 0x09, 0x00, 0x00, 0x00, 0x00, 0x00, 0x00, 0x00, 0x00, 0x00,
  0x2c, 0x43, 0x08, 0x4e, 0x24, 0x00, 0x00, 0x00, 0x00, 0x00, 0x00, 0x00,
  0x4a, 0xb7, 0x8f, 0xe6, 0x87, 0xbc, 0x40, 0x00, 0x00, 0x00, 0x00, 0x00,
  0x00, 0xac, 0x06, 0x25, 0xff, 0x24, 0x10, 0xa7, 0x00, 0x00, 0x00, 0x00,
  0x00, 0x00, 0xa6, 0x0a, 0x05, 0x7f, 0x05, 0x0b, 0xa7, 0x00, 0x00, 0x00,
  0x00, 0x00, 0x00, 0x66, 0x7d, 0x00, 0x00, 0x00, 0x80, 0x65, 0x00, 0x00,
  0x00, 0x00, 0x00, 0x00, 0x00, 0xb8, 0x3c, 0x00, 0x43, 0xb5, 0x00, 0x00,
  0x00, 0x00, 0x00, 0x00, 0x00, 0x00, 0x10, 0xbf, 0x78, 0xbd, 0x0a, 0x00,
  0x00, 0x00, 0x00, 0x00, 0x00, 0x00, 0x00, 0x00, 0x0e, 0x78, 0x09, 0x00,
  0x00, 0x00, 0x00, 0x00, 0x00, 0x00, 0x00, 0x00, 0x2c, 0x43, 0x08, 0x4e,
  0x24, 0x00, 0x00, 0x00, 0x00, 0x00, 0x00, 0x00, 0x4a, 0xb7, 0x8f, 0xe6,
  0x87, 0xbc, 0x40, 0x00, 0x00, 0x00, 0x00, 0x00, 0x00, 0xac, 0x06, 0x25,
  0xff, 0x24, 0x10, 0xa7, 0x00, 0x00, 0x00, 0x00, 0x00, 0x00, 0xa6, 0x0a,
  0x05, 0x7f, 0x05, 0x0b, 0xa7, 0x00, 0x00, 0x00, 0x00, 0x00, 0x00, 0x66,
  0x7d, 0x00, 0x00, 0x00, 0x80, 0x65, 0x00, 0x00, 0x00, 0x00, 0x00, 0x00,
  0x00, 0xb8, 0x3c, 0x00, 0x43, 0xb5, 0x00, 0x00, 0x00, 0x00, 0x00, 0x00,
  0x00, 0x00, 0x10, 0xbf, 0x78, 0xbd, 0x0a, 0x00, 0x00, 0x00, 0x00, 0x00,
  0x00, 0x00, 0x00, 0x00, 0x0e, 0x78, 0x09, 0x00, 0x00, 0x00, 0x00, 0x00,
  0x00, 0x00, 0x00, 0x00, 0x2c, 0x43, 0x08, 0x4e, 0x24, 0x00, 0x00, 0x00,
  0x00, 0x00, 0x00, 0x00, 0x4a, 0xb7, 0x8f, 0xe6, 0x87, 0xbc, 0x40, 0x00,
  0x00, 0x00, 0x00, 0x00, 0x00, 0xac, 0x06, 0x25, 0xff, 0x24, 0x10, 0xa7,
  0x00, 0x00, 0x00, 0x00, 0x00, 0x00, 0xa6, 0x0a, 0x05, 0x7f, 0x05, 0x0b,
  0xa7, 0x00, 0x00, 0x00, 0x00, 0x00, 0x00, 0x66, 0x7d, 0x00, 0x00, 0x00,
  0x80, 0x65, 0x00, 0x00, 0x00, 0x00, 0x00, 0x00, 0x00, 0xb8, 0x3c, 0x00,
  0x43, 0xb5, 0x00, 0x00, 0x00, 0x00, 0x00, 0x00, 0x00, 0x00, 0x10, 0xbf,
  0x78, 0xbd, 0x0a, 0x00, 0x00, 0x00, 0x00, 0x00, 0x00, 0x00, 0x00, 0x00,
  0x0e, 0x78, 0x09, 0x00, 0x00, 0x00, 0x00, 0x00, 0x00, 0x00, 0x00, 0x00,
  0x2c, 0x43, 0x08, 0x4e, 0x24, 0x00, 0x00, 0x00, 0x00, 0x00, 0x00, 0x00,
  0x4a, 0xb7, 0x8f, 0xe6, 0x87, 0xbc, 0x40, 0x00, 0x00, 0x00, 0x00, 0x00,
  0x00, 0xac, 0x06, 0x25, 0xff, 0x24, 0x10, 0xa7, 0x00, 0x00, 0x00, 0x00,
  0x00, 0x00, 0xa6, 0x0a, 0x05, 0x7f, 0x05, 0x0b, 0xa7, 0x00, 0x00, 0x00,
  0x00, 0x00, 0x00, 0x66, 0x7d, 0x00, 0x00, 0x00, 0x80, 0x65, 0x00, 0x00,
  0x00, 0x00, 0x00, 0x00, 0x00, 0xb8, 0x3c, 0x00, 0x43, 0xb5, 0x00, 0x00,
  0x00, 0x00, 0x00, 0x00, 0x00, 0x00, 0x10, 0xbf, 0x78, 0xbd, 0x0a, 0x00,
  0x00, 0x00, 0x00, 0x00, 0x00, 0x00, 0x00, 0x00, 0x0e, 0x78, 0x09, 0x00,
  0x00, 0x00, 0x00, 0x00, 0x00, 0x00, 0x00, 0x00, 0x2c, 0x43, 0x08, 0x4e,
  0x24, 0x00, 0x00, 0x00, 0x00, 0x00, 0x00, 0x00, 0x4a, 0xb7, 0x8f, 0xe6,
  0x87, 0xbc, 0x40, 0x00, 0x00, 0x00, 0x00, 0x00, 0x00, 0xac, 0x06, 0x25,
  0xff, 0x24, 0x10, 0xa7, 0x00, 0x00, 0x00, 0x00, 0x00, 0x00, 0xa6, 0x0a,
  0x05, 0x7f, 0x05, 0x0b, 0xa7, 0x00, 0x00, 0x00, 0x00, 0x00, 0x00, 0x66,
  0x7d, 0x00, 0x00, 0x00, 0x80, 0x65, 0x00, 0x00, 0x00, 0x00, 0x00, 0x00,
  0x00, 0xb8, 0x3c, 0x00, 0x43, 0xb5, 0x00, 0x00, 0x00, 0x00, 0x00, 0x00,
  0x00, 0x00, 0x10, 0xbf, 0x78, 0xbd, 0x0a, 0x00, 0x00, 0x00, 0x00, 0x00,
  0x00, 0x00, 0x00, 0x00, 0x0e, 0x78, 0x09, 0x00, 0x00, 0x00, 0x00, 0x00,
  0x00, 0x00, 0x00, 0x00, 0x2c, 0x43, 0x08, 0x4e, 0x24, 0x00, 0x00, 0x00,
  0x00, 0x00, 0x00, 0x00, 0x4a, 0xb7, 0x8f, 0xe6, 0x87, 0xbc, 0x40, 0x00,
  0x00, 0x00, 0x00, 0x00, 0x00, 0xac, 0x06, 0x25, 0xff, 0x24, 0x10, 0xa7,
  0x00, 0x00, 0x00, 0x00, 0x00, 0x00, 0xa6, 0x0a, 0x05, 0x7f, 0x05, 0x0b,
  0xa7, 0x00, 0x00, 0x00, 0x00, 0x00, 0x00, 0x66, 0x7d, 0x00, 0x00, 0x00,
  0x80, 0x65, 0x00, 0x00, 0x00, 0x00, 0x00, 0x00, 0x00, 0xb8, 0x3c, 0x00,
  0x43, 0xb5, 0x00, 0x00, 0x00, 0x00, 0x00, 0x00, 0x00, 0x00, 0x10, 0xbf,
  0x78, 0xbd, 0x0a, 0x00, 0x00, 0x00, 0x00, 0x00, 0x00, 0x00, 0x00, 0x00,
  0x0e, 0x78, 0x09, 0x00, 0x00, 0x00, 0x00, 0x00, 0x00, 0x00, 0x00, 0x00,
  0x2c, 0x43, 0x08, 0x4e, 0x24, 0x00, 0x00, 0x00, 0x00, 0x00, 0x00, 0x00,
  0x4a, 0xb7, 0x8f, 0xe6, 0x87, 0xbc, 0x40, 0x00, 0x00, 0x00, 0x00, 0x00,
  0x00, 0xac, 0x06, 0x25, 0xff, 0x24, 0x10, 0xa7, 0x00, 0x00, 0x00, 0x00,
  0x00, 0x00, 0xa6, 0x0a, 0x05, 0x7f, 0x05, 0x0b, 0xa7, 0x00, 0x00, 0x00,
  0x00, 0x00, 0x00, 0x66, 0x7d, 0x00, 0x00, 0x00, 0x80, 0x65, 0x00, 0x00,
  0x00, 0x00, 0x00, 0x00, 0x00, 0xb8, 0x3c, 0x00, 0x43, 0xb5, 0x00, 0x00,
  0x00, 0x00, 0x00, 0x00, 0x00, 0x00, 0x10, 0xbf, 0x78, 0xbd, 0x0a, 0x00,
  0x00, 0x00, 0x00, 0x00, 0x00, 0x00, 0x00, 0x00, 0x0e, 0x78, 0x09, 0x00,
  0x00, 0x00, 0x00, 0x00, 0x00, 0x00, 0x00, 0x00, 0x2c, 0x43, 0x08, 0x4e,
  0x24, 0x00, 0x00, 0x00, 0x00, 0x00, 0x00, 0x00, 0x4a, 0xb7, 0x8f, 0xe6,
  0x87, 0xbc, 0x40, 0x00, 0x00, 0x00, 0x00, 0x00, 0x00, 0xac, 0x06, 0x25,
  0xff, 0x24, 0x10, 0xa7, 0x00, 0x00, 0x00, 0x00, 0x00, 0x00, 0xa6, 0x0a,
  0x05, 0x7f, 0x05, 0x0b, 0xa7, 0x00, 0x00, 0x00, 0x00, 0x00, 0x00, 0x66,
  0x7d, 0x00, 0x00, 0x00, 0x80, 0x65, 0x00, 0x00, 0x00, 0x00, 0x00, 0x00,
  0x00, 0xb8, 0x3c, 0x00, 0x43, 0xb5, 0x00, 0x00, 0x00, 0x00, 0x00, 0x00,
  0x00, 0x00, 0x10, 0xbf, 0x78, 0xbd, 0x0a, 0x00, 0x00, 0x00, 0x00, 0x00,
  0x00, 0x00, 0x00, 0x00, 0x0e, 0x78, 0x09, 0x00, 0x00, 0x00, 0x00, 0x00,
  0x00, 0x00, 0x00, 0x00, 0x2c, 0x43, 0x08, 0x4e, 0x24, 0x00, 0x00, 0x00,
  0x00, 0x00, 0x00, 0x00, 0x4a, 0xb7, 0x8f, 0xe6, 0x87, 0xbc, 0x40, 0x00,
  0x00, 0x00, 0x00, 0x00, 0x00, 0xac, 0x06, 0x25, 0xff, 0x24, 0x10, 0xa7,
  0x00, 0x00, 0x00, 0x00, 0x00, 0x00, 0xa6, 0x0a, 0x05, 0x7f, 0x05, 0x0b,
  0xa7, 0x00, 0x00, 0x00, 0x00, 0x00, 0x00, 0x66, 0x7d, 0x00, 0x00, 0x00,
  0x80, 0x65, 0x00, 0x00, 0x00, 0x00, 0x00, 0x00, 0x00, 0xb8, 0x3c, 0x00,
  0x43, 0xb5, 0x00, 0x00, 0x00, 0x00, 0x00, 0x00, 0x00, 0x00, 0x10, 0xbf,
  0x78, 0xbd, 0x0a, 0x00, 0x00, 0x00, 0x00, 0x00, 0x00, 0x00, 0x00, 0x00,
  0x0e, 0x78, 0x09, 0x00, 0x00, 0x00, 0x00, 0x00, 0x00, 0x00, 0x00, 0x00,
  0x2c, 0x43, 0x08, 0x4e, 0x24, 0x00, 0x00, 0x00, 0x00, 0x00, 0x00, 0x00,
  0x4a, 0xb7, 0x8f, 0xe6, 0x87, 0xbc, 0x40, 0x00, 0x00, 0x00, 0x00, 0x00,
  0x00, 0xac, 0x06, 0x25, 0xff, 0x24, 0x10, 0xa7, 0x00, 0x00, 0x00, 0x00,
  0x00, 0x00, 0xa6, 0x0a, 0x05, 0x7f, 0x05, 0x0b, 0xa7, 0x00, 0x00, 0x00,
  0x00, 0x00, 0x00, 0x66, 0x7d, 0x00, 0x00, 0x00, 0x80, 0x65, 0x00, 0x00,
  0x00, 0x00, 0x00, 0x00, 0x00, 0xb8, 0x3c, 0x00, 0x43, 0xb5, 0x00, 0x00,
  0x00, 0x00, 0x00, 0x00, 0x00, 0x00, 0x10, 0xbf, 0x78, 0xbd, 0x0a, 0x00,
  0x00, 0x00, 0x00, 0x00, 0x00, 0x00, 0x00, 0x00, 0x0e, 0x78, 0x09, 0x00,
  0x00, 0x00, 0x00, 0x00, 0x00, 0x00, 0x00, 0x00, 0x2c, 0x43, 0x08, 0x4e,
  0x24, 0x00, 0x00, 0x00, 0x00, 0x00, 0x00, 0x00, 0x4a, 0xb7, 0x8f, 0xe6,
  0x87, 0xbc, 0x40, 0x00, 0x00, 0x00, 0x00, 0x00, 0x00, 0xac, 0x06, 0x25,
  0xff, 0x24, 0x10, 0xa7, 0x00, 0x00, 0x00, 0x00, 0x00, 0x00, 0xa6, 0x0a,
  0x05, 0x7f, 0x05, 0x0b, 0xa7, 0x00, 0x00, 0x00, 0x00, 0x00, 0x00, 0x66,
  0x7d, 0x00, 0x00, 0x00, 0x80, 0x65, 0x00, 0x00, 0x00, 0x00, 0x00, 0x00,
  0x00, 0xb8, 0x3c, 0x00, 0x43, 0xb5, 0x00, 0x00, 0x00, 0x00, 0x00, 0x00,
  0x00, 0x00, 0x10, 0xbf, 0x78, 0xbd, 0x0a, 0x00, 0x00, 0x00, 0x00, 0x00,
  0x00, 0x00, 0x00, 0x00, 0x0e, 0x78, 0x09, 0x00, 0x00, 0x00, 0x00, 0x00,
  0x00, 0x00, 0x00, 0x00, 0x2c, 0x43, 0x08, 0x4e, 0x24, 0x00, 0x00, 0x00,
  0x00, 0x00, 0x00, 0x00, 0x4a, 0xb7, 0x8f, 0xe6, 0x87, 0xbc, 0x40, 0x00,
  0x00, 0x00, 0x00, 0x00, 0x00, 0xac, 0x06, 0x25, 0xff, 0x24, 0x10, 0xa7,
  0x00, 0x00, 0x00, 0x00, 0x00, 0x00, 0xa6, 0x0a, 0x05, 0x7f, 0x05, 0x0b,
  0xa7, 0x00, 0x00, 0x00, 0x00, 0x00, 0x00, 0x66, 0x7d, 0x00, 0x00, 0x00,
  0x80, 0x65, 0x00, 0x00, 0x00, 0x00, 0x00, 0x00, 0x00, 0xb8, 0x3c, 0x00,
  0x43, 0xb5, 0x00, 0x00, 0x00, 0x00, 0x00, 0x00, 0x00, 0x00, 0x10, 0xbf,
  0x78, 0xbd, 0x0a, 0x00, 0x00, 0x00, 0x00, 0x00, 0x00, 0x00, 0x00, 0x00,
  0x0e, 0x78, 0x09, 0x00, 0x00, 0x00, 0x00, 0x00, 0x00, 0x00, 0x00, 0x00,
  0x2c, 0x43, 0x08, 0x4e, 0x24, 0x00, 0x00, 0x00, 0x00, 0x00, 0x00, 0x00,
  0x4a, 0xb7, 0x8f, 0xe6, 0x87, 0xbc, 0x40, 0x00, 0x00, 0x00, 0x00, 0x00,
  0x00, 0xac, 0x06, 0x25, 0xff, 0x24, 0x10, 0xa7, 0x00, 0x00, 0x00, 0x00,
  0x00, 0x00, 0xa6, 0x0a, 0x05, 0x7f, 0x05, 0x0b, 0xa7, 0x00, 0x00, 0x00,
  0x00, 0x00, 0x00, 0x66, 0x7d, 0x00, 0x00, 0x00, 0x80, 0x65, 0x00, 0x00,
  0x00, 0x00, 0x00, 0x00, 0x00, 0xb8, 0x3c, 0x00, 0x43, 0xb5, 0x00, 0x00,
  0x00, 0x00, 0x00, 0x00, 0x00, 0x00, 0x10, 0xbf, 0x78, 0xbd, 0x0a, 0x00,
  0x00, 0x00, 0x00, 0x00, 0x00, 0x00, 0x00, 0x00, 0x0e, 0x78, 0x09, 0x00,
  0x00, 0x00, 0x00, 0x00, 0x00, 0x00, 0x00, 0x00, 0x2c, 0x43, 0x08, 0x4e,
  0x24, 0x00, 0x00, 0x00, 0x00, 0x00, 0x00, 0x00, 0x4a, 0xb7, 0x8f, 0xe6,
  0x87, 0xbc, 0x40, 0x00, 0x00, 0x00, 0x00, 0x00, 0x00, 0xac, 0x06, 0x25,
  0xff, 0x24, 0x10, 0xa7, 0x00, 0x00, 0x00, 0x00, 0x00, 0x00, 0xa6, 0x0a,
  0x05, 0x7f, 0x05, 0x0b, 0xa7, 0x00, 0x00, 0x00, 0x00, 0x00, 0x00, 0x66,
  0x7d, 0x00, 0x00, 0x00, 0x80, 0x65, 0x00, 0x00, 0x00, 0x00, 0x00, 0x00,
  0x00, 0xb8, 0x3c, 0x00, 0x43, 0xb5, 0x00, 0x00, 0x00, 0x00, 0x00, 0x00,
  0x00, 0x00, 0x10, 0xbf, 0x78, 0xbd, 0x0a, 0x00, 0x00, 0x00, 0x00, 0x00,
  0x00, 0x00, 0x00, 0x00, 0x0e, 0x78, 0x09, 0x00, 0x00, 0x00, 0x00, 0x00,
  0x00, 0x00, 0x00, 0x00, 0x2c, 0x43, 0x08, 0x4e, 0x24, 0x00, 0x00, 0x00,
  0x00, 0x00, 0x00, 0x00, 0x4a, 0xb7, 0x8f, 0xe6, 0x87, 0xbc, 0x40, 0x00,
  0x00, 0x00, 0x00, 0x00, 0x00, 0xac, 0x06, 0x25, 0xff, 0x24, 0x10, 0xa7,
  0x00, 0x00, 0x00, 0x00, 0x00, 0x00, 0xa6, 0x0a, 0x05, 0x7f, 0x05, 0x0b,
  0xa7, 0x00, 0x00, 0x00, 0x00, 0x00, 0x00, 0x66, 0x7d, 0x00, 0x00, 0x00,
  0x80, 0x65, 0x00, 0x00, 0x00, 0x00, 0x00, 0x00, 0x00, 0xb8, 0x3c, 0x00,
  0x43, 0xb5, 0x00, 0x00, 0x00, 0x00, 0x00, 0x00, 0x00, 0x00, 0x10, 0xbf,
  0x78, 0xbd, 0x0a, 0x00, 0x00, 0x00, 0x00, 0x00, 0x00, 0x00, 0x00, 0x00,
  0x0e, 0x78, 0x09, 0x00, 0x00, 0x00, 0x00, 0x00, 0x00, 0x00, 0x00, 0x00,
  0x2c, 0x43, 0x08, 0x4e, 0x24, 0x00, 0x00, 0x00, 0x00, 0x00, 0x00, 0x00,
  0x4a, 0xb7, 0x8f, 0xe6, 0x87, 0xbc, 0x40, 0x00, 0x00, 0x00, 0x00, 0x00,
  0x00, 0xac, 0x06, 0x25, 0xff, 0x24, 0x10, 0xa7, 0x00, 0x00, 0x00, 0x00,
  0x00, 0x00, 0xa6, 0x0a, 0x05, 0x7f, 0x05, 0x0b, 0xa7, 0x00, 0x00, 0x00,
  0x00, 0x00, 0x00, 0x66, 0x7d, 0x00, 0x00, 0x00, 0x80, 0x65, 0x00, 0x00,
  0x00, 0x00, 0x00, 0x00, 0x00, 0xb8, 0x3c, 0x00, 0x43, 0xb5, 0x00, 0x00,
  0x00, 0x00, 0x00, 0x00, 0x00, 0x00, 0x10, 0xbf, 0x78, 0xbd, 0x0a, 0x00,
  0x00, 0x00, 0x00, 0x00, 0x00, 0x00, 0x00, 0x00, 0x0e, 0x78, 0x09, 0x00,
  0x00, 0x00, 0x00, 0x00, 0x00, 0x00, 0x00, 0x00, 0x2c, 0x43, 0x08, 0x4e,
  0x24, 0x00, 0x00, 0x00, 0x00, 0x00, 0x00, 0x00, 0x4a, 0xb7, 0x8f, 0xe6,
  0x87, 0xbc, 0x40, 0x00, 0x00, 0x00, 0x00, 0x00, 0x00, 0xac, 0x06, 0x25,
  0xff, 0x24, 0x10, 0xa7, 0x00, 0x00, 0x00, 0x00, 0x00, 0x00, 0xa6, 0x0a,
  0x05, 0x7f, 0x05, 0x0b, 0xa7, 0x00, 0x00, 0x00, 0x00, 0x00, 0x00, 0x66,
  0x7d, 0x00, 0x00, 0x00, 0x80, 0x65, 0x00, 0x00, 0x00, 0x00, 0x00, 0x00,
  0x00, 0xb8, 0x3c, 0x00, 0x43, 0xb5, 0x00, 0x00, 0x00, 0x00, 0x00, 0x00,
  0x00, 0x00, 0x10, 0xbf, 0x78, 0xbd, 0x0a, 0x00, 0x00, 0x00, 0x00, 0x00,
  0x00, 0x00, 0x00, 0x00, 0x0e, 0x78, 0x09, 0x00, 0x00, 0x00, 0x00, 0x00,
  0x00, 0x00, 0x00, 0x00, 0x2c, 0x43, 0x08, 0x4e, 0x24, 0x00, 0x00, 0x00,
  0x00, 0x00, 0x00, 0x00, 0x4a, 0xb7, 0x8f, 0xe6, 0x87, 0xbc, 0x40, 0x00,
  0x00, 0x00, 0x00, 0x00, 0x00, 0xac, 0x06, 0x25, 0xff, 0x24, 0x10, 0xa7,
  0x00, 0x00, 0x00, 0x00, 0x00, 0x00, 0xa6, 0x0a, 0x05, 0x7f, 0x05, 0x0b,
  0xa7, 0x00, 0x00, 0x00, 0x00, 0x00, 0x00, 0x66, 0x7d, 0x00, 0x00, 0x00,
  0x80, 0x65, 0x00, 0x00, 0x00, 0x00, 0x00, 0x00, 0x00, 0xb8, 0x3c, 0x00,
  0x43, 0xb5, 0x00, 0x00, 0x00, 0x00, 0x00, 0x00, 0x00, 0x00, 0x10, 0xbf,
  0x78, 0xbd, 0x0a, 0x00, 0x00, 0x00, 0x00, 0x00, 0x00, 0x00, 0x00, 0x00,
  0x0e, 0x78, 0x09, 0x00, 0x00, 0x00, 0x00, 0x00, 0x00, 0x00, 0x00, 0x00,
  0x2c, 0x43, 0x08, 0x4e, 0x24, 0x00, 0x00, 0x00, 0x00, 0x00, 0x00, 0x00,
  0x4a, 0xb7, 0x8f, 0xe6, 0x87, 0xbc, 0x40, 0x00, 0x00, 0x00, 0x00, 0x00,
  0x00, 0xac, 0x06, 0x25, 0xff, 0x24, 0x10, 0xa7, 0x00, 0x00, 0x00, 0x00,
  0x00, 0x00, 0xa6, 0x0a, 0x05, 0x7f, 0x05, 0x0b, 0xa7, 0x00, 0x00, 0x00,
  0x00, 0x00, 0x00, 0x66, 0x7d, 0x00, 0x00, 0x00, 0x80, 0x65, 0x00, 0x00,
  0x00, 0x00, 0x00, 0x00, 0x00, 0xb8, 0x3c, 0x00, 0x43, 0xb5, 0x00, 0x00,
  0x00, 0x00, 0x00, 0x00, 0x00, 0x00, 0x10, 0xbf, 0x78, 0xbd, 0x0a, 0x00,
  0x00, 0x00, 0x00, 0x00, 0x00, 0x00, 0x00, 0x00, 0x0e, 0x78, 0x09, 0x00,
  0x00, 0x00, 0x00, 0x00, 0x00, 0x00, 0x00, 0x00, 0x2c, 0x43, 0x08, 0x4e,
  0x24, 0x00, 0x00, 0x00, 0x00, 0x00, 0x00, 0x00, 0x4a, 0xb7, 0x8f, 0xe6,
  0x87, 0xbc, 0x40, 0x00, 0x00, 0x00, 0x00, 0x00, 0x00, 0xac, 0x06, 0x25,
  0xff, 0x24, 0x10, 0xa7, 0x00, 0x00, 0x00, 0x00, 0x00, 0x00, 0xa6, 0x0a,
  0x05, 0x7f, 0x05, 0x0b, 0xa7, 0x00, 0x00, 0x00, 0x00, 0x00, 0x00, 0x66,
  0x7d, 0x00, 0x00, 0x00, 0x80, 0x65, 0x00, 0x00, 0x00, 0x00, 0x00, 0x00,
  0x00, 0xb8, 0x3c, 0x00, 0x43, 0xb5, 0x00, 0x00, 0x00, 0x00, 0x00, 0x00,
  0x00, 0x00, 0x10, 0xbf, 0x78, 0xbd, 0x0a, 0x00, 0x00, 0x00, 0x00, 0x00,
  0x00, 0x00, 0x00, 0x00, 0x0e, 0x78, 0x09, 0x00, 0x00, 0x00, 0x00, 0x00,
  0x00, 0x00, 0x00, 0x00, 0x2c, 0x43, 0x08, 0x4e, 0x24, 0x00, 0x00, 0x00,
  0x00, 0x00, 0x00, 0x00, 0x4a, 0xb7, 0x8f, 0xe6, 0x87, 0xbc, 0x40, 0x00,
  0x00, 0x00, 0x00, 0x00, 0x00, 0xac, 0x06, 0x25, 0xff, 0x24, 0x10, 0xa7,
  0x00, 0x00, 0x00, 0x00, 0x00, 0x00, 0xa6, 0x0a, 0x05, 0x7f, 0x05, 0x0b,
  0xa7, 0x00, 0x00, 0x00, 0x00, 0x00, 0x00, 0x66, 0x7d, 0x00, 0x00, 0x00,
  0x80, 0x65, 0x00, 0x00, 0x00, 0x00, 0x00, 0x00, 0x00, 0xb8, 0x3c, 0x00,
  0x43, 0xb5, 0x00, 0x00, 0x00, 0x00, 0x00, 0x00, 0x00, 0x00, 0x10, 0xbf,
  0x78, 0xbd, 0x0a, 0x00, 0x00, 0x00, 0x00, 0x00, 0x00, 0x00, 0x00, 0x00,
  0x0e, 0x78, 0x09, 0x00, 0x00, 0x00, 0x00, 0x00, 0x00, 0x00, 0x00, 0x00,
  0x2c, 0x43, 0x08, 0x4e, 0x24, 0x00, 0x00, 0x00, 0x00, 0x00, 0x00, 0x00,
  0x4a, 0xb7, 0x8f, 0xe6, 0x87, 0xbc, 0x40, 0x00, 0x00, 0x00, 0x00, 0x00,
  0x00, 0xac, 0x06, 0x25, 0xff, 0x24, 0x10, 0xa7, 0x00, 0x00, 0x00, 0x00,
  0x00, 0x00, 0xa6, 0x0a, 0x05, 0x7f, 0x05, 0x0b, 0xa7, 0x00, 0x00, 0x00,
  0x00, 0x00, 0x00, 0x66, 0x7d, 0x00, 0x00, 0x00, 0x80, 0x65, 0x00, 0x00,
  0x00, 0x00, 0x00, 0x00, 0x00, 0xb8, 0x3c, 0x00, 0x43, 0xb5, 0x00, 0x00,
  0x00, 0x00, 0x00, 0x00, 0x00, 0x00, 0x10, 0xbf, 0x78, 0xbd, 0x0a, 0x00,
  0x00, 0x00, 0x00, 0x00, 0x00, 0x00, 0x00, 0x00, 0x0e, 0x78, 0x09, 0x00,
  0x00, 0x00, 0x00, 0x00, 0x00, 0x00, 0x00, 0x00, 0x2c, 0x43, 0x08, 0x4e,
  0x24, 0x00, 0x00, 0x00, 0x00, 0x00, 0x00, 0x00, 0x4a, 0xb7, 0x8f, 0xe6,
  0x87, 0xbc, 0x40, 0x00, 0x00, 0x00, 0x00, 0x00, 0x00, 0xac, 0x06, 0x25,
  0xff, 0x24, 0x10, 0xa7, 0x00, 0x00, 0x00, 0x00, 0x00, 0x00, 0xa6, 0x0a,
  0x05, 0x7f, 0x05, 0x0b, 0xa7, 0x00, 0x00, 0x00, 0x00, 0x00, 0x00, 0x66,
  0x7d, 0x00, 0x00, 0x00, 0x80, 0x65, 0x00, 0x00, 0x00, 0x00, 0x00, 0x00,
  0x00, 0xb8, 0x3c, 0x00, 0x43, 0xb5, 0x00, 0x00, 0x00, 0x00, 0x00, 0x00,
  0x00, 0x00, 0x10, 0xbf, 0x78, 0xbd, 0x0a, 0x00, 0x00, 0x00, 0x00, 0x00,
  0x00, 0x00, 0x00, 0x00, 0x0e, 0x78, 0x09, 0x00, 0x00, 0x00, 0x00, 0x00,
  0x00, 0x00, 0x00, 0x00, 0x2c, 0x43, 0x08, 0x4e, 0x24, 0x00, 0x00, 0x00,
  0x00, 0x00, 0x00, 0x00, 0x4a, 0xb7, 0x8f, 0xe6, 0x87, 0xbc, 0x40, 0x00,
  0x00, 0x00, 0x00, 0x00, 0x00, 0xac, 0x06, 0x25, 0xff, 0x24, 0x10, 0xa7,
  0x00, 0x00, 0x00, 0x00, 0x00, 0x00, 0xa6, 0x0a, 0x05, 0x7f, 0x05, 0x0b,
  0xa7, 0x00, 0x00, 0x00, 0x00, 0x00, 0x00, 0x66, 0x7d, 0x00, 0x00, 0x00,
  0x80, 0x65, 0x00, 0x00, 0x00, 0x00, 0x00, 0x00, 0x00, 0xb8, 0x3c, 0x00,
  0x43, 0xb5, 0x00, 0x00, 0x00, 0x00, 0x00, 0x00, 0x00, 0x00, 0x10, 0xbf,
  0x78, 0xbd, 0x0a, 0x00, 0x00, 0x00, 0x00, 0x00, 0x00, 0x00, 0x00, 0x00,
  0x0e, 0x78, 0x09, 0x00, 0x00, 0x00, 0x00, 0x00, 0x00, 0x00, 0x00, 0x00,
  0x2c, 0x43, 0x08, 0x4e, 0x24, 0x00, 0x00, 0x00, 0x00, 0x00, 0x00, 0x00,
  0x4a, 0xb7, 0x8f, 0xe6, 0x87, 0xbc, 0x40, 0x00, 0x00, 0x00, 0x00, 0x00,
  0x00, 0xac, 0x06, 0x25, 0xff, 0x24, 0x10, 0xa7, 0x00, 0x00, 0x00, 0x00,
  0x00, 0x00, 0xa6, 0x0a, 0x05, 0x7f, 0x05, 0x0b, 0xa7, 0x00, 0x00, 0x00,
  0x00, 0x00, 0x00, 0x66, 0x7d, 0x00, 0x00, 0x00, 0x80, 0x65, 0x00, 0x00,
  0x00, 0x00, 0x00, 0x00, 0x00, 0xb8, 0x3c, 0x00, 0x43, 0xb5, 0x00, 0x00,
  0x00, 0x00, 0x00, 0x00, 0x00, 0x00, 0x10, 0xbf, 0x78, 0xbd, 0x0a, 0x00,
  0x00, 0x00, 0x00, 0x00, 0x00, 0x00, 0x00, 0x00, 0x0e, 0x78, 0x09, 0x00,
  0x00, 0x00, 0x00, 0x00, 0x00, 0x00, 0x00, 0x00, 0x2c, 0x43, 0x08, 0x4e,
  0x24, 0x00, 0x00, 0x00, 0x00, 0x00, 0x00, 0x00, 0x4a, 0xb7, 0x8f, 0xe6,
  0x87, 0xbc, 0x40, 0x00, 0x00, 0x00, 0x00, 0x00, 0x00, 0xac, 0x06, 0x25,
  0xff, 0x24, 0x10, 0xa7, 0x00, 0x00, 0x00, 0x00, 0x00, 0x00, 0xa6, 0x0a,
  0x05, 0x7f, 0x05, 0x0b, 0xa7, 0x00, 0x00, 0x00, 0x00, 0x00, 0x00, 0x66,
  0x7d, 0x00, 0x00, 0x00, 0x80, 0x65, 0x00, 0x00, 0x00, 0x00, 0x00, 0x00,
  0x00, 0xb8, 0x3c, 0x00, 0x43, 0xb5, 0x00, 0x00, 0x00, 0x00, 0x00, 0x00,
  0x00, 0x00, 0x10, 0xbf, 0x78, 0xbd, 0x0a, 0x00, 0x00, 0x00, 0x00, 0x00,
  0x00, 0x00, 0x00, 0x00, 0x0e, 0x78, 0x09, 0x00, 0x00, 0x00, 0x00, 0x00,
  0x00, 0x00, 0x00, 0x00, 0x2c, 0x43, 0x08, 0x4e, 0x24, 0x00, 0x00, 0x00,
  0x00, 0x00, 0x00, 0x00, 0x4a, 0xb7, 0x8f, 0xe6, 0x87, 0xbc, 0x40, 0x00,
  0x00, 0x00, 0x00, 0x00, 0x00, 0xac, 0x06, 0x25, 0xff, 0x24, 0x10, 0xa7,
  0x00, 0x00, 0x00, 0x00, 0x00, 0x00, 0xa6, 0x0a, 0x05, 0x7f, 0x05, 0x0b,
  0xa7, 0x00, 0x00, 0x00, 0x00, 0x00, 0x00, 0x66, 0x7d, 0x00, 0x00, 0x00,
  0x80, 0x65, 0x00, 0x00, 0x00, 0x00, 0x00, 0x00, 0x00, 0xb8, 0x3c, 0x00,
  0x43, 0xb5, 0x00, 0x00, 0x00, 0x00, 0x00, 0x00, 0x00, 0x00, 0x10, 0xbf,
  0x78, 0xbd, 0x0a, 0x00, 0x00, 0x00, 0x00, 0x00, 0x00, 0x00, 0x00, 0x00,
  0x0e, 0x78, 0x09, 0x00, 0x00, 0x00, 0x00, 0x00, 0x00, 0x00, 0x00, 0x00,
  0x2c, 0x43, 0x08, 0x4e, 0x24, 0x00, 0x00, 0x00, 0x00, 0x00, 0x00, 0x00,
  0x4a, 0xb7, 0x8f, 0xe6, 0x87, 0xbc, 0x40, 0x00, 0x00, 0x00, 0x00, 0x00,
  0x00, 0xac, 0x06, 0x25, 0xff, 0x24, 0x10, 0xa7, 0x00, 0x00, 0x00, 0x00,
  0x00, 0x00, 0xa6, 0x0a, 0x05, 0x7f, 0x05, 0x0b, 0xa7, 0x00, 0x00, 0x00,
  0x00, 0x00, 0x00, 0x66, 0x7d, 0x00, 0x00, 0x00, 0x80, 0x65, 0x00, 0x00,
  0x00, 0x00, 0x00, 0x00, 0x00, 0xb8, 0x3c, 0x00, 0x43, 0xb5, 0x00, 0x00,
  0x00, 0x00, 0x00, 0x00, 0x00, 0x00, 0x10, 0xbf, 0x78, 0xbd, 0x0a, 0x00,
  0x00, 0x00, 0x00, 0x00, 0x00, 0x00, 0x00, 0x00, 0x0e, 0x78, 0x09, 0x00,
  0x00, 0x00, 0x00, 0x00, 0x00, 0x00, 0x00, 0x00, 0x2c, 0x43, 0x08, 0x4e,
  0x24, 0x00, 0x00, 0x00, 0x00, 0x00, 0x00, 0x00, 0x4a, 0xb7, 0x8f, 0xe6,
  0x87, 0xbc, 0x40, 0x00, 0x00, 0x00, 0x00, 0x00, 0x00, 0xac, 0x06, 0x25,
  0xff, 0x24, 0x10, 0xa7, 0x00, 0x00, 0x00, 0x00, 0x00, 0x00, 0xa6, 0x0a,
  0x05, 0x7f, 0x05, 0x0b, 0xa7, 0x00, 0x00, 0x00, 0x00, 0x00, 0x00, 0x66,
  0x7d, 0x00, 0x00, 0x00, 0x80, 0x65, 0x00, 0x00, 0x00, 0x00, 0x00, 0x00,
  0x00, 0xb8, 0x3c, 0x00, 0x43, 0xb5, 0x00, 0x00, 0x00, 0x00, 0x00, 0x00,
  0x00, 0x00, 0x10, 0xbf, 0x78, 0xbd, 0x0a, 0x00, 0x00, 0x00, 0x00, 0x00,
  0x00, 0x00, 0x00, 0x00, 0x0e, 0x78, 0x09, 0x00, 0x00, 0x00, 0x00, 0x00,
  0x00, 0x00, 0x00, 0x00, 0x2c, 0x43, 0x08, 0x4e, 0x24, 0x00, 0x00, 0x00,
  0x00, 0x00, 0x00, 0x00, 0x4a, 0xb7, 0x8f, 0xe6, 0x87, 0xbc, 0x40, 0x00,
  0x00, 0x00, 0x00, 0x00, 0x00, 0xac, 0x06, 0x25, 0xff, 0x24, 0x10, 0xa7,
  0x00, 0x00, 0x00, 0x00, 0x00, 0x00, 0xa6, 0x0a, 0x05, 0x7f, 0x05, 0x0b,
  0xa7, 0x00, 0x00, 0x00, 0x00, 0x00, 0x00, 0x66, 0x7d, 0x00, 0x00, 0x00,
  0x80, 0x65, 0x00, 0x00, 0x00, 0x00, 0x00, 0x00, 0x00, 0xb8, 0x3c, 0x00,
  0x43, 0xb5, 0x00, 0x00, 0x00, 0x00, 0x00, 0x00, 0x00, 0x00, 0x10, 0xbf,
  0x78, 0xbd, 0x0a, 0x00, 0x00, 0x00, 0x00, 0x00, 0x00, 0x00, 0x00, 0x00,
  0x0e, 0x78, 0x09, 0x00, 0x00, 0x00, 0x00, 0x00, 0x00, 0x00, 0x00, 0x00,
  0x2c, 0x43, 0x08, 0x4e, 0x24, 0x00, 0x00, 0x00, 0x00, 0x00, 0x00, 0x00,
  0x4a, 0xb7, 0x8f, 0xe6, 0x87, 0xbc, 0x40, 0x00, 0x00, 0x00, 0x00, 0x00,
  0x00, 0xac, 0x06, 0x25, 0xff, 0x24, 0x10, 0xa7, 0x00, 0x00, 0x00, 0x00,
  0x00, 0x00, 0xa6, 0x0a, 0x05, 0x7f, 0x05, 0x0b, 0xa7, 0x00, 0x00, 0x00,
  0x00, 0x00, 0x00, 0x66, 0x7d, 0x00, 0x00, 0x00, 0x80, 0x65, 0x00, 0x00,
  0x00, 0x00, 0x00, 0x00, 0x00, 0xb8, 0x3c, 0x00, 0x43, 0xb5, 0x00, 0x00,
  0x00, 0x00, 0x00, 0x00, 0x00, 0x00, 0x10, 0xbf, 0x78, 0xbd, 0x0a, 0x00,
  0x00, 0x00, 0x00, 0x00, 0x00, 0x00, 0x00, 0x00, 0x0e, 0x78, 0x09, 0x00,
  0x00, 0x00, 0x00, 0x00, 0x00, 0x00, 0x00, 0x00, 0x2c, 0x43, 0x08, 0x4e,
  0x24, 0x00, 0x00, 0x00, 0x00, 0x00, 0x00, 0x00, 0x4a, 0xb7, 0x8f, 0xe6,
  0x87, 0xbc, 0x40, 0x00, 0x00, 0x00, 0x00, 0x00, 0x00, 0xac, 0x06, 0x25,
  0xff, 0x24, 0x10, 0xa7, 0x00, 0x00, 0x00, 0x00, 0x00, 0x00, 0xa6, 0x0a,
  0x05, 0x7f, 0x05, 0x0b, 0xa7, 0x00, 0x00, 0x00, 0x00, 0x00, 0x00, 0x66,
  0x7d, 0x00, 0x00, 0x00, 0x80, 0x65, 0x00, 0x00, 0x00, 0x00, 0x00, 0x00,
  0x00, 0xb8, 0x3c, 0x00, 0x43, 0xb5, 0x00, 0x00, 0x00, 0x00, 0x00, 0x00,
  0x00, 0x00, 0x10, 0xbf, 0x78, 0xbd, 0x0a, 0x00, 0x00, 0x00, 0x00, 0x00,
  0x00, 0x00, 0x00, 0x00, 0x0e, 0x78, 0x09, 0x00, 0x00, 0x00, 0x00, 0x00,
  0x00, 0x00, 0x00, 0x00, 0x2c, 0x43, 0x08, 0x4e, 0x24, 0x00, 0x00, 0x00,
  0x00, 0x00, 0x00, 0x00, 0x4a, 0xb7, 0x8f, 0xe6, 0x87, 0xbc, 0x40, 0x00,
  0x00, 0x00, 0x00, 0x00, 0x00, 0xac, 0x06, 0x25, 0xff, 0x24, 0x10, 0xa7,
  0x00, 0x00, 0x00, 0x00, 0x00, 0x00, 0xa6, 0x0a, 0x05, 0x7f, 0x05, 0x0b,
  0xa7, 0x00, 0x00, 0x00, 0x00, 0x00, 0x00, 0x66, 0x7d, 0x00, 0x00, 0x00,
  0x80, 0x65, 0x00, 0x00, 0x00, 0x00, 0x00, 0x00, 0x00, 0xb8, 0x3c, 0x00,
  0x43, 0xb5, 0x00, 0x00, 0x00, 0x00, 0x00, 0x00, 0x00, 0x00, 0x10, 0xbf,
  0x78, 0xbd, 0x0a, 0x00, 0x00, 0x00, 0x00, 0x00, 0x00, 0x00, 0x00, 0x00,
  0x0e, 0x78, 0x09, 0x00, 0x00, 0x00, 0x00, 0x00, 0x00, 0x00, 0x00, 0x00,
  0x2c, 0x43, 0x08, 0x4e, 0x24, 0x00, 0x00, 0x00, 0x00, 0x00, 0x00, 0x00,
  0x4a, 0xb7, 0x8f, 0xe6, 0x87, 0xbc, 0x40, 0x00, 0x00, 0x00, 0x00, 0x00,
  0x00, 0xac, 0x06, 0x25, 0xff, 0x24, 0x10, 0xa7, 0x00, 0x00, 0x00, 0x00,
  0x00, 0x00, 0xa6, 0x0a, 0x05, 0x7f, 0x05, 0x0b, 0xa7, 0x00, 0x00, 0x00,
  0x00, 0x00, 0x00, 0x66, 0x7d, 0x00, 0x00, 0x00, 0x80, 0x65, 0x00, 0x00,
  0x00, 0x00, 0x00, 0x00, 0x00, 0xb8, 0x3c, 0x00, 0x43, 0xb5, 0x00, 0x00,
  0x00, 0x00, 0x00, 0x00, 0x00, 0x00, 0x10, 0xbf, 0x78, 0xbd, 0x0a, 0x00,
  0x00, 0x00, 0x00, 0x00, 0x00, 0x00, 0x00, 0x00, 0x0e, 0x78, 0x09, 0x00,
  0x00, 0x00, 0x00, 0x00, 0x00, 0x00, 0x00, 0x00, 0x2c, 0x43, 0x08, 0x4e,
  0x24, 0x00, 0x00, 0x00, 0x00, 0x00, 0x00, 0x00, 0x4a, 0xb7, 0x8f, 0xe6,
  0x87, 0xbc, 0x40, 0x00, 0x00, 0x00, 0x00, 0x00, 0x00, 0xac, 0x06, 0x25,
  0xff, 0x24, 0x10, 0xa7, 0x00, 0x00, 0x00, 0x00, 0x00, 0x00, 0xa6, 0x0a,
  0x05, 0x7f, 0x05, 0x0b, 0xa7, 0x00, 0x00, 0x00, 0x00, 0x00, 0x00, 0x66,
  0x7d, 0x00, 0x00, 0x00, 0x80, 0x65, 0x00, 0x00, 0x00, 0x00, 0x00, 0x00,
  0x00, 0xb8, 0x3c, 0x00, 0x43, 0xb5, 0x00, 0x00, 0x00, 0x00, 0x00, 0x00,
  0x00, 0x00, 0x10, 0xbf, 0x78, 0xbd, 0x0a, 0x00, 0x00, 0x00, 0x00, 0x00,
  0x00, 0x00, 0x00, 0x00, 0x0e, 0x78, 0x09, 0x00, 0x00, 0x00, 0x00, 0x00,
  0x00, 0x00, 0x00, 0x00, 0x2c, 0x43, 0x08, 0x4e, 0x24, 0x00, 0x00, 0x00,
  0x00, 0x00, 0x00, 0x00, 0x4a, 0xb7, 0x8f, 0xe6, 0x87, 0xbc, 0x40, 0x00,
  0x00, 0x00, 0x00, 0x00, 0x00, 0xac, 0x06, 0x25, 0xff, 0x24, 0x10, 0xa7,
  0x00, 0x00, 0x00, 0x00, 0x00, 0x00, 0xa6, 0x0a, 0x05, 0x7f, 0x05, 0x0b,
  0xa7, 0x00, 0x00, 0x00, 0x00, 0x00, 0x00, 0x66, 0x7d, 0x00, 0x00, 0x00,
  0x80, 0x65, 0x00, 0x00, 0x00, 0x00, 0x00, 0x00, 0x00, 0xb8, 0x3c, 0x00,
  0x43, 0xb5, 0x00, 0x00, 0x00, 0x00, 0x00, 0x00, 0x00, 0x00, 0x10, 0xbf,
  0x78, 0xbd, 0x0a, 0x00, 0x00, 0x00, 0x00, 0x00, 0x00, 0x00, 0x00, 0x00,
  0x0e, 0x78, 0x09, 0x00, 0x00, 0x00, 0x00, 0x00, 0x00, 0x00, 0x00, 0x00,
  0x2c, 0x43, 0x08, 0x4e, 0x24, 0x00, 0x00, 0x00, 0x00, 0x00, 0x00, 0x00,
  0x4a, 0xb7, 0x8f, 0xe6, 0x87, 0xbc, 0x40, 0x00, 0x00, 0x00, 0x00, 0x00,
  0x00, 0xac, 0x06, 0x25, 0xff, 0x24, 0x10, 0xa7, 0x00, 0x00, 0x00, 0x00,
  0x00, 0x00, 0xa6, 0x0a, 0x05, 0x7f, 0x05, 0x0b, 0xa7, 0x00, 0x00, 0x00,
  0x00, 0x00, 0x00, 0x66, 0x7d, 0x00, 0x00, 0x00, 0x80, 0x65, 0x00, 0x00,
  0x00, 0x00, 0x00, 0x00, 0x00, 0xb8, 0x3c, 0x00, 0x43, 0xb5, 0x00, 0x00,
  0x00, 0x00, 0x00, 0x00, 0x00, 0x00, 0x10, 0xbf, 0x78, 0xbd, 0x0a, 0x00,
  0x00, 0x00, 0x00, 0x00, 0x00, 0x00, 0x00, 0x00, 0x0e, 0x78, 0x09, 0x00,
  0x00, 0x00, 0x00, 0x00, 0x00, 0x00, 0x00, 0x00, 0x2c, 0x43, 0x08, 0x4e,
  0x24, 0x00, 0x00, 0x00, 0x00, 0x00, 0x00, 0x00, 0x4a, 0xb7, 0x8f, 0xe6,
  0x87, 0xbc, 0x40, 0x00, 0x00, 0x00, 0x00, 0x00, 0x00, 0xac, 0x06, 0x25,
  0xff, 0x24, 0x10, 0xa7, 0x00, 0x00, 0x00, 0x00, 0x00, 0x00, 0xa6, 0x0a,
  0x05, 0x7f, 0x05, 0x0b, 0xa7, 0x00, 0x00, 0x00, 0x00, 0x00, 0x00, 0x66,
  0x7d, 0x00, 0x00, 0x00, 0x80, 0x65, 0x00, 0x00, 0x00, 0x00, 0x00, 0x00,
  0x00, 0xb8, 0x3c, 0x00, 0x43, 0xb5, 0x00, 0x00, 0x00, 0x00, 0x00, 0x00,
  0x00, 0x00, 0x10, 0xbf, 0x78, 0xbd, 0x0a, 0x00, 0x00, 0x00, 0x00, 0x00,
  0x00, 0x00, 0x00, 0x00, 0x0e, 0x78, 0x09, 0x00, 0x00, 0x00, 0x00, 0x00,
  0x00, 0x00, 0x00, 0x00, 0x2c, 0x43, 0x08, 0x4e, 0x24, 0x00, 0x00, 0x00,
  0x00, 0x00, 0x00, 0x00, 0x4a, 0xb7, 0x8f, 0xe6, 0x87, 0xbc, 0x40, 0x00,
  0x00, 0x00, 0x00, 0x00, 0x00, 0xac, 0x06, 0x25, 0xff, 0x24, 0x10, 0xa7,
  0x00, 0x00, 0x00, 0x00, 0x00, 0x00, 0xa6, 0x0a, 0x05, 0x7f, 0x05, 0x0b,
  0xa7, 0x00, 0x00, 0x00, 0x00, 0x00, 0x00, 0x66, 0x7d, 0x00, 0x00, 0x00,
  0x80, 0x65, 0x00, 0x00, 0x00, 0x00, 0x00, 0x00, 0x00, 0xb8, 0x3c, 0x00,
  0x43, 0xb5, 0x00, 0x00, 0x00, 0x00, 0x00, 0x00, 0x00, 0x00, 0x10, 0xbf,
  0x78, 0xbd, 0x0a, 0x00, 0x00, 0x00, 0x00, 0x00, 0x00, 0x00, 0x00, 0x00,
  0x0e, 0x78, 0x09, 0x00, 0x00, 0x00, 0x00, 0x00, 0x00, 0x00, 0x00, 0x00,
  0x2c, 0x43, 0x08, 0x4e, 0x24, 0x00, 0x00, 0x00, 0x00, 0x00, 0x00, 0x00,
  0x4a, 0xb7, 0x8f, 0xe6, 0x87, 0xbc, 0x40, 0x00, 0x00, 0x00, 0x00, 0x00,
  0x00, 0xac, 0x06, 0x25, 0xff, 0x24, 0x10, 0xa7, 0x00, 0x00, 0x00, 0x00,
  0x00, 0x00, 0xa6, 0x0a, 0x05, 0x7f, 0x05, 0x0b, 0xa7, 0x00, 0x00, 0x00,
  0x00, 0x00, 0x00, 0x66, 0x7d, 0x00, 0x00, 0x00, 0x80, 0x65, 0x00, 0x00,
  0x00, 0x00, 0x00, 0x00, 0x00, 0xb8, 0x3c, 0x00, 0x43, 0xb5, 0x00, 0x00,
  0x00, 0x00, 0x00, 0x00, 0x00, 0x00, 0x10, 0xbf, 0x78, 0xbd, 0x0a, 0x00,
  0x00, 0x00, 0x00, 0x00, 0x00, 0x00, 0x00, 0x00, 0x0e, 0x78, 0x09, 0x00,
  0x00, 0x00, 0x00, 0x00, 0x00, 0x00, 0x00, 0x00, 0x2c, 0x43, 0x08, 0x4e,
  0x24, 0x00, 0x00, 0x00, 0x00, 0x00, 0x00, 0x00, 0x4a, 0xb7, 0x8f, 0xe6,
  0x87, 0xbc, 0x40, 0x00, 0x00, 0x00, 0x00, 0x00, 0x00, 0xac, 0x06, 0x25,
  0xff, 0x24, 0x10, 0xa7, 0x00, 0x00, 0x00, 0x00, 0x00, 0x00, 0xa6, 0x0a,
  0x05, 0x7f, 0x05, 0x0b, 0xa7, 0x00, 0x00, 0x00, 0x00, 0x00, 0x00, 0x66,
  0x7d, 0x00, 0x00, 0x00, 0x80, 0x65, 0x00, 0x00, 0x00, 0x00, 0x00, 0x00,
  0x00, 0xb8, 0x3c, 0x00, 0x43, 0xb5, 0x00, 0x00, 0x00, 0x00, 0x00, 0x00,
  0x00, 0x00, 0x10, 0xbf, 0x78, 0xbd, 0x0a, 0x00, 0x00, 0x00, 0x00, 0x00,
  0x00, 0x00, 0x00, 0x00, 0x0e, 0x78, 0x09, 0x00, 0x00, 0x00, 0x00, 0x00,
  0x00, 0x00, 0x00, 0x00, 0x2c, 0x43, 0x08, 0x4e, 0x24, 0x00, 0x00, 0x00,
  0x00, 0x00, 0x00, 0x00, 0x4a, 0xb7, 0x8f, 0xe6, 0x87, 0xbc, 0x40, 0x00,
  0x00, 0x00, 0x00, 0x00, 0x00, 0xac, 0x06, 0x25, 0xff, 0x24, 0x10, 0xa7,
  0x00, 0x00, 0x00, 0x00, 0x00, 0x00, 0xa6, 0x0a, 0x05, 0x7f, 0x05, 0x0b,
  0xa7, 0x00, 0x00, 0x00, 0x00, 0x00, 0x00, 0x66, 0x7d, 0x00, 0x00, 0x00,
  0x80, 0x65, 0x00, 0x00, 0x00, 0x00, 0x00, 0x00, 0x00, 0xb8, 0x3c, 0x00,
  0x43, 0xb5, 0x00, 0x00, 0x00, 0x00, 0x00, 0x00, 0x00, 0x00, 0x10, 0xbf,
  0x78, 0xbd, 0x0a, 0x00, 0x00, 0x00, 0x00, 0x00, 0x00, 0x00, 0x00, 0x00,
  0x0e, 0x78, 0x09, 0x00, 0x00, 0x00, 0x00, 0x00, 0x00, 0x00, 0x00, 0x00,
  0x2c, 0x43, 0x08, 0x4e, 0x24, 0x00, 0x00, 0x00, 0x00, 0x00, 0x00, 0x00,
  0x4a, 0xb7, 0x8f, 0xe6, 0x87, 0xbc, 0x40, 0x00, 0x00, 0x00, 0x00, 0x00,
  0x00, 0xac, 0x06, 0x25, 0xff, 0x24, 0x10, 0xa7, 0x00, 0x00, 0x00, 0x00,
  0x00, 0x00, 0xa6, 0x0a, 0x05, 0x7f, 0x05, 0x0b, 0xa7, 0x00, 0x00, 0x00,
  0x00, 0x00, 0x00, 0x66, 0x7d, 0x00, 0x00, 0x00, 0x80, 0x65, 0x00, 0x00,
  0x00, 0x00, 0x00, 0x00, 0x00, 0xb8, 0x3c, 0x00, 0x43, 0xb5, 0x00, 0x00,
  0x00, 0x00, 0x00, 0x00, 0x00, 0x00, 0x10, 0xbf, 0x78, 0xbd, 0x0a, 0x00,
  0x00, 0x00, 0x00, 0x00, 0x00, 0x00, 0x00, 0x00, 0x0e, 0x78, 0x09, 0x00,
  0x00, 0x00, 0x00, 0x00, 0x00, 0x00, 0x00, 0x00, 0x2c, 0x43, 0x08, 0x4e,
  0x24, 0x00, 0x00, 0x00, 0x00, 0x00, 0x00, 0x00, 0x4a, 0xb7, 0x8f, 0xe6,
  0x87, 0xbc, 0x40, 0x00, 0x00, 0x00, 0x00, 0x00, 0x00, 0xac, 0x06, 0x25,
  0xff, 0x24, 0x10, 0xa7, 0x00, 0x00, 0x00, 0x00, 0x00, 0x00, 0xa6, 0x0a,
  0x05, 0x7f, 0x05, 0x0b, 0xa7, 0x00, 0x00, 0x00, 0x00, 0x00, 0x00, 0x66,
  0x7d, 0x00, 0x00, 0x00, 0x80, 0x65, 0x00, 0x00, 0x00, 0x00, 0x00, 0x00,
  0x00, 0xb8, 0x3c, 0x00, 0x43, 0xb5, 0x00, 0x00, 0x00, 0x00, 0x00, 0x00,
  0x00, 0x00, 0x10, 0xbf, 0x78, 0xbd, 0x0a, 0x00, 0x00, 0x00, 0x00, 0x00,
  0x00, 0x00, 0x00, 0x00, 0x0e, 0x78, 0x09, 0x00, 0x00, 0x00, 0x00, 0x00,
  0x00, 0x00, 0x00, 0x00, 0x2c, 0x43, 0x08, 0x4e, 0x24, 0x00, 0x00, 0x00,
  0x00, 0x00, 0x00, 0x00, 0x4a, 0xb7, 0x8f, 0xe6, 0x87, 0xbc, 0x40, 0x00,
  0x00, 0x00, 0x00, 0x00, 0x00, 0xac, 0x06, 0x25, 0xff, 0x24, 0x10, 0xa7,
  0x00, 0x00, 0x00, 0x00, 0x00, 0x00, 0xa6, 0x0a, 0x05, 0x7f, 0x05, 0x0b,
  0xa7, 0x00, 0x00, 0x00, 0x00, 0x00, 0x00, 0x66, 0x7d, 0x00, 0x00, 0x00,
  0x80, 0x65, 0x00, 0x00, 0x00, 0x00, 0x00, 0x00, 0x00, 0xb8, 0x3c, 0x00,
  0x43, 0xb5, 0x00, 0x00, 0x00, 0x00, 0x00, 0x00, 0x00, 0x00, 0x10, 0xbf,
  0x78, 0xbd, 0x0a, 0x00, 0x00, 0x00, 0x00, 0x00, 0x00, 0x00, 0x00, 0x00,
  0x0e, 0x78, 0x09, 0x00, 0x00, 0x00, 0x00, 0x00, 0x00, 0x00, 0x00, 0x00,
  0x2c, 0x43, 0x08, 0x4e, 0x24, 0x00, 0x00, 0x00, 0x00, 0x00, 0x00, 0x00,
  0x4a, 0xb7, 0x8f, 0xe6, 0x87, 0xbc, 0x40, 0x00, 0x00, 0x00, 0x00, 0x00,
  0x00, 0xac, 0x06, 0x25, 0xff, 0x24, 0x10, 0xa7, 0x00, 0x00, 0x00, 0x00,
  0x00, 0x00, 0xa6, 0x0a, 0x05, 0x7f, 0x05, 0x0b, 0xa7, 0x00, 0x00, 0x00,
  0x00, 0x00, 0x00, 0x66, 0x7d, 0x00, 0x00, 0x00, 0x80, 0x65, 0x00, 0x00,
  0x00, 0x00, 0x00, 0x00, 0x00, 0xb8, 0x3c, 0x00, 0x43, 0xb5, 0x00, 0x00,
  0x00, 0x00, 0x00, 0x00, 0x00, 0x00, 0x10, 0xbf, 0x78, 0xbd, 0x0a, 0x00,
  0x00, 0x00, 0x00, 0x00, 0x00, 0x00, 0x00, 0x00, 0x0e, 0x78, 0x09, 0x00,
  0x00, 0x00, 0x00, 0x00, 0x00, 0x00, 0x00, 0x00, 0x2c, 0x43, 0x08, 0x4e,
  0x24, 0x00, 0x00, 0x00, 0x00, 0x00, 0x00, 0x00, 0x4a, 0xb7, 0x8f, 0xe6,
  0x87, 0xbc, 0x40, 0x00, 0x00, 0x00, 0x00, 0x00, 0x00, 0xac, 0x06, 0x25,
  0xff, 0x24, 0x10, 0xa7, 0x00, 0x00, 0x00, 0x00, 0x00, 0x00, 0xa6, 0x0a,
  0x05, 0x7f, 0x05, 0x0b, 0xa7, 0x00, 0x00, 0x00, 0x00, 0x00, 0x00, 0x66,
  0x7d, 0x00, 0x00, 0x00, 0x80, 0x65, 0x00, 0x00, 0x00, 0x00, 0x00, 0x00,
  0x00, 0xb8, 0x3c, 0x00, 0x43, 0xb5, 0x00, 0x00, 0x00, 0x00, 0x00, 0x00,
  0x00, 0x00, 0x10, 0xbf, 0x78, 0xbd, 0x0a, 0x00, 0x00, 0x00, 0x00, 0x00,
  0x00, 0x00, 0x00, 0x00, 0x0e, 0x78, 0x09, 0x00, 0x00, 0x00, 0x00, 0x00,
  0x00, 0x00, 0x00, 0x00, 0x2c, 0x43, 0x08, 0x4e, 0x24, 0x00, 0x00, 0x00,
  0x00, 0x00, 0x00, 0x00, 0x4a, 0xb7, 0x8f, 0xe6, 0x87, 0xbc, 0x40, 0x00,
  0x00, 0x00, 0x00, 0x00, 0x00, 0xac, 0x06, 0x25, 0xff, 0x24, 0x10, 0xa7,
  0x00, 0x00, 0x00, 0x00, 0x00, 0x00, 0xa6, 0x0a, 0x05, 0x7f, 0x05, 0x0b,
  0xa7, 0x00, 0x00, 0x00, 0x00, 0x00, 0x00, 0x66, 0x7d, 0x00, 0x00, 0x00,
  0x80, 0x65, 0x00, 0x00, 0x00, 0x00, 0x00, 0x00, 0x00, 0xb8, 0x3c, 0x00,
  0x43, 0xb5, 0x00, 0x00, 0x00, 0x00, 0x00, 0x00, 0x00, 0x00, 0x10, 0xbf,
  0x78, 0xbd, 0x0a, 0x00, 0x00, 0x00, 0x00, 0x00, 0x00, 0x00, 0x00, 0x00,
  0x0e, 0x78, 0x09, 0x00, 0x00, 0x00, 0x00, 0x00, 0x00, 0x00, 0x00, 0x00,
  0x2c, 0x43, 0x08, 0x4e, 0x24, 0x00, 0x00, 0x00, 0x00, 0x00, 0x00, 0x00,
  0x4a, 0xb7, 0x8f, 0xe6, 0x87, 0xbc, 0x40, 0x00, 0x00, 0x00, 0x00, 0x00,
  0x00, 0xac, 0x06, 0x25, 0xff, 0x24, 0x10, 0xa7, 0x00, 0x00, 0x00, 0x00,
  0x00, 0x00, 0xa6, 0x0a, 0x05, 0x7f, 0x05, 0x0b, 0xa7, 0x00, 0x00, 0x00,
  0x00, 0x00, 0x00, 0x66, 0x7d, 0x00, 0x00, 0x00, 0x80, 0x65, 0x00, 0x00,
  0x00, 0x00, 0x00, 0x00, 0x00, 0xb8, 0x3c, 0x00, 0x43, 0xb5, 0x00, 0x00,
  0x00, 0x00, 0x00, 0x00, 0x00, 0x00, 0x10, 0xbf, 0x78, 0xbd, 0x0a, 0x00,
  0x00, 0x00, 0x00, 0x00, 0x00, 0x00, 0x00, 0x00, 0x0e, 0x78, 0x09, 0x00,
  0x00, 0x00, 0x00, 0x00, 0x00, 0x00, 0x00, 0x00, 0x2c, 0x43, 0x08, 0x4e,
  0x24, 0x00, 0x00, 0x00, 0x00, 0x00, 0x00, 0x00, 0x4a, 0xb7, 0x8f, 0xe6,
  0x87, 0xbc, 0x40, 0x00, 0x00, 0x00, 0x00, 0x00, 0x00, 0xac, 0x06, 0x25,
  0xff, 0x24, 0x10, 0xa7, 0x00, 0x00, 0x00, 0x00, 0x00, 0x00, 0xa6, 0x0a,
  0x05, 0x7f, 0x05, 0x0b, 0xa7, 0x00, 0x00, 0x00, 0x00, 0x00, 0x00, 0x66,
  0x7d, 0x00, 0x00, 0x00, 0x80, 0x65, 0x00, 0x00, 0x00, 0x00, 0x00, 0x00,
  0x00, 0xb8, 0x3c, 0x00, 0x43, 0xb5, 0x00, 0x00, 0x00, 0x00, 0x00, 0x00,
  0x00, 0x00, 0x10, 0xbf, 0x78, 0xbd, 0x0a, 0x00, 0x00, 0x00, 0x00, 0x00,
  0x00, 0x00, 0x00, 0x00, 0x0e, 0x78, 0x09, 0x00, 0x00, 0x00, 0x00, 0x00,
  0x00, 0x00, 0x00, 0x00, 0x2c, 0x43, 0x08, 0x4e, 0x24, 0x00, 0x00, 0x00,
  0x00, 0x00, 0x00, 0x00, 0x4a, 0xb7, 0x8f, 0xe6, 0x87, 0xbc, 0x40, 0x00,
  0x00, 0x00, 0x00, 0x00, 0x00, 0xac, 0x06, 0x25, 0xff, 0x24, 0x10, 0xa7,
  0x00, 0x00, 0x00, 0x00, 0x00, 0x00, 0xa6, 0x0a, 0x05, 0x7f, 0x05, 0x0b,
  0xa7, 0x00, 0x00, 0x00, 0x00, 0x00, 0x00, 0x66, 0x7d, 0x00, 0x00, 0x00,
  0x80, 0x65, 0x00, 0x00, 0x00, 0x00, 0x00, 0x00, 0x00, 0xb8, 0x3c, 0x00,
  0x43, 0xb5, 0x00, 0x00, 0x00, 0x00, 0x00, 0x00, 0x00, 0x00, 0x10, 0xbf,
  0x78, 0xbd, 0x0a, 0x00, 0x00, 0x00, 0x00, 0x00, 0x00, 0x00, 0x00, 0x00,
  0x0e, 0x78, 0x09, 0x00, 0x00, 0x00, 0x00, 0x00, 0x00, 0x00, 0x00, 0x00,
  0x2c, 0x43, 0x08, 0x4e, 0x24, 0x00, 0x00, 0x00, 0x00, 0x00, 0x00, 0x00,
  0x4a, 0xb7, 0x8f, 0xe6, 0x87, 0xbc, 0x40, 0x00, 0x00, 0x00, 0x00, 0x00,
  0x00, 0xac, 0x06, 0x25, 0xff, 0x24, 0x10, 0xa7, 0x00, 0x00, 0x00, 0x00,
  0x00, 0x00, 0xa6, 0x0a, 0x05, 0x7f, 0x05, 0x0b, 0xa7, 0x00, 0x00, 0x00,
  0x00, 0x00, 0x00, 0x66, 0x7d, 0x00, 0x00, 0x00, 0x80, 0x65, 0x00, 0x00,
  0x00, 0x00, 0x00, 0x00, 0x00, 0xb8, 0x3c, 0x00, 0x43, 0xb5, 0x00, 0x00,
  0x00, 0x00, 0x00, 0x00, 0x00, 0x00, 0x10, 0xbf, 0x78, 0xbd, 0x0a, 0x00,
  0x00, 0x00, 0x00, 0x00, 0x00, 0x00, 0x00, 0x00, 0x0e, 0x78, 0x09, 0x00,
  0x00, 0x00, 0x00, 0x00, 0x00, 0x00, 0x00, 0x00, 0x2c, 0x43, 0x08, 0x4e,
  0x24, 0x00, 0x00, 0x00, 0x00, 0x00, 0x00, 0x00, 0x4a, 0xb7, 0x8f, 0xe6,
  0x87, 0xbc, 0x40, 0x00, 0x00, 0x00, 0x00, 0x00, 0x00, 0xac, 0x06, 0x25,
  0xff, 0x24, 0x10, 0xa7, 0x00, 0x00, 0x00, 0x00, 0x00, 0x00, 0xa6, 0x0a,
  0x05, 0x7f, 0x05, 0x0b, 0xa7, 0x00, 0x00, 0x00, 0x00, 0x00, 0x00, 0x66,
  0x7d, 0x00, 0x00, 0x00, 0x80, 0x65, 0x00, 0x00, 0x00, 0x00, 0x00, 0x00,
  0x00, 0xb8, 0x3c, 0x00, 0x43, 0xb5, 0x00, 0x00, 0x00, 0x00, 0x00, 0x00,
  0x00, 0x00, 0x10, 0xbf, 0x78, 0xbd, 0x0a, 0x00, 0x00, 0x00, 0x00, 0x00,
  0x00, 0x00, 0x00, 0x00, 0x0e, 0x78, 0x09, 0x00, 0x00, 0x00, 0x00, 0x00,
  0x00, 0x00, 0x00, 0x00, 0x2c, 0x43, 0x08, 0x4e, 0x24, 0x00, 0x00, 0x00,
  0x00, 0x00, 0x00, 0x00, 0x4a, 0xb7, 0x8f, 0xe6, 0x87, 0xbc, 0x40, 0x00,
  0x00, 0x00, 0x00, 0x00, 0x00, 0xac, 0x06, 0x25, 0xff, 0x24, 0x10, 0xa7,
  0x00, 0x00, 0x00, 0x00, 0x00, 0x00, 0xa6, 0x0a, 0x05, 0x7f, 0x05, 0x0b,
  0xa7, 0x00, 0x00, 0x00, 0x00, 0x00, 0x00, 0x66, 0x7d, 0x00, 0x00, 0x00,
  0x80, 0x65, 0x00, 0x00, 0x00, 0x00, 0x00, 0x00, 0x00, 0xb8, 0x3c, 0x00,
  0x43, 0xb5, 0x00, 0x00, 0x00, 0x00, 0x00, 0x00, 0x00, 0x00, 0x10, 0xbf,
  0x78, 0xbd, 0x0a, 0x00, 0x00, 0x00, 0x00, 0x00, 0x00, 0x00, 0x00, 0x00,
  0x0e, 0x78, 0x09, 0x00, 0x00, 0x00, 0x00, 0x00, 0x00, 0x00, 0x00, 0x00,
  0x2c, 0x43, 0x08, 0x4e, 0x24, 0x00, 0x00, 0x00, 0x00, 0x00, 0x00, 0x00,
  0x4a, 0xb7, 0x8f, 0xe6, 0x87, 0xbc, 0x40, 0x00, 0x00, 0x00, 0x00, 0x00,
  0x00, 0xac, 0x06, 0x25, 0xff, 0x24, 0x10, 0xa7, 0x00, 0x00, 0x00, 0x00,
  0x00, 0x00, 0xa6, 0x0a, 0x05, 0x7f, 0x05, 0x0b, 0xa7, 0x00, 0x00, 0x00,
  0x00, 0x00, 0x00, 0x66, 0x7d, 0x00, 0x00, 0x00, 0x80, 0x65, 0x00, 0x00,
  0x00, 0x00, 0x00, 0x00, 0x00, 0xb8, 0x3c, 0x00, 0x43, 0xb5, 0x00, 0x00,
  0x00, 0x00, 0x00, 0x00, 0x00, 0x00, 0x10, 0xbf, 0x78, 0xbd, 0x0a, 0x00,
  0x00, 0x00, 0x00, 0x00, 0x00, 0x00, 0x00, 0x00, 0x0e, 0x78, 0x09, 0x00,
  0x00, 0x00, 0x00, 0x00, 0x00, 0x00, 0x00, 0x00, 0x2c, 0x43, 0x08, 0x4e,
  0x24, 0x00, 0x00, 0x00, 0x00, 0x00, 0x00, 0x00, 0x4a, 0xb7, 0x8f, 0xe6,
  0x87, 0xbc, 0x40, 0x00, 0x00, 0x00, 0x00, 0x00, 0x00, 0xac, 0x06, 0x25,
  0xff, 0x24, 0x10, 0xa7, 0x00, 0x00, 0x00, 0x00, 0x00, 0x00, 0xa6, 0x0a,
  0x05, 0x7f, 0x05, 0x0b, 0xa7, 0x00, 0x00, 0x00, 0x00, 0x00, 0x00, 0x66,
  0x7d, 0x00, 0x00, 0x00, 0x80, 0x65, 0x00, 0x00, 0x00, 0x00, 0x00, 0x00,
  0x00, 0xb8, 0x3c, 0x00, 0x43, 0xb5, 0x00, 0x00, 0x00, 0x00, 0x00, 0x00,
  0x00, 0x00, 0x10, 0xbf, 0x78, 0xbd, 0x0a, 0x00, 0x00, 0x00, 0x00, 0x00,
  0x00, 0x00, 0x00, 0x00, 0x0e, 0x78, 0x09, 0x00, 0x00, 0x00, 0x00, 0x00,
  0x00, 0x00, 0x00, 0x00, 0x2c, 0x43, 0x08, 0x4e, 0x24, 0x00, 0x00, 0x00,
  0x00, 0x00, 0x00, 0x00, 0x4a, 0xb7, 0x8f, 0xe6, 0x87, 0xbc, 0x40, 0x00,
  0x00, 0x00, 0x00, 0x00, 0x00, 0xac, 0x06, 0x25, 0xff, 0x24, 0x10, 0xa7,
  0x00, 0x00, 0x00, 0x00, 0x00, 0x00, 0xa6, 0x0a, 0x05, 0x7f, 0x05, 0x0b,
  0xa7, 0x00, 0x00, 0x00, 0x00, 0x00, 0x00, 0x66, 0x7d, 0x00, 0x00, 0x00,
  0x80, 0x65, 0x00, 0x00, 0x00, 0x00, 0x00, 0x00, 0x00, 0xb8, 0x3c, 0x00,
  0x43, 0xb5, 0x00, 0x00, 0x00, 0x00, 0x00, 0x00, 0x00, 0x00, 0x10, 0xbf,
  0x78, 0xbd, 0x0a, 0x00, 0x00, 0x00, 0x00, 0x00, 0x00, 0x00, 0x00, 0x00,
  0x0e, 0x78, 0x09, 0x00, 0x00, 0x00, 0x00, 0x00, 0x00, 0x00, 0x00, 0x00,
  0x2c, 0x43, 0x08, 0x4e, 0x24, 0x00, 0x00, 0x00, 0x00, 0x00, 0x00, 0x00,
  0x4a, 0xb7, 0x8f, 0xe6, 0x87, 0xbc, 0x40, 0x00, 0x00, 0x00, 0x00, 0x00,
  0x00, 0xac, 0x06, 0x25, 0xff, 0x24, 0x10, 0xa7, 0x00, 0x00, 0x00, 0x00,
  0x00, 0x00, 0xa6, 0x0a, 0x05, 0x7f, 0x05, 0x0b, 0xa7, 0x00, 0x00, 0x00,
  0x00, 0x00, 0x00, 0x66, 0x7d, 0x00, 0x00, 0x00, 0x80, 0x65, 0x00, 0x00,
  0x00, 0x00, 0x00, 0x00, 0x00, 0xb8, 0x3c, 0x00, 0x43, 0xb5, 0x00, 0x00,
  0x00, 0x00, 0x00, 0x00, 0x00, 0x00, 0x10, 0xbf, 0x78, 0xbd, 0x0a, 0x00,
  0x00, 0x00, 0x00, 0x00, 0x00, 0x00, 0x00, 0x00, 0x0e, 0x78, 0x09, 0x00,
  0x00, 0x00, 0x00, 0x00, 0x00, 0x00, 0x00, 0x00, 0x2c, 0x43, 0x08, 0x4e,
  0x24, 0x00, 0x00, 0x00, 0x00, 0x00, 0x00, 0x00, 0x4a, 0xb7, 0x8f, 0xe6,
  0x87, 0xbc, 0x40, 0x00, 0x00, 0x00, 0x00, 0x00, 0x00, 0xac, 0x06, 0x25,
  0xff, 0x24, 0x10, 0xa7, 0x00, 0x00, 0x00, 0x00, 0x00, 0x00, 0xa6, 0x0a,
  0x05, 0x7f, 0x05, 0x0b, 0xa7, 0x00, 0x00, 0x00, 0x00, 0x00, 0x00, 0x66,
  0x7d, 0x00, 0x00, 0x00, 0x80, 0x65, 0x00, 0x00, 0x00, 0x00, 0x00, 0x00,
  0x00, 0xb8, 0x3c, 0x00, 0x43, 0xb5, 0x00, 0x00, 0x00, 0x00, 0x00, 0x00,
  0x00, 0x00, 0x10, 0xbf, 0x78, 0xbd, 0x0a, 0x00, 0x00, 0x00, 0x00, 0x00,
  0x00, 0x00, 0x00, 0x00, 0x0e, 0x78, 0x09, 0x00, 0x00, 0x00, 0x00, 0x00,
  0x00, 0x00, 0x00, 0x00, 0x2c, 0x43, 0x08, 0x4e, 0x24, 0x00, 0x00, 0x00,
  0x00, 0x00, 0x00, 0x00, 0x4a, 0xb7, 0x8f, 0xe6, 0x87, 0xbc, 0x40, 0x00,
  0x00, 0x00, 0x00, 0x00, 0x00, 0xac, 0x06, 0x25, 0xff, 0x24, 0x10, 0xa7,
  0x00, 0x00, 0x00, 0x00, 0x00, 0x00, 0xa6, 0x0a, 0x05, 0x7f, 0x05, 0x0b,
  0xa7, 0x00, 0x00, 0x00, 0x00, 0x00, 0x00, 0x66, 0x7d, 0x00, 0x00, 0x00,
  0x80, 0x65, 0x00, 0x00, 0x00, 0x00, 0x00, 0x00, 0x00, 0xb8, 0x3c, 0x00,
  0x43, 0xb5, 0x00, 0x00, 0x00, 0x00, 0x00, 0x00, 0x00, 0x00, 0x10, 0xbf,
  0x78, 0xbd, 0x0a, 0x00, 0x00, 0x00, 0x00, 0x00, 0x00, 0x00, 0x00, 0x00,
  0x0e, 0x78, 0x09, 0x00, 0x00, 0x00, 0x00, 0x00, 0x00, 0x00, 0x00, 0x00,
  0x2c, 0x43, 0x08, 0x4e, 0x24, 0x00, 0x00, 0x00, 0x00, 0x00, 0x00, 0x00,
  0x4a, 0xb7, 0x8f, 0xe6, 0x87, 0xbc, 0x40, 0x00, 0x00, 0x00, 0x00, 0x00,
  0x00, 0xac, 0x06, 0x25, 0xff, 0x24, 0x10, 0xa7, 0x00, 0x00, 0x00, 0x00,
  0x00, 0x00, 0xa6, 0x0a, 0x05, 0x7f, 0x05, 0x0b, 0xa7, 0x00, 0x00, 0x00,
  0x00, 0x00, 0x00, 0x66, 0x7d, 0x00, 0x00, 0x00, 0x80, 0x65, 0x00, 0x00,
  0x00, 0x00, 0x00, 0x00, 0x00, 0xb8, 0x3c, 0x00, 0x43, 0xb5, 0x00, 0x00,
  0x00, 0x00, 0x00, 0x00, 0x00, 0x00, 0x10, 0xbf, 0x78, 0xbd, 0x0a, 0x00,
  0x00, 0x00, 0x00, 0x00, 0x00, 0x00, 0x00, 0x00, 0x0e, 0x78, 0x09, 0x00,
  0x00, 0x00, 0x00, 0x00, 0x00, 0x00, 0x00, 0x00, 0x2c, 0x43, 0x08, 0x4e,
  0x24, 0x00, 0x00, 0x00, 0x00, 0x00, 0x00, 0x00, 0x4a, 0xb7, 0x8f, 0xe6,
  0x87, 0xbc, 0x40, 0x00, 0x00, 0x00, 0x00, 0x00, 0x00, 0xac, 0x06, 0x25,
  0xff, 0x24, 0x10, 0xa7, 0x00, 0x00, 0x00, 0x00, 0x00, 0x00, 0xa6, 0x0a,
  0x05, 0x7f, 0x05, 0x0b, 0xa7, 0x00, 0x00, 0x00, 0x00, 0x00, 0x00, 0x66,
  0x7d, 0x00, 0x00, 0x00, 0x80, 0x65, 0x00, 0x00, 0x00, 0x00, 0x00, 0x00,
  0x00, 0xb8, 0x3c, 0x00, 0x43, 0xb5, 0x00, 0x00, 0x00, 0x00, 0x00, 0x00,
  0x00, 0x00, 0x10, 0xbf, 0x78, 0xbd, 0x0a, 0x00, 0x00, 0x00, 0x00, 0x00,
  0x00, 0x00, 0x00, 0x00, 0x0e, 0x78, 0x09, 0x00, 0x00, 0x00, 0x00, 0x00,
  0x00, 0x00, 0x00, 0x00, 0x2c, 0x43, 0x08, 0x4e, 0x24, 0x00, 0x00, 0x00,
  0x00, 0x00, 0x00, 0x00, 0x4a, 0xb7, 0x8f, 0xe6, 0x87, 0xbc, 0x40, 0x00,
  0x00, 0x00, 0x00, 0x00, 0x00, 0xac, 0x06, 0x25, 0xff, 0x24, 0x10, 0xa7,
  0x00, 0x00, 0x00, 0x00, 0x00, 0x00, 0xa6, 0x0a, 0x05, 0x7f, 0x05, 0x0b,
  0xa7, 0x00, 0x00, 0x00, 0x00, 0x00, 0x00, 0x66, 0x7d, 0x00, 0x00, 0x00,
  0x80, 0x65, 0x00, 0x00, 0x00, 0x00, 0x00, 0x00, 0x00, 0xb8, 0x3c, 0x00,
  0x43, 0xb5, 0x00, 0x00, 0x00, 0x00, 0x00, 0x00, 0x00, 0x00, 0x10, 0xbf,
  0x78, 0xbd, 0x0a, 0x00, 0x00, 0x00, 0x00, 0x00, 0x00, 0x00, 0x00, 0x00,
  0x0e, 0x78, 0x09, 0x00, 0x00, 0x00, 0x00, 0x00, 0x00, 0x00, 0x00, 0x00,
  0x2c, 0x43, 0x08, 0x4e, 0x24, 0x00, 0x00, 0x00, 0x00, 0x00, 0x00, 0x00,
  0x4a, 0xb7, 0x8f, 0xe6, 0x87, 0xbc, 0x40, 0x00, 0x00, 0x00, 0x00, 0x00,
  0x00, 0xac, 0x06, 0x25, 0xff, 0x24, 0x10, 0xa7, 0x00, 0x00, 0x00, 0x00,
  0x00, 0x00, 0xa6, 0x0a, 0x05, 0x7f, 0x05, 0x0b, 0xa7, 0x00, 0x00, 0x00,
  0x00, 0x00, 0x00, 0x66, 0x7d, 0x00, 0x00, 0x00, 0x80, 0x65, 0x00, 0x00,
  0x00, 0x00, 0x00, 0x00, 0x00, 0xb8, 0x3c, 0x00, 0x43, 0xb5, 0x00, 0x00,
  0x00, 0x00, 0x00, 0x00, 0x00, 0x00, 0x10, 0xbf, 0x78, 0xbd, 0x0a, 0x00,
  0x00, 0x00, 0x00, 0x00, 0x00, 0x00, 0x00, 0x00, 0x0e, 0x78, 0x09, 0x00,
  0x00, 0x00, 0x00, 0x00, 0x00, 0x00, 0x00, 0x00, 0x2c, 0x43, 0x08, 0x4e,
  0x24, 0x00, 0x00, 0x00, 0x00, 0x00, 0x00, 0x00, 0x4a, 0xb7, 0x8f, 0xe6,
  0x87, 0xbc, 0x40, 0x00, 0x00, 0x00, 0x00, 0x00, 0x00, 0xac, 0x06, 0x25,
  0xff, 0x24, 0x10, 0xa7, 0x00, 0x00, 0x00, 0x00, 0x00, 0x00, 0xa6, 0x0a,
  0x05, 0x7f, 0x05, 0x0b, 0xa7, 0x00, 0x00, 0x00, 0x00, 0x00, 0x00, 0x66,
  0x7d, 0x00, 0x00, 0x00, 0x80, 0x65, 0x00, 0x00, 0x00, 0x00, 0x00, 0x00,
  0x00, 0xb8, 0x3c, 0x00, 0x43, 0xb5, 0x00, 0x00, 0x00, 0x00, 0x00, 0x00,
  0x00, 0x00, 0x10, 0xbf, 0x78, 0xbd, 0x0a, 0x00, 0x00, 0x00, 0x00, 0x00,
  0x00, 0x00, 0x00, 0x00, 0x0e, 0x78, 0x09, 0x00, 0x00, 0x00, 0x00, 0x00,
  0x00, 0x00, 0x00, 0x00, 0x2c, 0x43, 0x08, 0x4e, 0x24, 0x00, 0x00, 0x00,
  0x00, 0x00, 0x00, 0x00, 0x4a, 0xb7, 0x8f, 0xe6, 0x87, 0xbc, 0x40, 0x00,
  0x00, 0x00, 0x00, 0x00, 0x00, 0xac, 0x06, 0x25, 0xff, 0x24, 0x10, 0xa7,
  0x00, 0x00, 0x00, 0x00, 0x00, 0x00, 0xa6, 0x0a, 0x05, 0x7f, 0x05, 0x0b,
  0xa7, 0x00, 0x00, 0x00, 0x00, 0x00, 0x00, 0x66, 0x7d, 0x00, 0x00, 0x00,
  0x80, 0x65, 0x00, 0x00, 0x00, 0x00, 0x00, 0x00, 0x00, 0xb8, 0x3c, 0x00,
  0x43, 0xb5, 0x00, 0x00, 0x00, 0x00, 0x00, 0x00, 0x00, 0x00, 0x10, 0xbf,
  0x78, 0xbd, 0x0a, 0x00, 0x00, 0x00, 0x00, 0x00, 0x00, 0x00, 0x00, 0x00,
  0x0e, 0x78, 0x09, 0x00, 0x00, 0x00, 0x00, 0x00, 0x00, 0x00, 0x00, 0x00,
  0x2c, 0x43, 0x08, 0x4e, 0x24, 0x00, 0x00, 0x00, 0x00, 0x00, 0x00, 0x00,
  0x4a, 0xb7, 0x8f, 0xe6, 0x87, 0xbc, 0x40, 0x00, 0x00, 0x00, 0x00, 0x00,
  0x00, 0xac, 0x06, 0x25, 0xff, 0x24, 0x10, 0xa7, 0x00, 0x00, 0x00, 0x00,
  0x00, 0x00, 0xa6, 0x0a, 0x05, 0x7f, 0x05, 0x0b, 0xa7, 0x00, 0x00, 0x00,
  0x00, 0x00, 0x00, 0x66, 0x7d, 0x00, 0x00, 0x00, 0x80, 0x65, 0x00, 0x00,
  0x00, 0x00, 0x00, 0x00, 0x00, 0xb8, 0x3c, 0x00, 0x43, 0xb5, 0x00, 0x00,
  0x00, 0x00, 0x00, 0x00, 0x00, 0x00, 0x10, 0xbf, 0x78, 0xbd, 0x0a, 0x00,
  0x00, 0x00, 0x00, 0x00, 0x00, 0x00, 0x00, 0x00, 0x0e, 0x78, 0x09, 0x00,
  0x00, 0x00, 0x00, 0x00, 0x00, 0x00, 0x00, 0x00, 0x2c, 0x43, 0x08, 0x4e,
  0x24, 0x00, 0x00, 0x00, 0x00, 0x00, 0x00, 0x00, 0x4a, 0xb7, 0x8f, 0xe6,
  0x87, 0xbc, 0x40, 0x00, 0x00, 0x00, 0x00, 0x00, 0x00, 0xac, 0x06, 0x25,
  0xff, 0x24, 0x10, 0xa7, 0x00, 0x00, 0x00, 0x00, 0x00, 0x00, 0xa6, 0x0a,
  0x05, 0x7f, 0x05, 0x0b, 0xa7, 0x00, 0x00, 0x00, 0x00, 0x00, 0x00, 0x66,
  0x7d, 0x00, 0x00, 0x00, 0x80, 0x65, 0x00, 0x00, 0x00, 0x00, 0x00, 0x00,
  0x00, 0xb8, 0x3c, 0x00, 0x43, 0xb5, 0x00, 0x00, 0x00, 0x00, 0x00, 0x00,
  0x00, 0x00, 0x10, 0xbf, 0x78, 0xbd, 0x0a, 0x00, 0x00, 0x00, 0x00, 0x00,
  0x00, 0x00, 0x00, 0x00, 0x0e, 0x78, 0x09, 0x00, 0x00, 0x00, 0x00, 0x00,
  0x00, 0x00, 0x00, 0x00, 0x2c, 0x43, 0x08, 0x4e, 0x24, 0x00, 0x00, 0x00,
  0x00, 0x00, 0x00, 0x00, 0x4a, 0xb7, 0x8f, 0xe6, 0x87, 0xbc, 0x40, 0x00,
  0x00, 0x00, 0x00, 0x00, 0x00, 0xac, 0x06, 0x25, 0xff, 0x24, 0x10, 0xa7,
  0x00, 0x00, 0x00, 0x00, 0x00, 0x00, 0xa6, 0x0a, 0x05, 0x7f, 0x05, 0x0b,
  0xa7, 0x00, 0x00, 0x00, 0x00, 0x00, 0x00, 0x66, 0x7d, 0x00, 0x00, 0x00,
  0x80, 0x65, 0x00, 0x00, 0x00, 0x00, 0x00, 0x00, 0x00, 0xb8, 0x3c, 0x00,
  0x43, 0xb5, 0x00, 0x00, 0x00, 0x00, 0x00, 0x00, 0x00, 0x00, 0x10, 0xbf,
  0x78, 0xbd, 0x0a, 0x00, 0x00, 0x00, 0x00, 0x00, 0x00, 0x00, 0x00, 0x00,
  0x0e, 0x78, 0x09, 0x00, 0x00, 0x00, 0x00, 0x00, 0x00, 0x00, 0x00, 0x00,
  0x2c, 0x43, 0x08, 0x4e, 0x24, 0x00, 0x00, 0x00, 0x00, 0x00, 0x00, 0x00,
  0x4a, 0xb7, 0x8f, 0xe6, 0x87, 0xbc, 0x40, 0x00, 0x00, 0x00, 0x00, 0x00,
  0x00, 0xac, 0x06, 0x25, 0xff, 0x24, 0x10, 0xa7, 0x00, 0x00, 0x00, 0x00,
  0x00, 0x00, 0xa6, 0x0a, 0x05, 0x7f, 0x05, 0x0b, 0xa7, 0x00, 0x00, 0x00,
  0x00, 0x00, 0x00, 0x66, 0x7d, 0x00, 0x00, 0x00, 0x80, 0x65, 0x00, 0x00,
  0x00, 0x00, 0x00, 0x00, 0x00, 0xb8, 0x3c, 0x00, 0x43, 0xb5, 0x00, 0x00,
  0x00, 0x00, 0x00, 0x00, 0x00, 0x00, 0x10, 0xbf, 0x78, 0xbd, 0x0a, 0x00,
  0x00, 0x00, 0x00, 0x00, 0x00, 0x00, 0x00, 0x00, 0x0e, 0x78, 0x09, 0x00,
  0x00, 0x00, 0x00, 0x00, 0x00, 0x00, 0x00, 0x00, 0x2c, 0x43, 0x08, 0x4e,
  0x24, 0x00, 0x00, 0x00, 0x00, 0x00, 0x00, 0x00, 0x4a, 0xb7, 0x8f, 0xe6,
  0x87, 0xbc, 0x40, 0x00, 0x00, 0x00, 0x00, 0x00, 0x00, 0xac, 0x06, 0x25,
  0xff, 0x24, 0x10, 0xa7, 0x00, 0x00, 0x00, 0x00, 0x00, 0x00, 0xa6, 0x0a,
  0x05, 0x7f, 0x05, 0x0b, 0xa7, 0x00, 0x00, 0x00, 0x00, 0x00, 0x00, 0x66,
  0x7d, 0x00, 0x00, 0x00, 0x80, 0x65, 0x00, 0x00, 0x00, 0x00, 0x00, 0x00,
  0x00, 0xb8, 0x3c, 0x00, 0x43, 0xb5, 0x00, 0x00, 0x00, 0x00, 0x00, 0x00,
  0x00, 0x00, 0x10, 0xbf, 0x78, 0xbd, 0x0a, 0x00, 0x00, 0x00, 0x00, 0x00,
  0x00, 0x00, 0x00, 0x00, 0x0e, 0x78, 0x09, 0x00, 0x00, 0x00, 0x00, 0x00,
  0x00, 0x00, 0x00, 0x00, 0x2c, 0x43, 0x08, 0x4e, 0x24, 0x00, 0x00, 0x00,
  0x00, 0x00, 0x00, 0x00, 0x4a, 0xb7, 0x8f, 0xe6, 0x87, 0xbc, 0x40, 0x00,
  0x00, 0x00, 0x00, 0x00, 0x00, 0xac, 0x06, 0x25, 0xff, 0x24, 0x10, 0xa7,
  0x00, 0x00, 0x00, 0x00, 0x00, 0x00, 0xa6, 0x0a, 0x05, 0x7f, 0x05, 0x0b,
  0xa7, 0x00, 0x00, 0x00, 0x00, 0x00, 0x00, 0x66, 0x7d, 0x00, 0x00, 0x00,
  0x80, 0x65, 0x00, 0x00, 0x00, 0x00, 0x00, 0x00, 0x00, 0xb8, 0x3c, 0x00,
  0x43, 0xb5, 0x00, 0x00, 0x00, 0x00, 0x00, 0x00, 0x00, 0x00, 0x10, 0xbf,
  0x78, 0xbd, 0x0a, 0x00, 0x00, 0x00, 0x00, 0x00, 0x00, 0x00, 0x00, 0x00,
  0x0e, 0x78, 0x09, 0x00, 0x00, 0x00, 0x00, 0x00, 0x00, 0x00, 0x00, 0x00,
  0x2c, 0x43, 0x08, 0x4e, 0x24, 0x00, 0x00, 0x00, 0x00, 0x00, 0x00, 0x00,
  0x4a, 0xb7, 0x8f, 0xe6, 0x87, 0xbc, 0x40, 0x00, 0x00, 0x00, 0x00, 0x00,
  0x00, 0xac, 0x06, 0x25, 0xff, 0x24, 0x10, 0xa7, 0x00, 0x00, 0x00, 0x00,
  0x00, 0x00, 0xa6, 0x0a, 0x05, 0x7f, 0x05, 0x0b, 0xa7, 0x00, 0x00, 0x00,
  0x00, 0x00, 0x00, 0x66, 0x7d, 0x00, 0x00, 0x00, 0x80, 0x65, 0x00, 0x00,
  0x00, 0x00, 0x00, 0x00, 0x00, 0xb8, 0x3c, 0x00, 0x43, 0xb5, 0x00, 0x00,
  0x00, 0x00, 0x00, 0x00, 0x00, 0x00, 0x10, 0xbf, 0x78, 0xbd, 0x0a, 0x00,
  0x00, 0x00, 0x00, 0x00, 0x00, 0x00, 0x00, 0x00, 0x0e, 0x78, 0x09, 0x00,
  0x00, 0x00, 0x00, 0x00, 0x00, 0x00, 0x00, 0x00, 0x2c, 0x43, 0x08, 0x4e,
  0x24, 0x00, 0x00, 0x00, 0x00, 0x00, 0x00, 0x00, 0x4a, 0xb7, 0x8f, 0xe6,
  0x87, 0xbc, 0x40, 0x00, 0x00, 0x00, 0x00, 0x00, 0x00, 0xac, 0x06, 0x25,
  0xff, 0x24, 0x10, 0xa7, 0x00, 0x00, 0x00, 0x00, 0x00, 0x00, 0xa6, 0x0a,
  0x05, 0x7f, 0x05, 0x0b, 0xa7, 0x00, 0x00, 0x00, 0x00, 0x00, 0x00, 0x66,
  0x7d, 0x00, 0x00, 0x00, 0x80, 0x65, 0x00, 0x00, 0x00, 0x00, 0x00, 0x00,
  0x00, 0xb8, 0x3c, 0x00, 0x43, 0xb5, 0x00, 0x00, 0x00, 0x00, 0x00, 0x00,
  0x00, 0x00, 0x10, 0xbf, 0x78, 0xbd, 0x0a, 0x00, 0x00, 0x00, 0x00, 0x00,
  0x00, 0x00, 0x00, 0x00, 0x0e, 0x78, 0x09, 0x00, 0x00, 0x00, 0x00, 0x00,
  0x00, 0x00, 0x00, 0x00, 0x2c, 0x43, 0x08, 0x4e, 0x24, 0x00, 0x00, 0x00,
  0x00, 0x00, 0x00, 0x00, 0x4a, 0xb7, 0x8f, 0xe6, 0x87, 0xbc, 0x40, 0x00,
  0x00, 0x00, 0x00, 0x00, 0x00, 0xac, 0x06, 0x25, 0xff, 0x24, 0x10, 0xa7,
  0x00, 0x00, 0x00, 0x00, 0x00, 0x00, 0xa6, 0x0a, 0x05, 0x7f, 0x05, 0x0b,
  0xa7, 0x00, 0x00, 0x00, 0x00, 0x00, 0x00, 0x66, 0x7d, 0x00, 0x00, 0x00,
  0x80, 0x65, 0x00, 0x00, 0x00, 0x00, 0x00, 0x00, 0x00, 0xb8, 0x3c, 0x00,
  0x43, 0xb5, 0x00, 0x00, 0x00, 0x00, 0x00, 0x00, 0x00, 0x00, 0x10, 0xbf,
  0x78, 0xbd, 0x0a, 0x00, 0x00, 0x00, 0x00, 0x00, 0x00, 0x00, 0x00, 0x00,
  0x0e, 0x78, 0x09, 0x00, 0x00, 0x00, 0x00, 0x00, 0x00, 0x00, 0x00, 0x00,
  0x2c, 0x43, 0x08, 0x4e, 0x24, 0x00, 0x00, 0x00, 0x00, 0x00, 0x00, 0x00,
  0x4a, 0xb7, 0x8f, 0xe6, 0x87, 0xbc, 0x40, 0x00, 0x00, 0x00, 0x00, 0x00,
  0x00, 0xac, 0x06, 0x25, 0xff, 0x24, 0x10, 0xa7, 0x00, 0x00, 0x00, 0x00,
  0x00, 0x00, 0xa6, 0x0a, 0x05, 0x7f, 0x05, 0x0b, 0xa7, 0x00, 0x00, 0x00,
  0x00, 0x00, 0x00, 0x66, 0x7d, 0x00, 0x00, 0x00, 0x80, 0x65, 0x00, 0x00,
  0x00, 0x00, 0x00, 0x00, 0x00, 0xb8, 0x3c, 0x00, 0x43, 0xb5, 0x00, 0x00,
  0x00, 0x00, 0x00, 0x00, 0x00, 0x00, 0x10, 0xbf, 0x78, 0xbd, 0x0a, 0x00,
  0x00, 0x00, 0x00, 0x00, 0x00, 0x00, 0x00, 0x00, 0x0e, 0x78, 0x09, 0x00,
  0x00, 0x00, 0x00, 0x00, 0x00, 0x00, 0x00, 0x00, 0x2c, 0x43, 0x08, 0x4e,
  0x24, 0x00, 0x00, 0x00, 0x00, 0x00, 0x00, 0x00, 0x4a, 0xb7, 0x8f, 0xe6,
  0x87, 0xbc, 0x40, 0x00, 0x00, 0x00, 0x00, 0x00, 0x00, 0xac, 0x06, 0x25,
  0xff, 0x24, 0x10, 0xa7, 0x00, 0x00, 0x00, 0x00, 0x00, 0x00, 0xa6, 0x0a,
  0x05, 0x7f, 0x05, 0x0b, 0xa7, 0x00, 0x00, 0x00, 0x00, 0x00, 0x00, 0x66,
  0x7d, 0x00, 0x00, 0x00, 0x80, 0x65, 0x00, 0x00, 0x00, 0x00, 0x00, 0x00,
  0x00, 0xb8, 0x3c, 0x00, 0x43, 0xb5, 0x00, 0x00, 0x00, 0x00, 0x00, 0x00,
  0x00, 0x00, 0x10, 0xbf, 0x78, 0xbd, 0x0a, 0x00, 0x00, 0x00, 0x00, 0x00,
  0x00, 0x00, 0x00, 0x00, 0x0e, 0x78, 0x09, 0x00, 0x00, 0x00, 0x00, 0x00,
  0x00, 0x00, 0x00, 0x00, 0x2c, 0x43, 0x08, 0x4e, 0x24, 0x00, 0x00, 0x00,
  0x00, 0x00, 0x00, 0x00, 0x4a, 0xb7, 0x8f, 0xe6, 0x87, 0xbc, 0x40, 0x00,
  0x00, 0x00, 0x00, 0x00, 0x00, 0xac, 0x06, 0x25, 0xff, 0x24, 0x10, 0xa7,
  0x00, 0x00, 0x00, 0x00, 0x00, 0x00, 0xa6, 0x0a, 0x05, 0x7f, 0x05, 0x0b,
  0xa7, 0x00, 0x00, 0x00, 0x00, 0x00, 0x00, 0x66, 0x7d, 0x00, 0x00, 0x00,
  0x80, 0x65, 0x00, 0x00, 0x00, 0x00, 0x00, 0x00, 0x00, 0xb8, 0x3c, 0x00,
  0x43, 0xb5, 0x00, 0x00, 0x00, 0x00, 0x00, 0x00, 0x00, 0x00, 0x10, 0xbf,
  0x78, 0xbd, 0x0a, 0x00, 0x00, 0x00, 0x00, 0x00, 0x00, 0x00, 0x00, 0x00,
  0x0e, 0x78, 0x09, 0x00, 0x00, 0x00, 0x00, 0x00, 0x00, 0x00, 0x00, 0x00,
  0x2c, 0x43, 0x08, 0x4e, 0x24, 0x00, 0x00, 0x00, 0x00, 0x00, 0x00, 0x00,
  0x4a, 0xb7, 0x8f, 0xe6, 0x87, 0xbc, 0x40, 0x00, 0x00, 0x00, 0x00, 0x00,
  0x00, 0xac, 0x06, 0x25, 0xff, 0x24, 0x10, 0xa7, 0x00, 0x00, 0x00, 0x00,
  0x00, 0x00, 0xa6, 0x0a, 0x05, 0x7f, 0x05, 0x0b, 0xa7, 0x00, 0x00, 0x00,
  0x00, 0x00, 0x00, 0x66, 0x7d, 0x00, 0x00, 0x00, 0x80, 0x65, 0x00, 0x00,
  0x00, 0x00, 0x00, 0x00, 0x00, 0xb8, 0x3c, 0x00, 0x43, 0xb5, 0x00, 0x00,
  0x00, 0x00, 0x00, 0x00, 0x00, 0x00, 0x10, 0xbf, 0x78, 0xbd, 0x0a, 0x00,
  0x00, 0x00, 0x00, 0x00, 0x00, 0x00, 0x00, 0x00, 0x0e, 0x78, 0x09, 0x00,
  0x00, 0x00, 0x00, 0x00, 0x00, 0x00, 0x00, 0x00, 0x2c, 0x43, 0x08, 0x4e,
  0x24, 0x00, 0x00, 0x00, 0x00, 0x00, 0x00, 0x00, 0x4a, 0xb7, 0x8f, 0xe6,
  0x87, 0xbc, 0x40, 0x00, 0x00, 0x00, 0x00, 0x00, 0x00, 0xac, 0x06, 0x25,
  0xff, 0x24, 0x10, 0xa7, 0x00, 0x00, 0x00, 0x00, 0x00, 0x00, 0xa6, 0x0a,
  0x05, 0x7f, 0x05, 0x0b, 0xa7, 0x00, 0x00, 0x00, 0x00, 0x00, 0x00, 0x66,
  0x7d, 0x00, 0x00, 0x00, 0x80, 0x65, 0x00, 0x00, 0x00, 0x00, 0x00, 0x00,
  0x00, 0xb8, 0x3c, 0x00, 0x43, 0xb5, 0x00, 0x00, 0x00, 0x00, 0x00, 0x00,
  0x00, 0x00, 0x10, 0xbf, 0x78, 0xbd, 0x0a, 0x00, 0x00, 0x00, 0x00, 0x00,
  0x00, 0x00, 0x00, 0x00, 0x0e, 0x78, 0x09, 0x00, 0x00, 0x00, 0x00, 0x00,
  0x00, 0x00, 0x00, 0x00, 0x2c, 0x43, 0x08, 0x4e, 0x24, 0x00, 0x00, 0x00,
  0x00, 0x00, 0x00, 0x00, 0x4a, 0xb7, 0x8f, 0xe6, 0x87, 0xbc, 0x40, 0x00,
  0x00, 0x00, 0x00, 0x00, 0x00, 0xac, 0x06, 0x25, 0xff, 0x24, 0x10, 0xa7,
  0x00, 0x00, 0x00, 0x00, 0x00, 0x00, 0xa6, 0x0a, 0x05, 0x7f, 0x05, 0x0b,
  0xa7, 0x00, 0x00, 0x00, 0x00, 0x00, 0x00, 0x66, 0x7d, 0x00, 0x00, 0x00,
  0x80, 0x65, 0x00, 0x00, 0x00, 0x00, 0x00, 0x00, 0x00, 0xb8, 0x3c, 0x00,
  0x43, 0xb5, 0x00, 0x00, 0x00, 0x00, 0x00, 0x00, 0x00, 0x00, 0x10, 0xbf,
  0x78, 0xbd, 0x0a, 0x00, 0x00, 0x00, 0x00, 0x00, 0x00, 0x00, 0x00, 0x00,
  0x0e, 0x78, 0x09, 0x00, 0x00, 0x00, 0x00, 0x00, 0x00, 0x00, 0x00, 0x00,
  0x2c, 0x43, 0x08, 0x4e, 0x24, 0x00, 0x00, 0x00, 0x00, 0x00, 0x00, 0x00,
  0x4a, 0xb7, 0x8f, 0xe6, 0x87, 0xbc, 0x40, 0x00, 0x00, 0x00, 0x00, 0x00,
  0x00, 0xac, 0x06, 0x25, 0xff, 0x24, 0x10, 0xa7, 0x00, 0x00, 0x00, 0x00,
  0x00, 0x00, 0xa6, 0x0a, 0x05, 0x7f, 0x05, 0x0b, 0xa7, 0x00, 0x00, 0x00,
  0x00, 0x00, 0x00, 0x66, 0x7d, 0x00, 0x00, 0x00, 0x80, 0x65, 0x00, 0x00,
  0x00, 0x00, 0x00, 0x00, 0x00, 0xb8, 0x3c, 0x00, 0x43, 0xb5, 0x00, 0x00,
  0x00, 0x00, 0x00, 0x00, 0x00, 0x00, 0x10, 0xbf, 0x78, 0xbd, 0x0a, 0x00,
  0x00, 0x00, 0x00, 0x00, 0x00, 0x00, 0x00, 0x00, 0x0e, 0x78, 0x09, 0x00,
  0x00, 0x00, 0x00, 0x00, 0x00, 0x00, 0x00, 0x00, 0x2c, 0x43, 0x08, 0x4e,
  0x24, 0x00, 0x00, 0x00, 0x00, 0x00, 0x00, 0x00, 0x4a, 0xb7, 0x8f, 0xe6,
  0x87, 0xbc, 0x40, 0x00, 0x00, 0x00, 0x00, 0x00, 0x00, 0xac, 0x06, 0x25,
  0xff, 0x24, 0x10, 0xa7, 0x00, 0x00, 0x00, 0x00, 0x00, 0x00, 0xa6, 0x0a,
  0x05, 0x7f, 0x05, 0x0b, 0xa7, 0x00, 0x00, 0x00, 0x00, 0x00, 0x00, 0x66,
  0x7d, 0x00, 0x00, 0x00, 0x80, 0x65, 0x00, 0x00, 0x00, 0x00, 0x00, 0x00,
  0x00, 0xb8, 0x3c, 0x00, 0x43, 0xb5, 0x00, 0x00, 0x00, 0x00, 0x00, 0x00,
  0x00, 0x00, 0x10, 0xbf, 0x78, 0xbd, 0x0a, 0x00, 0x00, 0x00, 0x00, 0x00,
  0x00, 0x00, 0x00, 0x00, 0x0e, 0x78, 0x09, 0x00, 0x00, 0x00, 0x00, 0x00,
  0x00, 0x00, 0x00, 0x00, 0x2c, 0x43, 0x08, 0x4e, 0x24, 0x00, 0x00, 0x00,
  0x00, 0x00, 0x00, 0x00, 0x4a, 0xb7, 0x8f, 0xe6, 0x87, 0xbc, 0x40, 0x00,
  0x00, 0x00, 0x00, 0x00, 0x00, 0xac, 0x06, 0x25, 0xff, 0x24, 0x10, 0xa7,
  0x00, 0x00, 0x00, 0x00, 0x00, 0x00, 0xa6, 0x0a, 0x05, 0x7f, 0x05, 0x0b,
  0xa7, 0x00, 0x00, 0x00, 0x00, 0x00, 0x00, 0x66, 0x7d, 0x00, 0x00, 0x00,
  0x80, 0x65, 0x00, 0x00, 0x00, 0x00, 0x00, 0x00, 0x00, 0xb8, 0x3c, 0x00,
  0x43, 0xb5, 0x00, 0x00, 0x00, 0x00, 0x00, 0x00, 0x00, 0x00, 0x10, 0xbf,
  0x78, 0xbd, 0x0a, 0x00, 0x00, 0x00, 0x00, 0x00, 0x00, 0x00, 0x00, 0x00,
  0x0e, 0x78, 0x09, 0x00, 0x00, 0x00, 0x00, 0x00, 0x00, 0x00, 0x00, 0x00,
  0x2c, 0x43, 0x08, 0x4e, 0x24, 0x00, 0x00, 0x00, 0x00, 0x00, 0x00, 0x00,
  0x4a, 0xb7, 0x8f, 0xe6, 0x87, 0xbc, 0x40, 0x00, 0x00, 0x00, 0x00, 0x00,
  0x00, 0xac, 0x06, 0x25, 0xff, 0x24, 0x10, 0xa7, 0x00, 0x00, 0x00, 0x00,
  0x00, 0x00, 0xa6, 0x0a, 0x05, 0x7f, 0x05, 0x0b, 0xa7, 0x00, 0x00, 0x00,
  0x00, 0x00, 0x00, 0x66, 0x7d, 0x00, 0x00, 0x00, 0x80, 0x65, 0x00, 0x00,
  0x00, 0x00, 0x00, 0x00, 0x00, 0xb8, 0x3c, 0x00, 0x43, 0xb5, 0x00, 0x00,
  0x00, 0x00, 0x00, 0x00, 0x00, 0x00, 0x10, 0xbf, 0x78, 0xbd, 0x0a, 0x00,
  0x00, 0x00, 0x00, 0x00, 0x00, 0x00, 0x00, 0x00, 0x0e, 0x78, 0x09, 0x00,
  0x00, 0x00, 0x00, 0x00
};
unsigned int bootanimation_end_len = 51688;
